Case_ID,Work_Order_ID,Account_ID,Site_Name,Case_Type,Priority,Status,Engineer_Assigned,Open_Date,Close_Date,Resolution_Time_Hours,SLA_Status,Curtailed_kWh,Revenue_Leakage_EUR,Resolution_Code,County
CASE-00001,WO-00001,ACC-004,Kildare Solar Park,Inverter Failure,Critical,In Progress,Niamh Walsh,2024-10-16 00:00:00,,,Breached,0.0,0.0,,South
CASE-00002,WO-00002,ACC-001,Fingal Wind Farm,Inverter Failure,High,Closed,Ciarán Murphy,2024-11-01 00:00:00,2024-11-01 11:52:06,11.87,Breached,0.0,0.0,Inverter Repaired,Wicklow
CASE-00003,WO-00003,ACC-009,Fingal Wind Farm,Turbine Fault,High,Escalated,Sinéad Byrne,2025-05-16 00:00:00,,,Breached,0.0,0.0,,Fingal
CASE-00004,WO-00004,ACC-008,Meath Wind Farm,Panel Soiling,Medium,Closed,Ciarán Murphy,2024-06-01 00:00:00,2024-06-01 07:35:13,7.59,Within SLA,530.09,45.06,Grid Reconnected,Meath
CASE-00005,WO-00005,ACC-008,Wicklow Solar Park,Meter Reading Issue,Medium,Escalated,Declan Ryan,2025-04-02 00:00:00,,,Breached,62.32,5.3,,Wicklow
CASE-00006,WO-00006,ACC-005,Meath Wind Farm,Sensor Dropout,Low,Closed,Sinéad Byrne,2025-05-10 00:00:00,2025-05-11 07:58:14,31.97,Within SLA,744.69,63.3,Grid Reconnected,Fingal
CASE-00007,WO-00007,ACC-004,Meath Wind Farm,Safety Inspection,Low,Open,Seán O'Brien,2024-12-19 00:00:00,,,Breached,0.0,0.0,,South
CASE-00008,WO-00008,ACC-018,South Dublin Wind Site,Safety Inspection,Low,Closed,Seán O'Brien,2024-12-06 00:00:00,2024-12-11 07:46:51,127.78,Breached,459.35,39.04,Meter Recalibrated,Fingal
CASE-00009,WO-00009,ACC-003,Fingal Wind Farm,Turbine Fault,Medium,Closed,Declan Ryan,2025-01-21 00:00:00,2025-01-23 00:02:42,48.05,Breached,0.0,0.0,Scheduled Maintenance Done,Meath
CASE-00010,WO-00010,ACC-019,Fingal Wind Farm,Panel Soiling,Critical,In Progress,Seán O'Brien,2025-04-11 00:00:00,,,Breached,389.3,33.09,,Kildare
CASE-00011,WO-00011,ACC-014,South Dublin Wind Site,Meter Reading Issue,High,Open,Declan Ryan,2024-11-25 00:00:00,,,Breached,473.73,40.27,,Meath
CASE-00012,WO-00012,ACC-002,Wicklow Solar Park,Sensor Dropout,High,In Progress,Niamh Walsh,2024-07-12 00:00:00,,,Breached,0.0,0.0,,South
CASE-00013,WO-00013,ACC-001,Wicklow Solar Park,Sensor Dropout,High,In Progress,Aoife Kelly,2024-09-01 00:00:00,,,Breached,370.33,31.48,,Kildare
CASE-00014,WO-00014,ACC-003,Fingal Wind Farm,Maintenance Request,Medium,In Progress,Ciarán Murphy,2025-01-27 00:00:00,,,Breached,0.0,0.0,,Fingal
CASE-00015,WO-00015,ACC-007,Meath Wind Farm,Maintenance Request,Medium,Closed,Declan Ryan,2024-08-27 00:00:00,2024-08-29 04:52:09,52.87,Breached,0.0,0.0,Pending Investigation,Meath
CASE-00016,WO-00016,ACC-008,Fingal Wind Farm,Turbine Fault,High,Closed,Sinéad Byrne,2025-02-24 00:00:00,2025-02-24 09:51:57,9.87,Breached,444.07,37.75,Sensor Replaced,South
CASE-00017,WO-00017,ACC-017,Fingal Wind Farm,Turbine Fault,High,Closed,Ciarán Murphy,2024-02-14 00:00:00,2024-02-14 04:13:44,4.23,Within SLA,0.0,0.0,,Fingal
CASE-00018,WO-00018,ACC-020,Fingal Wind Farm,Maintenance Request,Low,Open,Sinéad Byrne,2024-11-21 00:00:00,,,Breached,0.0,0.0,,Wicklow
CASE-00019,WO-00019,ACC-001,Wicklow Solar Park,Inverter Failure,High,Closed,Aoife Kelly,2025-04-29 00:00:00,2025-04-29 11:51:52,11.86,Breached,0.0,0.0,Scheduled Maintenance Done,South
CASE-00020,WO-00020,ACC-018,South Dublin Wind Site,Inverter Failure,Medium,Closed,Niamh Walsh,2025-01-25 00:00:00,2025-01-26 20:18:17,44.3,Breached,0.0,0.0,Sensor Replaced,South
CASE-00021,WO-00021,ACC-007,Meath Wind Farm,Grid Curtailment Complaint,Low,Closed,Niamh Walsh,2025-01-30 00:00:00,2025-02-06 08:14:01,176.23,Breached,657.62,55.9,Inverter Repaired,Wicklow
CASE-00022,WO-00022,ACC-018,South Dublin Wind Site,Panel Soiling,Medium,Open,Niamh Walsh,2024-06-04 00:00:00,,,Breached,140.94,11.98,,Wicklow
CASE-00023,WO-00023,ACC-014,Wicklow Solar Park,Safety Inspection,Medium,Escalated,Sinéad Byrne,2025-05-22 00:00:00,,,Breached,764.71,65.0,,Fingal
CASE-00024,WO-00024,ACC-008,Wicklow Solar Park,Grid Curtailment Complaint,Medium,In Progress,Sinéad Byrne,2024-02-07 00:00:00,,,Breached,55.69,4.73,,South
CASE-00025,WO-00025,ACC-015,Kildare Solar Park,Grid Curtailment Complaint,Medium,Escalated,Aoife Kelly,2024-05-09 00:00:00,,,Breached,87.0,7.4,,Meath
CASE-00026,WO-00026,ACC-019,Wicklow Solar Park,Safety Inspection,High,Open,Seán O'Brien,2025-05-29 00:00:00,,,Breached,0.0,0.0,,Wicklow
CASE-00027,WO-00027,ACC-009,Meath Wind Farm,Grid Curtailment Complaint,High,Closed,Niamh Walsh,2024-12-05 00:00:00,2024-12-05 16:02:37,16.04,Breached,651.25,55.36,Firmware Updated,Wicklow
CASE-00028,WO-00028,ACC-001,Meath Wind Farm,Grid Curtailment Complaint,Medium,Closed,Aoife Kelly,2024-04-12 00:00:00,2024-04-13 17:20:18,41.34,Breached,0.0,0.0,Inverter Repaired,South
CASE-00029,WO-00029,ACC-006,South Dublin Wind Site,Sensor Dropout,High,Open,Ciarán Murphy,2025-03-26 00:00:00,,,Breached,0.0,0.0,,Kildare
CASE-00030,WO-00030,ACC-014,Wicklow Solar Park,Turbine Fault,Low,Closed,Niamh Walsh,2024-04-12 00:00:00,2024-04-19 02:27:23,170.46,Breached,617.07,52.45,Meter Recalibrated,Wicklow
CASE-00031,WO-00031,ACC-011,Fingal Wind Farm,Maintenance Request,High,Closed,Seán O'Brien,2025-06-22 00:00:00,2025-06-22 15:32:43,15.55,Breached,0.0,0.0,Inverter Repaired,Kildare
CASE-00032,WO-00032,ACC-009,Fingal Wind Farm,Meter Reading Issue,High,Escalated,Sinéad Byrne,2025-04-12 00:00:00,,,Breached,303.13,25.77,,Kildare
CASE-00033,WO-00033,ACC-005,Meath Wind Farm,Safety Inspection,High,Closed,Ciarán Murphy,2024-01-16 00:00:00,2024-01-16 05:06:21,5.11,Within SLA,0.0,0.0,Meter Recalibrated,South
CASE-00034,WO-00034,ACC-007,South Dublin Wind Site,Turbine Fault,Medium,In Progress,Ciarán Murphy,2024-05-27 00:00:00,,,Breached,395.44,33.61,,Meath
CASE-00035,WO-00035,ACC-011,Wicklow Solar Park,Meter Reading Issue,High,Closed,Niamh Walsh,2025-02-23 00:00:00,2025-02-23 10:28:56,10.48,Breached,0.0,0.0,Scheduled Maintenance Done,South
CASE-00036,WO-00036,ACC-004,Wicklow Solar Park,Meter Reading Issue,High,Open,Ciarán Murphy,2024-06-07 00:00:00,,,Breached,0.0,0.0,,Wicklow
CASE-00037,WO-00037,ACC-003,Kildare Solar Park,Sensor Dropout,Low,Open,Declan Ryan,2024-03-17 00:00:00,,,Breached,0.0,0.0,,Kildare
CASE-00038,WO-00038,ACC-013,Fingal Wind Farm,Grid Curtailment Complaint,Low,Open,Seán O'Brien,2025-04-25 00:00:00,,,Breached,528.13,44.89,,Kildare
CASE-00039,WO-00039,ACC-004,Kildare Solar Park,Safety Inspection,High,Closed,Aoife Kelly,2024-09-28 00:00:00,2024-09-28 08:14:17,8.24,Breached,0.0,0.0,Grid Reconnected,Wicklow
CASE-00040,WO-00040,ACC-012,Fingal Wind Farm,Maintenance Request,High,Open,Ciarán Murphy,2024-12-12 00:00:00,,,Breached,0.0,0.0,,Fingal
CASE-00041,WO-00041,ACC-012,Meath Wind Farm,Inverter Failure,Medium,Closed,Sinéad Byrne,2025-02-11 00:00:00,2025-02-11 11:49:15,11.82,Within SLA,0.0,0.0,Meter Recalibrated,Fingal
CASE-00042,WO-00042,ACC-020,Fingal Wind Farm,Turbine Fault,Medium,In Progress,Aoife Kelly,2024-03-23 00:00:00,,,Breached,72.43,6.16,,Wicklow
CASE-00043,WO-00043,ACC-009,Kildare Solar Park,Maintenance Request,Low,Closed,Aoife Kelly,2024-12-02 00:00:00,2024-12-03 06:11:45,30.2,Within SLA,653.63,55.56,Sensor Replaced,Meath
CASE-00044,WO-00044,ACC-002,Wicklow Solar Park,Meter Reading Issue,Low,In Progress,Niamh Walsh,2025-06-30 00:00:00,,,Within SLA,0.0,0.0,,South
CASE-00045,WO-00045,ACC-015,Meath Wind Farm,Sensor Dropout,Low,In Progress,Ciarán Murphy,2025-01-24 00:00:00,,,Breached,0.0,0.0,,Fingal
CASE-00046,WO-00046,ACC-018,Kildare Solar Park,Safety Inspection,Low,In Progress,Ciarán Murphy,2024-11-20 00:00:00,,,Breached,709.81,60.33,,South
CASE-00047,WO-00047,ACC-004,Wicklow Solar Park,Grid Curtailment Complaint,High,Closed,Niamh Walsh,2025-05-14 00:00:00,2025-05-14 16:22:41,16.38,Breached,0.0,0.0,Panel Cleaned,Meath
CASE-00048,WO-00048,ACC-013,Wicklow Solar Park,Turbine Fault,High,Closed,Aoife Kelly,2024-02-06 00:00:00,2024-02-06 12:13:20,12.22,Breached,0.0,0.0,Sensor Replaced,South
CASE-00049,WO-00049,ACC-003,Kildare Solar Park,Safety Inspection,Medium,Closed,Sinéad Byrne,2024-03-11 00:00:00,2024-03-12 13:33:28,37.56,Breached,0.0,0.0,Sensor Replaced,Wicklow
CASE-00050,WO-00050,ACC-018,Fingal Wind Farm,Meter Reading Issue,High,In Progress,Seán O'Brien,2024-08-28 00:00:00,,,Breached,0.0,0.0,,Fingal
CASE-00051,WO-00051,ACC-010,Wicklow Solar Park,Safety Inspection,Medium,In Progress,Ciarán Murphy,2024-10-21 00:00:00,,,Breached,0.0,0.0,,Fingal
CASE-00052,WO-00052,ACC-020,Wicklow Solar Park,Panel Soiling,High,Open,Ciarán Murphy,2024-08-20 00:00:00,,,Breached,0.0,0.0,,Kildare
CASE-00053,WO-00053,ACC-012,South Dublin Wind Site,Meter Reading Issue,Medium,In Progress,Niamh Walsh,2024-04-02 00:00:00,,,Breached,722.6,61.42,,South
CASE-00054,WO-00054,ACC-019,Meath Wind Farm,Meter Reading Issue,High,Closed,Seán O'Brien,2025-03-20 00:00:00,2025-03-20 06:24:23,6.41,Within SLA,0.0,0.0,Sensor Replaced,Fingal
CASE-00055,WO-00055,ACC-007,Fingal Wind Farm,Safety Inspection,Medium,Closed,Ciarán Murphy,2024-04-10 00:00:00,2024-04-10 20:51:23,20.86,Within SLA,0.0,0.0,Meter Recalibrated,Kildare
CASE-00056,WO-00056,ACC-003,Wicklow Solar Park,Grid Curtailment Complaint,Low,Open,Sinéad Byrne,2024-04-12 00:00:00,,,Breached,508.91,43.26,,Kildare
CASE-00057,WO-00057,ACC-002,Fingal Wind Farm,Inverter Failure,Medium,Open,Sinéad Byrne,2025-03-30 00:00:00,,,Breached,0.15,0.01,,Fingal
CASE-00058,WO-00058,ACC-008,Wicklow Solar Park,Turbine Fault,High,Escalated,Ciarán Murphy,2024-06-19 00:00:00,,,Breached,0.0,0.0,,Fingal
CASE-00059,WO-00059,ACC-010,Kildare Solar Park,Meter Reading Issue,Medium,In Progress,Aoife Kelly,2024-11-02 00:00:00,,,Breached,0.0,0.0,,Wicklow
CASE-00060,WO-00060,ACC-003,Meath Wind Farm,Panel Soiling,Medium,Escalated,Seán O'Brien,2024-01-30 00:00:00,,,Breached,117.38,9.98,,Kildare
CASE-00061,WO-00061,ACC-008,Kildare Solar Park,Turbine Fault,High,Closed,Declan Ryan,2024-02-17 00:00:00,2024-02-17 09:13:45,9.23,Breached,119.37,10.15,Grid Reconnected,Meath
CASE-00062,WO-00062,ACC-004,South Dublin Wind Site,Turbine Fault,Medium,In Progress,Seán O'Brien,2024-11-28 00:00:00,,,Breached,0.0,0.0,,Kildare
CASE-00063,WO-00063,ACC-013,Wicklow Solar Park,Safety Inspection,Medium,In Progress,Niamh Walsh,2024-02-27 00:00:00,,,Breached,425.0,36.12,,South
CASE-00064,WO-00064,ACC-009,Fingal Wind Farm,Sensor Dropout,Medium,In Progress,Sinéad Byrne,2024-10-27 00:00:00,,,Breached,0.0,0.0,,Wicklow
CASE-00065,WO-00065,ACC-015,Wicklow Solar Park,Sensor Dropout,Critical,Open,Niamh Walsh,2025-01-02 00:00:00,,,Breached,0.0,0.0,,Fingal
CASE-00066,WO-00066,ACC-012,South Dublin Wind Site,Inverter Failure,Medium,Open,Niamh Walsh,2025-01-18 00:00:00,,,Breached,0.0,0.0,,Fingal
CASE-00067,WO-00067,ACC-006,Fingal Wind Farm,Safety Inspection,Medium,Closed,Declan Ryan,2025-03-17 00:00:00,2025-03-18 16:28:31,40.48,Breached,0.0,0.0,Inverter Repaired,Meath
CASE-00068,WO-00068,ACC-012,Wicklow Solar Park,Maintenance Request,High,Closed,Aoife Kelly,2024-05-29 00:00:00,2024-05-29 10:01:16,10.02,Breached,0.0,0.0,Pending Investigation,Fingal
CASE-00069,WO-00069,ACC-012,Meath Wind Farm,Turbine Fault,Low,Closed,Ciarán Murphy,2024-09-07 00:00:00,2024-09-08 00:16:31,24.28,Within SLA,0.0,0.0,Inverter Repaired,South
CASE-00070,WO-00070,ACC-007,Fingal Wind Farm,Maintenance Request,Critical,Open,Ciarán Murphy,2025-06-27 00:00:00,,,Breached,0.0,0.0,,Meath
CASE-00071,WO-00071,ACC-009,South Dublin Wind Site,Inverter Failure,Medium,Closed,Ciarán Murphy,2025-02-25 00:00:00,2025-02-26 18:45:00,42.75,Breached,0.0,0.0,Firmware Updated,South
CASE-00072,WO-00072,ACC-003,Wicklow Solar Park,Maintenance Request,Low,In Progress,Seán O'Brien,2024-07-03 00:00:00,,,Breached,0.0,0.0,,South
CASE-00073,WO-00073,ACC-020,Meath Wind Farm,Panel Soiling,Medium,Open,Declan Ryan,2024-06-23 00:00:00,,,Breached,311.99,26.52,,Fingal
CASE-00074,WO-00074,ACC-006,Kildare Solar Park,Maintenance Request,Low,In Progress,Niamh Walsh,2024-06-28 00:00:00,,,Breached,462.35,39.3,,Kildare
CASE-00075,WO-00075,ACC-018,Fingal Wind Farm,Meter Reading Issue,Low,In Progress,Sinéad Byrne,2024-03-21 00:00:00,,,Breached,0.0,0.0,,South
CASE-00076,WO-00076,ACC-008,Wicklow Solar Park,Turbine Fault,Medium,Escalated,Sinéad Byrne,2025-01-26 00:00:00,,,Breached,0.0,0.0,,South
CASE-00077,WO-00077,ACC-006,Kildare Solar Park,Sensor Dropout,High,Closed,Seán O'Brien,2024-09-03 00:00:00,2024-09-03 11:48:47,11.81,Breached,0.0,0.0,Scheduled Maintenance Done,Kildare
CASE-00078,WO-00078,ACC-015,Wicklow Solar Park,Sensor Dropout,Low,In Progress,Niamh Walsh,2025-05-24 00:00:00,,,Breached,156.53,13.31,,Wicklow
CASE-00079,WO-00079,ACC-013,Kildare Solar Park,Maintenance Request,High,Closed,Declan Ryan,2024-05-26 00:00:00,2024-05-26 13:41:20,13.69,Breached,0.0,0.0,Panel Cleaned,Meath
CASE-00080,WO-00080,ACC-009,Fingal Wind Farm,Panel Soiling,Medium,Open,Aoife Kelly,2024-08-25 00:00:00,,,Breached,545.21,46.34,,Kildare
CASE-00081,WO-00081,ACC-018,Wicklow Solar Park,Meter Reading Issue,Low,In Progress,Sinéad Byrne,2025-04-17 00:00:00,,,Breached,253.28,21.53,,South
CASE-00082,WO-00082,ACC-008,South Dublin Wind Site,Inverter Failure,Critical,Escalated,Seán O'Brien,2024-09-17 00:00:00,,,Breached,456.22,38.78,,Wicklow
CASE-00083,WO-00083,ACC-011,Kildare Solar Park,Meter Reading Issue,Medium,Closed,Declan Ryan,2025-04-15 00:00:00,2025-04-16 15:50:55,39.85,Breached,0.0,0.0,Inverter Repaired,Wicklow
CASE-00084,WO-00084,ACC-002,Kildare Solar Park,Maintenance Request,Medium,In Progress,Declan Ryan,2024-09-18 00:00:00,,,Breached,0.0,0.0,,Wicklow
CASE-00085,WO-00085,ACC-008,Meath Wind Farm,Grid Curtailment Complaint,Medium,Escalated,Aoife Kelly,2024-01-10 00:00:00,,,Breached,0.0,0.0,,Wicklow
CASE-00086,WO-00086,ACC-002,Meath Wind Farm,Sensor Dropout,Low,Closed,Niamh Walsh,2025-04-21 00:00:00,2025-04-26 21:20:38,141.34,Breached,0.0,0.0,Pending Investigation,Kildare
CASE-00087,WO-00087,ACC-011,South Dublin Wind Site,Safety Inspection,Low,Open,Declan Ryan,2024-10-21 00:00:00,,,Breached,0.0,0.0,,South
CASE-00088,WO-00088,ACC-013,Fingal Wind Farm,Sensor Dropout,High,Open,Aoife Kelly,2024-06-10 00:00:00,,,Breached,0.0,0.0,,Fingal
CASE-00089,WO-00089,ACC-009,South Dublin Wind Site,Grid Curtailment Complaint,Low,Closed,Aoife Kelly,2024-03-16 00:00:00,2024-03-20 18:21:37,114.36,Breached,0.0,0.0,Meter Recalibrated,South
CASE-00090,WO-00090,ACC-003,Meath Wind Farm,Sensor Dropout,High,Closed,Sinéad Byrne,2025-03-28 00:00:00,2025-03-28 14:44:07,14.74,Breached,0.0,0.0,Meter Recalibrated,Kildare
CASE-00091,WO-00091,ACC-007,Kildare Solar Park,Maintenance Request,Low,Open,Declan Ryan,2024-12-19 00:00:00,,,Breached,730.56,62.1,,Fingal
CASE-00092,WO-00092,ACC-019,Fingal Wind Farm,Maintenance Request,Low,Closed,Seán O'Brien,2024-11-02 00:00:00,2024-11-03 09:05:53,33.1,Within SLA,0.0,0.0,Inverter Repaired,Kildare
CASE-00093,WO-00093,ACC-011,Wicklow Solar Park,Grid Curtailment Complaint,Medium,In Progress,Sinéad Byrne,2025-03-10 00:00:00,,,Breached,0.0,0.0,,Fingal
CASE-00094,WO-00094,ACC-007,Wicklow Solar Park,Sensor Dropout,Medium,Closed,Aoife Kelly,2024-09-13 00:00:00,2024-09-15 08:12:03,56.2,Breached,243.64,20.71,Firmware Updated,Kildare
CASE-00095,WO-00095,ACC-016,South Dublin Wind Site,Sensor Dropout,Low,Closed,Niamh Walsh,2025-04-12 00:00:00,2025-04-13 14:24:42,38.41,Within SLA,754.67,64.15,Firmware Updated,Meath
CASE-00096,WO-00096,ACC-013,Kildare Solar Park,Turbine Fault,Low,Closed,Seán O'Brien,2024-11-05 00:00:00,2024-11-11 02:14:37,146.24,Breached,0.0,0.0,Sensor Replaced,Fingal
CASE-00097,WO-00097,ACC-015,Fingal Wind Farm,Panel Soiling,Low,In Progress,Sinéad Byrne,2024-07-22 00:00:00,,,Breached,0.0,0.0,,Meath
CASE-00098,WO-00098,ACC-005,Wicklow Solar Park,Sensor Dropout,Low,Closed,Aoife Kelly,2025-01-28 00:00:00,2025-01-30 21:20:02,69.33,Within SLA,0.0,0.0,,Wicklow
CASE-00099,WO-00099,ACC-009,Fingal Wind Farm,Inverter Failure,Critical,Open,Sinéad Byrne,2025-05-09 00:00:00,,,Breached,0.0,0.0,,South
CASE-00100,WO-00100,ACC-005,Fingal Wind Farm,Meter Reading Issue,Medium,Open,Aoife Kelly,2024-04-19 00:00:00,,,Breached,347.78,29.56,,Meath
CASE-00101,WO-00101,ACC-008,South Dublin Wind Site,Inverter Failure,High,Closed,Niamh Walsh,2024-08-30 00:00:00,2024-08-30 03:55:20,3.92,Within SLA,786.06,66.82,Panel Cleaned,Fingal
CASE-00102,WO-00102,ACC-018,Meath Wind Farm,Sensor Dropout,Low,In Progress,Aoife Kelly,2025-01-25 00:00:00,,,Breached,275.41,23.41,,Wicklow
CASE-00103,WO-00103,ACC-018,Fingal Wind Farm,Meter Reading Issue,High,Open,Sinéad Byrne,2025-01-02 00:00:00,,,Breached,71.43,6.07,,South
CASE-00104,WO-00104,ACC-009,Kildare Solar Park,Grid Curtailment Complaint,Low,Closed,Declan Ryan,2024-10-29 00:00:00,2024-11-03 22:49:09,142.82,Breached,0.0,0.0,Meter Recalibrated,South
CASE-00105,WO-00105,ACC-019,South Dublin Wind Site,Panel Soiling,Medium,Closed,Declan Ryan,2024-10-29 00:00:00,2024-10-30 06:18:33,30.31,Breached,6.5,0.55,Meter Recalibrated,Wicklow
CASE-00106,WO-00106,ACC-014,Wicklow Solar Park,Sensor Dropout,Medium,In Progress,Aoife Kelly,2024-01-23 00:00:00,,,Breached,789.14,67.08,,Fingal
CASE-00107,WO-00107,ACC-019,Wicklow Solar Park,Safety Inspection,Low,Open,Seán O'Brien,2025-02-09 00:00:00,,,Breached,0.0,0.0,,Kildare
CASE-00108,WO-00108,ACC-013,Wicklow Solar Park,Sensor Dropout,Low,Escalated,Sinéad Byrne,2024-10-08 00:00:00,,,Breached,0.0,0.0,,Kildare
CASE-00109,WO-00109,ACC-012,Wicklow Solar Park,Inverter Failure,Medium,Open,Niamh Walsh,2024-01-09 00:00:00,,,Breached,323.36,27.49,,South
CASE-00110,WO-00110,ACC-008,Fingal Wind Farm,Inverter Failure,High,Closed,Sinéad Byrne,2024-02-20 00:00:00,2024-02-20 09:21:14,9.35,Breached,0.0,0.0,Meter Recalibrated,Meath
CASE-00111,WO-00111,ACC-005,South Dublin Wind Site,Safety Inspection,High,Closed,Ciarán Murphy,2025-05-23 00:00:00,2025-05-23 14:01:43,14.03,Breached,102.04,8.67,,Wicklow
CASE-00112,WO-00112,ACC-017,South Dublin Wind Site,Maintenance Request,High,In Progress,Ciarán Murphy,2024-10-20 00:00:00,,,Breached,0.0,0.0,,Meath
CASE-00113,WO-00113,ACC-016,Fingal Wind Farm,Grid Curtailment Complaint,Medium,Open,Declan Ryan,2024-08-23 00:00:00,,,Breached,0.0,0.0,,Kildare
CASE-00114,WO-00114,ACC-003,South Dublin Wind Site,Panel Soiling,High,Closed,Aoife Kelly,2024-12-26 00:00:00,2024-12-26 10:44:31,10.74,Breached,0.0,0.0,Meter Recalibrated,Fingal
CASE-00115,WO-00115,ACC-002,Meath Wind Farm,Turbine Fault,High,Open,Seán O'Brien,2024-08-12 00:00:00,,,Breached,235.35,20.0,,Fingal
CASE-00116,WO-00116,ACC-004,South Dublin Wind Site,Turbine Fault,Medium,In Progress,Aoife Kelly,2024-07-13 00:00:00,,,Breached,0.0,0.0,,Meath
CASE-00117,WO-00117,ACC-005,Meath Wind Farm,Turbine Fault,Low,Open,Niamh Walsh,2024-09-13 00:00:00,,,Breached,0.0,0.0,,Wicklow
CASE-00118,WO-00118,ACC-006,South Dublin Wind Site,Turbine Fault,Medium,In Progress,Seán O'Brien,2024-05-20 00:00:00,,,Breached,295.38,25.11,,Kildare
CASE-00119,WO-00119,ACC-014,Kildare Solar Park,Sensor Dropout,Low,Closed,Ciarán Murphy,2024-04-09 00:00:00,2024-04-13 10:06:04,106.1,Breached,0.0,0.0,Grid Reconnected,Fingal
CASE-00120,WO-00120,ACC-020,Wicklow Solar Park,Turbine Fault,High,Open,Declan Ryan,2024-02-10 00:00:00,,,Breached,439.11,37.32,,Wicklow
CASE-00121,WO-00121,ACC-003,Wicklow Solar Park,Meter Reading Issue,Low,Closed,Declan Ryan,2024-11-12 00:00:00,2024-11-13 19:12:10,43.2,Within SLA,0.0,0.0,Inverter Repaired,Kildare
CASE-00122,WO-00122,ACC-013,Kildare Solar Park,Grid Curtailment Complaint,Low,In Progress,Seán O'Brien,2025-03-27 00:00:00,,,Breached,0.0,0.0,,South
CASE-00123,WO-00123,ACC-013,Kildare Solar Park,Panel Soiling,Low,In Progress,Declan Ryan,2024-02-04 00:00:00,,,Breached,0.0,0.0,,Kildare
CASE-00124,WO-00124,ACC-020,Meath Wind Farm,Panel Soiling,Medium,In Progress,Sinéad Byrne,2025-01-08 00:00:00,,,Breached,0.0,0.0,,Meath
CASE-00125,WO-00125,ACC-015,South Dublin Wind Site,Turbine Fault,Critical,Closed,Seán O'Brien,2024-05-14 00:00:00,2024-05-14 04:38:26,4.64,Breached,0.0,0.0,Grid Reconnected,Meath
CASE-00126,WO-00126,ACC-017,Meath Wind Farm,Grid Curtailment Complaint,Medium,Open,Ciarán Murphy,2024-04-02 00:00:00,,,Breached,42.5,3.61,,Fingal
CASE-00127,WO-00127,ACC-009,Fingal Wind Farm,Turbine Fault,High,In Progress,Ciarán Murphy,2024-10-29 00:00:00,,,Breached,0.0,0.0,,South
CASE-00128,WO-00128,ACC-018,Meath Wind Farm,Meter Reading Issue,High,Open,Sinéad Byrne,2024-11-30 00:00:00,,,Breached,0.0,0.0,,South
CASE-00129,WO-00129,ACC-001,Fingal Wind Farm,Inverter Failure,High,Open,Aoife Kelly,2025-03-01 00:00:00,,,Breached,0.0,0.0,,Wicklow
CASE-00130,WO-00130,ACC-004,South Dublin Wind Site,Inverter Failure,High,Closed,Declan Ryan,2024-06-28 00:00:00,2024-06-28 16:26:08,16.44,Breached,0.0,0.0,Scheduled Maintenance Done,Kildare
CASE-00131,WO-00131,ACC-018,Fingal Wind Farm,Sensor Dropout,High,Escalated,Seán O'Brien,2024-07-24 00:00:00,,,Breached,562.68,47.83,,Wicklow
CASE-00132,WO-00132,ACC-009,Meath Wind Farm,Turbine Fault,High,Closed,Ciarán Murphy,2024-05-15 00:00:00,2024-05-15 12:00:17,12.0,Breached,656.6,55.81,Firmware Updated,Fingal
CASE-00133,WO-00133,ACC-011,Wicklow Solar Park,Safety Inspection,Low,Closed,Niamh Walsh,2025-01-09 00:00:00,2025-01-16 05:41:06,173.69,Breached,0.0,0.0,Firmware Updated,Fingal
CASE-00134,WO-00134,ACC-004,Fingal Wind Farm,Panel Soiling,Low,Closed,Aoife Kelly,2025-06-27 00:00:00,2025-06-28 20:25:17,44.42,Within SLA,0.0,0.0,Panel Cleaned,Meath
CASE-00135,WO-00135,ACC-010,Meath Wind Farm,Grid Curtailment Complaint,High,Closed,Sinéad Byrne,2025-05-28 00:00:00,2025-05-28 14:19:13,14.32,Breached,287.4,24.43,Firmware Updated,Kildare
CASE-00136,WO-00136,ACC-014,Meath Wind Farm,Sensor Dropout,Medium,Closed,Ciarán Murphy,2024-10-06 00:00:00,2024-10-08 07:28:05,55.47,Breached,689.0,58.57,Sensor Replaced,Wicklow
CASE-00137,WO-00137,ACC-006,Wicklow Solar Park,Meter Reading Issue,Critical,In Progress,Declan Ryan,2024-06-17 00:00:00,,,Breached,0.0,0.0,,South
CASE-00138,WO-00138,ACC-015,South Dublin Wind Site,Grid Curtailment Complaint,Medium,Escalated,Sinéad Byrne,2024-09-20 00:00:00,,,Breached,0.0,0.0,,Meath
CASE-00139,WO-00139,ACC-001,Meath Wind Farm,Panel Soiling,Medium,Escalated,Aoife Kelly,2025-05-08 00:00:00,,,Breached,0.0,0.0,,Wicklow
CASE-00140,WO-00140,ACC-009,Kildare Solar Park,Safety Inspection,Critical,Closed,Ciarán Murphy,2024-10-29 00:00:00,2024-10-29 08:11:46,8.2,Breached,692.54,58.87,Grid Reconnected,Kildare
CASE-00141,WO-00141,ACC-017,Meath Wind Farm,Maintenance Request,High,Escalated,Ciarán Murphy,2024-12-12 00:00:00,,,Breached,0.0,0.0,,South
CASE-00142,WO-00142,ACC-006,Fingal Wind Farm,Inverter Failure,High,In Progress,Aoife Kelly,2024-04-27 00:00:00,,,Breached,0.0,0.0,,Fingal
CASE-00143,WO-00143,ACC-017,Wicklow Solar Park,Inverter Failure,Medium,Open,Niamh Walsh,2025-04-24 00:00:00,,,Breached,0.0,0.0,,South
CASE-00144,WO-00144,ACC-004,South Dublin Wind Site,Meter Reading Issue,Medium,In Progress,Seán O'Brien,2024-03-18 00:00:00,,,Breached,0.0,0.0,,Kildare
CASE-00145,WO-00145,ACC-010,Fingal Wind Farm,Grid Curtailment Complaint,Low,In Progress,Ciarán Murphy,2024-05-24 00:00:00,,,Breached,0.0,0.0,,Wicklow
CASE-00146,WO-00146,ACC-017,Kildare Solar Park,Maintenance Request,Medium,Closed,Declan Ryan,2024-08-19 00:00:00,2024-08-20 21:42:30,45.71,Breached,188.19,16.0,Grid Reconnected,Fingal
CASE-00147,WO-00147,ACC-020,Wicklow Solar Park,Turbine Fault,High,Closed,Declan Ryan,2025-02-10 00:00:00,2025-02-10 08:58:01,8.97,Breached,0.0,0.0,Pending Investigation,Kildare
CASE-00148,WO-00148,ACC-007,Fingal Wind Farm,Grid Curtailment Complaint,High,Open,Ciarán Murphy,2025-01-09 00:00:00,,,Breached,0.0,0.0,,Meath
CASE-00149,WO-00149,ACC-005,Meath Wind Farm,Turbine Fault,Low,Closed,Seán O'Brien,2024-04-02 00:00:00,2024-04-09 03:59:42,172.0,Breached,0.0,0.0,Firmware Updated,Meath
CASE-00150,WO-00150,ACC-012,Kildare Solar Park,Turbine Fault,High,Escalated,Aoife Kelly,2025-02-08 00:00:00,,,Breached,0.0,0.0,,Wicklow
CASE-00151,WO-00151,ACC-006,Wicklow Solar Park,Inverter Failure,Medium,Closed,Ciarán Murphy,2024-01-15 00:00:00,2024-01-16 12:25:33,36.43,Breached,561.78,47.75,Firmware Updated,Fingal
CASE-00152,WO-00152,ACC-018,South Dublin Wind Site,Sensor Dropout,High,Closed,Declan Ryan,2024-09-27 00:00:00,2024-09-27 12:10:09,12.17,Breached,0.0,0.0,,Wicklow
CASE-00153,WO-00153,ACC-017,Wicklow Solar Park,Meter Reading Issue,High,Closed,Aoife Kelly,2024-05-06 00:00:00,2024-05-06 04:34:08,4.57,Within SLA,0.0,0.0,Meter Recalibrated,Kildare
CASE-00154,WO-00154,ACC-001,Fingal Wind Farm,Maintenance Request,High,Open,Declan Ryan,2025-04-10 00:00:00,,,Breached,0.0,0.0,,Wicklow
CASE-00155,WO-00155,ACC-020,Meath Wind Farm,Safety Inspection,Medium,Closed,Sinéad Byrne,2025-01-12 00:00:00,2025-01-12 07:27:56,7.47,Within SLA,315.41,26.81,Inverter Repaired,Kildare
CASE-00156,WO-00156,ACC-011,Wicklow Solar Park,Grid Curtailment Complaint,Medium,In Progress,Declan Ryan,2024-09-25 00:00:00,,,Breached,0.0,0.0,,Fingal
CASE-00157,WO-00157,ACC-016,South Dublin Wind Site,Sensor Dropout,Medium,Closed,Niamh Walsh,2025-01-25 00:00:00,2025-01-26 14:42:12,38.7,Breached,0.0,0.0,Pending Investigation,Wicklow
CASE-00158,WO-00158,ACC-001,Meath Wind Farm,Grid Curtailment Complaint,Medium,Closed,Declan Ryan,2025-01-15 00:00:00,2025-01-16 11:33:41,35.56,Breached,254.5,21.63,Grid Reconnected,Meath
CASE-00159,WO-00159,ACC-004,Wicklow Solar Park,Safety Inspection,Medium,Open,Sinéad Byrne,2024-04-20 00:00:00,,,Breached,306.23,26.03,,Fingal
CASE-00160,WO-00160,ACC-012,Kildare Solar Park,Panel Soiling,Medium,Closed,Seán O'Brien,2024-08-27 00:00:00,2024-08-29 09:12:01,57.2,Breached,0.0,0.0,,Wicklow
CASE-00161,WO-00161,ACC-010,Meath Wind Farm,Meter Reading Issue,Medium,In Progress,Aoife Kelly,2025-04-27 00:00:00,,,Breached,0.0,0.0,,Wicklow
CASE-00162,WO-00162,ACC-008,Wicklow Solar Park,Meter Reading Issue,High,Closed,Ciarán Murphy,2024-01-26 00:00:00,2024-01-26 07:45:45,7.76,Within SLA,305.25,25.95,Panel Cleaned,Kildare
CASE-00163,WO-00163,ACC-002,South Dublin Wind Site,Sensor Dropout,High,Closed,Ciarán Murphy,2024-12-01 00:00:00,2024-12-01 15:34:12,15.57,Breached,0.0,0.0,Sensor Replaced,South
CASE-00164,WO-00164,ACC-008,Fingal Wind Farm,Panel Soiling,Low,In Progress,Declan Ryan,2024-08-14 00:00:00,,,Breached,436.1,37.07,,South
CASE-00165,WO-00165,ACC-019,South Dublin Wind Site,Inverter Failure,Low,Closed,Declan Ryan,2024-03-05 00:00:00,2024-03-11 20:43:18,164.72,Breached,0.0,0.0,Panel Cleaned,Wicklow
CASE-00166,WO-00166,ACC-003,Kildare Solar Park,Turbine Fault,Critical,Closed,Sinéad Byrne,2025-04-20 00:00:00,2025-04-20 04:13:33,4.23,Breached,0.0,0.0,Grid Reconnected,Wicklow
CASE-00167,WO-00167,ACC-003,Fingal Wind Farm,Turbine Fault,Medium,Open,Seán O'Brien,2024-11-05 00:00:00,,,Breached,0.0,0.0,,Kildare
CASE-00168,WO-00168,ACC-016,Meath Wind Farm,Turbine Fault,Medium,Closed,Aoife Kelly,2025-02-22 00:00:00,2025-02-23 04:59:17,28.99,Breached,0.0,0.0,Scheduled Maintenance Done,Fingal
CASE-00169,WO-00169,ACC-003,Kildare Solar Park,Safety Inspection,Critical,Closed,Ciarán Murphy,2024-04-29 00:00:00,2024-04-29 06:53:03,6.88,Breached,0.0,0.0,,Meath
CASE-00170,WO-00170,ACC-018,South Dublin Wind Site,Maintenance Request,Medium,Closed,Seán O'Brien,2024-05-23 00:00:00,2024-05-24 10:15:46,34.26,Breached,529.99,45.05,Inverter Repaired,Fingal
CASE-00171,WO-00171,ACC-005,Meath Wind Farm,Inverter Failure,Critical,Closed,Sinéad Byrne,2024-02-16 00:00:00,2024-02-16 02:36:59,2.62,Within SLA,0.0,0.0,,South
CASE-00172,WO-00172,ACC-005,Wicklow Solar Park,Meter Reading Issue,Medium,Open,Seán O'Brien,2024-02-08 00:00:00,,,Breached,0.0,0.0,,Fingal
CASE-00173,WO-00173,ACC-016,Wicklow Solar Park,Meter Reading Issue,Medium,Closed,Aoife Kelly,2024-11-07 00:00:00,2024-11-07 18:51:27,18.86,Within SLA,0.0,0.0,Meter Recalibrated,South
CASE-00174,WO-00174,ACC-018,Fingal Wind Farm,Sensor Dropout,Medium,Closed,Declan Ryan,2025-05-19 00:00:00,2025-05-21 03:16:28,51.27,Breached,0.0,0.0,Meter Recalibrated,Meath
CASE-00175,WO-00175,ACC-006,South Dublin Wind Site,Meter Reading Issue,High,Closed,Aoife Kelly,2024-04-28 00:00:00,2024-04-28 05:49:12,5.82,Within SLA,0.0,0.0,Pending Investigation,Meath
CASE-00176,WO-00176,ACC-009,Wicklow Solar Park,Maintenance Request,High,Closed,Sinéad Byrne,2024-04-09 00:00:00,2024-04-09 05:35:30,5.59,Within SLA,0.0,0.0,Firmware Updated,Fingal
CASE-00177,WO-00177,ACC-017,Fingal Wind Farm,Inverter Failure,Medium,Open,Declan Ryan,2024-08-28 00:00:00,,,Breached,0.0,0.0,,Meath
CASE-00178,WO-00178,ACC-020,South Dublin Wind Site,Panel Soiling,High,Closed,Declan Ryan,2024-05-18 00:00:00,2024-05-18 16:28:26,16.47,Breached,0.0,0.0,Scheduled Maintenance Done,South
CASE-00179,WO-00179,ACC-014,Wicklow Solar Park,Sensor Dropout,High,Closed,Aoife Kelly,2025-02-01 00:00:00,2025-02-01 17:23:58,17.4,Breached,0.0,0.0,Firmware Updated,Fingal
CASE-00180,WO-00180,ACC-007,South Dublin Wind Site,Sensor Dropout,Medium,Escalated,Aoife Kelly,2025-04-09 00:00:00,,,Breached,379.9,32.29,,Meath
CASE-00181,WO-00181,ACC-018,Fingal Wind Farm,Turbine Fault,Critical,In Progress,Seán O'Brien,2025-01-14 00:00:00,,,Breached,0.0,0.0,,South
CASE-00182,WO-00182,ACC-007,Kildare Solar Park,Inverter Failure,Medium,Escalated,Ciarán Murphy,2025-03-05 00:00:00,,,Breached,0.0,0.0,,Fingal
CASE-00183,WO-00183,ACC-010,Wicklow Solar Park,Inverter Failure,Low,Open,Aoife Kelly,2024-06-07 00:00:00,,,Breached,150.58,12.8,,Kildare
CASE-00184,WO-00184,ACC-013,Kildare Solar Park,Meter Reading Issue,Medium,In Progress,Niamh Walsh,2025-02-28 00:00:00,,,Breached,0.0,0.0,,South
CASE-00185,WO-00185,ACC-012,Fingal Wind Farm,Safety Inspection,Medium,In Progress,Aoife Kelly,2024-04-11 00:00:00,,,Breached,307.68,26.15,,Meath
CASE-00186,WO-00186,ACC-015,Meath Wind Farm,Sensor Dropout,Medium,Escalated,Aoife Kelly,2025-05-16 00:00:00,,,Breached,739.59,62.87,,Meath
CASE-00187,WO-00187,ACC-017,Fingal Wind Farm,Maintenance Request,Critical,Open,Niamh Walsh,2025-02-21 00:00:00,,,Breached,671.97,57.12,,Fingal
CASE-00188,WO-00188,ACC-015,Wicklow Solar Park,Grid Curtailment Complaint,Medium,Closed,Sinéad Byrne,2024-10-13 00:00:00,2024-10-15 04:09:11,52.15,Breached,123.41,10.49,Pending Investigation,Kildare
CASE-00189,WO-00189,ACC-004,Kildare Solar Park,Inverter Failure,Low,In Progress,Ciarán Murphy,2024-02-03 00:00:00,,,Breached,797.96,67.83,,Kildare
CASE-00190,WO-00190,ACC-008,South Dublin Wind Site,Grid Curtailment Complaint,Medium,Open,Aoife Kelly,2025-01-14 00:00:00,,,Breached,536.05,45.56,,South
CASE-00191,WO-00191,ACC-008,Kildare Solar Park,Maintenance Request,Medium,Closed,Seán O'Brien,2024-08-10 00:00:00,2024-08-12 08:25:44,56.43,Breached,107.42,9.13,Scheduled Maintenance Done,South
CASE-00192,WO-00192,ACC-003,Fingal Wind Farm,Turbine Fault,Low,Closed,Aoife Kelly,2025-03-30 00:00:00,2025-04-06 11:05:57,179.1,Breached,0.0,0.0,,Meath
CASE-00193,WO-00193,ACC-011,Meath Wind Farm,Turbine Fault,Medium,Closed,Seán O'Brien,2025-03-31 00:00:00,2025-04-01 07:33:17,31.55,Breached,0.0,0.0,,Fingal
CASE-00194,WO-00194,ACC-001,South Dublin Wind Site,Meter Reading Issue,Medium,In Progress,Aoife Kelly,2024-08-29 00:00:00,,,Breached,0.0,0.0,,South
CASE-00195,WO-00195,ACC-019,Meath Wind Farm,Meter Reading Issue,Critical,Open,Seán O'Brien,2025-01-06 00:00:00,,,Breached,57.4,4.88,,Fingal
CASE-00196,WO-00196,ACC-018,South Dublin Wind Site,Safety Inspection,High,Closed,Seán O'Brien,2024-04-11 00:00:00,2024-04-11 12:04:26,12.07,Breached,12.57,1.07,Sensor Replaced,South
CASE-00197,WO-00197,ACC-008,Kildare Solar Park,Maintenance Request,Critical,Closed,Ciarán Murphy,2025-01-11 00:00:00,2025-01-11 03:45:27,3.76,Within SLA,0.0,0.0,Panel Cleaned,Meath
CASE-00198,WO-00198,ACC-019,Wicklow Solar Park,Meter Reading Issue,Low,Closed,Declan Ryan,2025-01-02 00:00:00,2025-01-03 08:16:12,32.27,Within SLA,0.0,0.0,Inverter Repaired,South
CASE-00199,WO-00199,ACC-008,Kildare Solar Park,Grid Curtailment Complaint,Low,Closed,Niamh Walsh,2024-03-03 00:00:00,2024-03-04 13:09:18,37.16,Within SLA,0.0,0.0,Panel Cleaned,Wicklow
CASE-00200,WO-00200,ACC-001,Kildare Solar Park,Grid Curtailment Complaint,Critical,Closed,Seán O'Brien,2025-02-11 00:00:00,2025-02-11 07:35:06,7.59,Breached,0.0,0.0,Inverter Repaired,Wicklow
CASE-00201,WO-00201,ACC-003,Kildare Solar Park,Panel Soiling,Low,Closed,Ciarán Murphy,2024-10-09 00:00:00,2024-10-13 02:46:15,98.77,Breached,0.0,0.0,Sensor Replaced,Meath
CASE-00202,WO-00202,ACC-002,Wicklow Solar Park,Sensor Dropout,Critical,In Progress,Aoife Kelly,2024-07-13 00:00:00,,,Breached,0.0,0.0,,Meath
CASE-00203,WO-00203,ACC-008,Kildare Solar Park,Sensor Dropout,Medium,Closed,Aoife Kelly,2024-05-05 00:00:00,2024-05-06 00:40:08,24.67,Breached,0.0,0.0,Sensor Replaced,Kildare
CASE-00204,WO-00204,ACC-003,Fingal Wind Farm,Grid Curtailment Complaint,Low,In Progress,Niamh Walsh,2025-04-10 00:00:00,,,Breached,0.0,0.0,,Meath
CASE-00205,WO-00205,ACC-002,Kildare Solar Park,Grid Curtailment Complaint,Low,Open,Sinéad Byrne,2024-04-03 00:00:00,,,Breached,0.0,0.0,,Meath
CASE-00206,WO-00206,ACC-011,Meath Wind Farm,Meter Reading Issue,Low,In Progress,Ciarán Murphy,2024-08-05 00:00:00,,,Breached,0.0,0.0,,Wicklow
CASE-00207,WO-00207,ACC-003,Meath Wind Farm,Maintenance Request,Medium,Open,Niamh Walsh,2024-01-22 00:00:00,,,Breached,577.07,49.05,,Fingal
CASE-00208,WO-00208,ACC-017,Fingal Wind Farm,Sensor Dropout,Medium,Open,Sinéad Byrne,2024-02-21 00:00:00,,,Breached,0.0,0.0,,Fingal
CASE-00209,WO-00209,ACC-008,Wicklow Solar Park,Meter Reading Issue,Low,Closed,Sinéad Byrne,2024-12-07 00:00:00,2024-12-08 17:54:33,41.91,Within SLA,389.36,33.1,Grid Reconnected,Meath
CASE-00210,WO-00210,ACC-009,Wicklow Solar Park,Grid Curtailment Complaint,Medium,Closed,Aoife Kelly,2024-09-06 00:00:00,2024-09-07 17:48:32,41.81,Breached,0.0,0.0,Scheduled Maintenance Done,Fingal
CASE-00211,WO-00211,ACC-016,Meath Wind Farm,Sensor Dropout,Low,Closed,Sinéad Byrne,2024-05-08 00:00:00,2024-05-09 13:26:49,37.45,Within SLA,349.39,29.7,Pending Investigation,Meath
CASE-00212,WO-00212,ACC-007,Kildare Solar Park,Panel Soiling,Low,Closed,Niamh Walsh,2024-07-29 00:00:00,2024-08-02 23:43:52,119.73,Breached,0.0,0.0,,Meath
CASE-00213,WO-00213,ACC-018,Wicklow Solar Park,Turbine Fault,Medium,Open,Sinéad Byrne,2024-03-11 00:00:00,,,Breached,0.0,0.0,,Kildare
CASE-00214,WO-00214,ACC-005,Wicklow Solar Park,Safety Inspection,Medium,Closed,Declan Ryan,2024-07-31 00:00:00,2024-08-02 06:43:34,54.73,Breached,0.0,0.0,,South
CASE-00215,WO-00215,ACC-019,South Dublin Wind Site,Sensor Dropout,Medium,Closed,Declan Ryan,2024-08-09 00:00:00,2024-08-09 23:58:44,23.98,Within SLA,792.17,67.33,Firmware Updated,Wicklow
CASE-00216,WO-00216,ACC-019,South Dublin Wind Site,Sensor Dropout,Medium,Closed,Sinéad Byrne,2024-08-26 00:00:00,2024-08-27 06:59:38,30.99,Breached,0.0,0.0,Panel Cleaned,Meath
CASE-00217,WO-00217,ACC-016,South Dublin Wind Site,Sensor Dropout,Medium,Closed,Declan Ryan,2024-12-02 00:00:00,2024-12-03 15:44:34,39.74,Breached,67.73,5.76,Pending Investigation,Kildare
CASE-00218,WO-00218,ACC-008,Fingal Wind Farm,Safety Inspection,High,In Progress,Aoife Kelly,2024-05-31 00:00:00,,,Breached,0.0,0.0,,Wicklow
CASE-00219,WO-00219,ACC-016,South Dublin Wind Site,Panel Soiling,High,Closed,Niamh Walsh,2024-01-03 00:00:00,2024-01-03 07:46:47,7.78,Within SLA,0.0,0.0,,South
CASE-00220,WO-00220,ACC-014,Meath Wind Farm,Meter Reading Issue,Medium,Open,Sinéad Byrne,2024-10-10 00:00:00,,,Breached,0.0,0.0,,South
CASE-00221,WO-00221,ACC-007,Fingal Wind Farm,Turbine Fault,Medium,In Progress,Aoife Kelly,2024-05-28 00:00:00,,,Breached,513.79,43.67,,South
CASE-00222,WO-00222,ACC-004,South Dublin Wind Site,Panel Soiling,Medium,Closed,Sinéad Byrne,2024-05-13 00:00:00,2024-05-14 14:02:39,38.04,Breached,0.0,0.0,Scheduled Maintenance Done,South
CASE-00223,WO-00223,ACC-004,Kildare Solar Park,Inverter Failure,High,Open,Seán O'Brien,2024-09-13 00:00:00,,,Breached,0.0,0.0,,Fingal
CASE-00224,WO-00224,ACC-014,South Dublin Wind Site,Panel Soiling,Critical,Closed,Seán O'Brien,2024-06-27 00:00:00,2024-06-27 06:10:36,6.18,Breached,332.68,28.28,,Wicklow
CASE-00225,WO-00225,ACC-012,Fingal Wind Farm,Inverter Failure,Critical,Closed,Niamh Walsh,2024-04-22 00:00:00,2024-04-22 04:24:27,4.41,Breached,0.0,0.0,Scheduled Maintenance Done,Wicklow
CASE-00226,WO-00226,ACC-014,Kildare Solar Park,Inverter Failure,High,Closed,Niamh Walsh,2024-01-27 00:00:00,2024-01-27 07:58:02,7.97,Within SLA,0.0,0.0,Scheduled Maintenance Done,Meath
CASE-00227,WO-00227,ACC-014,Wicklow Solar Park,Safety Inspection,Medium,In Progress,Seán O'Brien,2024-05-14 00:00:00,,,Breached,0.0,0.0,,Meath
CASE-00228,WO-00228,ACC-015,Meath Wind Farm,Panel Soiling,Medium,Closed,Niamh Walsh,2024-01-16 00:00:00,2024-01-17 05:48:52,29.81,Breached,0.0,0.0,Inverter Repaired,Wicklow
CASE-00229,WO-00229,ACC-002,South Dublin Wind Site,Grid Curtailment Complaint,Medium,Closed,Aoife Kelly,2025-01-01 00:00:00,2025-01-01 07:27:18,7.46,Within SLA,0.0,0.0,Grid Reconnected,South
CASE-00230,WO-00230,ACC-004,Meath Wind Farm,Maintenance Request,Low,Open,Niamh Walsh,2024-08-31 00:00:00,,,Breached,0.0,0.0,,Fingal
CASE-00231,WO-00231,ACC-002,Wicklow Solar Park,Meter Reading Issue,High,Closed,Sinéad Byrne,2024-11-27 00:00:00,2024-11-27 06:43:57,6.73,Within SLA,364.82,31.01,Panel Cleaned,Meath
CASE-00232,WO-00232,ACC-013,Kildare Solar Park,Inverter Failure,High,Closed,Aoife Kelly,2024-01-17 00:00:00,2024-01-17 06:17:55,6.3,Within SLA,0.0,0.0,Sensor Replaced,Meath
CASE-00233,WO-00233,ACC-011,South Dublin Wind Site,Panel Soiling,High,Closed,Niamh Walsh,2024-06-27 00:00:00,2024-06-27 15:25:14,15.42,Breached,631.14,53.65,Panel Cleaned,Fingal
CASE-00234,WO-00234,ACC-004,Meath Wind Farm,Meter Reading Issue,Low,In Progress,Sinéad Byrne,2024-09-28 00:00:00,,,Breached,0.0,0.0,,Kildare
CASE-00235,WO-00235,ACC-008,Fingal Wind Farm,Safety Inspection,Medium,Closed,Aoife Kelly,2024-02-23 00:00:00,2024-02-24 06:13:38,30.23,Breached,0.0,0.0,Grid Reconnected,Meath
CASE-00236,WO-00236,ACC-007,Kildare Solar Park,Maintenance Request,High,Closed,Declan Ryan,2024-05-09 00:00:00,2024-05-09 17:11:09,17.19,Breached,483.54,41.1,Sensor Replaced,Kildare
CASE-00237,WO-00237,ACC-007,Meath Wind Farm,Meter Reading Issue,Low,Open,Declan Ryan,2025-03-07 00:00:00,,,Breached,0.0,0.0,,Meath
CASE-00238,WO-00238,ACC-018,Wicklow Solar Park,Meter Reading Issue,Medium,Closed,Niamh Walsh,2025-06-22 00:00:00,2025-06-22 14:17:28,14.29,Within SLA,0.0,0.0,,Kildare
CASE-00239,WO-00239,ACC-015,Kildare Solar Park,Maintenance Request,Low,In Progress,Ciarán Murphy,2024-04-26 00:00:00,,,Breached,340.56,28.95,,Fingal
CASE-00240,WO-00240,ACC-005,Fingal Wind Farm,Maintenance Request,Low,Closed,Seán O'Brien,2024-03-06 00:00:00,2024-03-11 17:42:10,137.7,Breached,143.84,12.23,Pending Investigation,Meath
CASE-00241,WO-00241,ACC-014,South Dublin Wind Site,Maintenance Request,Critical,Open,Aoife Kelly,2025-05-02 00:00:00,,,Breached,0.0,0.0,,Fingal
CASE-00242,WO-00242,ACC-006,Kildare Solar Park,Grid Curtailment Complaint,High,Closed,Ciarán Murphy,2025-04-04 00:00:00,2025-04-04 17:51:02,17.85,Breached,0.0,0.0,,South
CASE-00243,WO-00243,ACC-009,South Dublin Wind Site,Panel Soiling,High,Open,Aoife Kelly,2025-01-05 00:00:00,,,Breached,407.53,34.64,,South
CASE-00244,WO-00244,ACC-015,Wicklow Solar Park,Meter Reading Issue,Critical,Closed,Ciarán Murphy,2025-06-09 00:00:00,2025-06-09 05:16:23,5.27,Breached,0.0,0.0,,Meath
CASE-00245,WO-00245,ACC-008,Meath Wind Farm,Meter Reading Issue,Medium,Closed,Sinéad Byrne,2024-04-21 00:00:00,2024-04-22 02:08:29,26.14,Breached,441.64,37.54,Inverter Repaired,South
CASE-00246,WO-00246,ACC-003,Kildare Solar Park,Inverter Failure,Medium,Closed,Niamh Walsh,2025-04-07 00:00:00,2025-04-07 23:19:44,23.33,Within SLA,0.0,0.0,Inverter Repaired,Wicklow
CASE-00247,WO-00247,ACC-015,Wicklow Solar Park,Inverter Failure,Critical,In Progress,Sinéad Byrne,2025-05-30 00:00:00,,,Breached,360.04,30.6,,Wicklow
CASE-00248,WO-00248,ACC-018,Kildare Solar Park,Grid Curtailment Complaint,Medium,In Progress,Declan Ryan,2024-08-14 00:00:00,,,Breached,284.25,24.16,,Fingal
CASE-00249,WO-00249,ACC-004,Meath Wind Farm,Turbine Fault,Medium,In Progress,Aoife Kelly,2024-02-14 00:00:00,,,Breached,0.0,0.0,,Kildare
CASE-00250,WO-00250,ACC-002,Wicklow Solar Park,Sensor Dropout,High,Open,Aoife Kelly,2025-06-17 00:00:00,,,Breached,0.0,0.0,,Kildare
CASE-00251,WO-00251,ACC-018,South Dublin Wind Site,Safety Inspection,High,In Progress,Niamh Walsh,2024-11-04 00:00:00,,,Breached,148.63,12.63,,Kildare
CASE-00252,WO-00252,ACC-001,Meath Wind Farm,Panel Soiling,Low,Open,Declan Ryan,2025-04-14 00:00:00,,,Breached,0.0,0.0,,South
CASE-00253,WO-00253,ACC-003,Kildare Solar Park,Inverter Failure,Critical,Open,Niamh Walsh,2024-02-01 00:00:00,,,Breached,483.66,41.11,,Kildare
CASE-00254,WO-00254,ACC-008,Fingal Wind Farm,Turbine Fault,Medium,In Progress,Sinéad Byrne,2024-03-03 00:00:00,,,Breached,462.35,39.3,,South
CASE-00255,WO-00255,ACC-006,Wicklow Solar Park,Turbine Fault,High,Closed,Niamh Walsh,2025-05-05 00:00:00,2025-05-05 12:06:33,12.11,Breached,677.44,57.58,Grid Reconnected,Wicklow
CASE-00256,WO-00256,ACC-014,Fingal Wind Farm,Safety Inspection,Low,Closed,Aoife Kelly,2025-02-15 00:00:00,2025-02-17 01:26:31,49.44,Within SLA,189.4,16.1,Inverter Repaired,Meath
CASE-00257,WO-00257,ACC-016,Kildare Solar Park,Panel Soiling,Medium,Closed,Ciarán Murphy,2025-03-12 00:00:00,2025-03-13 15:13:47,39.23,Breached,0.0,0.0,Inverter Repaired,Kildare
CASE-00258,WO-00258,ACC-016,Meath Wind Farm,Inverter Failure,High,Escalated,Sinéad Byrne,2024-04-20 00:00:00,,,Breached,0.0,0.0,,South
CASE-00259,WO-00259,ACC-007,South Dublin Wind Site,Maintenance Request,Medium,In Progress,Aoife Kelly,2025-05-17 00:00:00,,,Breached,0.0,0.0,,Meath
CASE-00260,WO-00260,ACC-013,Wicklow Solar Park,Safety Inspection,Medium,Escalated,Aoife Kelly,2025-03-30 00:00:00,,,Breached,401.38,34.12,,Fingal
CASE-00261,WO-00261,ACC-002,Fingal Wind Farm,Turbine Fault,High,Open,Niamh Walsh,2024-03-16 00:00:00,,,Breached,0.0,0.0,,Fingal
CASE-00262,WO-00262,ACC-006,Kildare Solar Park,Turbine Fault,High,Escalated,Sinéad Byrne,2024-03-23 00:00:00,,,Breached,0.0,0.0,,Kildare
CASE-00263,WO-00263,ACC-013,Meath Wind Farm,Sensor Dropout,High,Closed,Niamh Walsh,2024-11-25 00:00:00,2024-11-25 17:12:56,17.22,Breached,0.0,0.0,,South
CASE-00264,WO-00264,ACC-001,Fingal Wind Farm,Grid Curtailment Complaint,Medium,Closed,Aoife Kelly,2024-05-31 00:00:00,2024-06-02 04:32:24,52.54,Breached,328.67,27.94,Firmware Updated,South
CASE-00265,WO-00265,ACC-013,South Dublin Wind Site,Turbine Fault,High,Closed,Declan Ryan,2024-03-08 00:00:00,2024-03-08 04:51:50,4.86,Within SLA,436.93,37.14,Panel Cleaned,Meath
CASE-00266,WO-00266,ACC-009,Wicklow Solar Park,Inverter Failure,High,Open,Declan Ryan,2024-05-09 00:00:00,,,Breached,0.0,0.0,,Kildare
CASE-00267,WO-00267,ACC-015,Kildare Solar Park,Panel Soiling,Critical,Open,Niamh Walsh,2024-10-08 00:00:00,,,Breached,0.0,0.0,,South
CASE-00268,WO-00268,ACC-010,South Dublin Wind Site,Panel Soiling,Low,Closed,Seán O'Brien,2024-11-28 00:00:00,2024-12-02 10:55:01,106.92,Breached,0.0,0.0,Grid Reconnected,South
CASE-00269,WO-00269,ACC-014,South Dublin Wind Site,Panel Soiling,Low,In Progress,Aoife Kelly,2025-01-25 00:00:00,,,Breached,0.0,0.0,,Kildare
CASE-00270,WO-00270,ACC-018,Wicklow Solar Park,Turbine Fault,Low,In Progress,Seán O'Brien,2025-06-27 00:00:00,,,Within SLA,0.0,0.0,,South
CASE-00271,WO-00271,ACC-016,Wicklow Solar Park,Safety Inspection,Medium,Closed,Ciarán Murphy,2024-10-28 00:00:00,2024-10-28 21:05:55,21.1,Within SLA,293.58,24.95,Sensor Replaced,Fingal
CASE-00272,WO-00272,ACC-005,Fingal Wind Farm,Panel Soiling,Medium,Open,Sinéad Byrne,2025-04-09 00:00:00,,,Breached,0.0,0.0,,Wicklow
CASE-00273,WO-00273,ACC-007,Kildare Solar Park,Inverter Failure,Medium,Open,Ciarán Murphy,2025-06-01 00:00:00,,,Breached,0.0,0.0,,South
CASE-00274,WO-00274,ACC-010,Fingal Wind Farm,Meter Reading Issue,Low,In Progress,Aoife Kelly,2025-03-16 00:00:00,,,Breached,782.59,66.52,,South
CASE-00275,WO-00275,ACC-007,Kildare Solar Park,Grid Curtailment Complaint,Low,Closed,Niamh Walsh,2024-04-11 00:00:00,2024-04-17 17:59:44,162.0,Breached,0.0,0.0,,Meath
CASE-00276,WO-00276,ACC-002,Fingal Wind Farm,Meter Reading Issue,Medium,Escalated,Ciarán Murphy,2024-04-27 00:00:00,,,Breached,0.0,0.0,,Fingal
CASE-00277,WO-00277,ACC-019,Kildare Solar Park,Meter Reading Issue,Low,Closed,Aoife Kelly,2024-08-08 00:00:00,2024-08-09 09:42:41,33.71,Within SLA,0.0,0.0,Grid Reconnected,Wicklow
CASE-00278,WO-00278,ACC-018,Fingal Wind Farm,Safety Inspection,High,Open,Ciarán Murphy,2025-03-16 00:00:00,,,Breached,0.0,0.0,,South
CASE-00279,WO-00279,ACC-002,Meath Wind Farm,Sensor Dropout,Medium,Closed,Niamh Walsh,2025-04-07 00:00:00,2025-04-07 11:10:52,11.18,Within SLA,0.0,0.0,Inverter Repaired,Fingal
CASE-00280,WO-00280,ACC-011,Fingal Wind Farm,Sensor Dropout,High,Closed,Declan Ryan,2024-08-21 00:00:00,2024-08-21 02:43:40,2.73,Within SLA,454.52,38.63,Sensor Replaced,South
CASE-00281,WO-00281,ACC-002,Kildare Solar Park,Maintenance Request,Medium,Escalated,Sinéad Byrne,2025-02-27 00:00:00,,,Breached,563.91,47.93,,Meath
CASE-00282,WO-00282,ACC-002,Kildare Solar Park,Turbine Fault,Low,Open,Aoife Kelly,2024-12-13 00:00:00,,,Breached,0.0,0.0,,Meath
CASE-00283,WO-00283,ACC-019,Kildare Solar Park,Turbine Fault,Medium,Closed,Ciarán Murphy,2025-04-09 00:00:00,2025-04-10 09:58:44,33.98,Breached,0.0,0.0,Panel Cleaned,Fingal
CASE-00284,WO-00284,ACC-016,Meath Wind Farm,Grid Curtailment Complaint,Low,Open,Declan Ryan,2025-02-12 00:00:00,,,Breached,0.0,0.0,,South
CASE-00285,WO-00285,ACC-017,Fingal Wind Farm,Maintenance Request,High,Closed,Aoife Kelly,2025-03-01 00:00:00,2025-03-01 02:56:56,2.95,Within SLA,0.0,0.0,Inverter Repaired,Meath
CASE-00286,WO-00286,ACC-017,Kildare Solar Park,Safety Inspection,Medium,Open,Declan Ryan,2024-04-07 00:00:00,,,Breached,0.0,0.0,,Wicklow
CASE-00287,WO-00287,ACC-006,South Dublin Wind Site,Maintenance Request,Low,Open,Aoife Kelly,2024-11-16 00:00:00,,,Breached,90.53,7.7,,Wicklow
CASE-00288,WO-00288,ACC-002,Meath Wind Farm,Turbine Fault,Low,In Progress,Aoife Kelly,2025-03-13 00:00:00,,,Breached,385.23,32.74,,South
CASE-00289,WO-00289,ACC-017,Meath Wind Farm,Turbine Fault,Medium,Open,Aoife Kelly,2024-11-16 00:00:00,,,Breached,552.4,46.95,,Wicklow
CASE-00290,WO-00290,ACC-003,Fingal Wind Farm,Meter Reading Issue,Low,Closed,Aoife Kelly,2024-09-18 00:00:00,2024-09-22 17:46:17,113.77,Breached,0.0,0.0,Panel Cleaned,Kildare
CASE-00291,WO-00291,ACC-006,Meath Wind Farm,Maintenance Request,Medium,Closed,Seán O'Brien,2025-01-18 00:00:00,2025-01-19 04:35:27,28.59,Breached,0.0,0.0,Inverter Repaired,Meath
CASE-00292,WO-00292,ACC-003,Kildare Solar Park,Safety Inspection,High,Closed,Niamh Walsh,2024-06-05 00:00:00,2024-06-05 12:47:04,12.78,Breached,0.0,0.0,Sensor Replaced,South
CASE-00293,WO-00293,ACC-020,Fingal Wind Farm,Inverter Failure,High,In Progress,Aoife Kelly,2025-04-30 00:00:00,,,Breached,113.67,9.66,,Kildare
CASE-00294,WO-00294,ACC-003,Wicklow Solar Park,Panel Soiling,High,In Progress,Declan Ryan,2024-03-09 00:00:00,,,Breached,0.0,0.0,,Fingal
CASE-00295,WO-00295,ACC-008,South Dublin Wind Site,Sensor Dropout,Medium,In Progress,Ciarán Murphy,2024-04-03 00:00:00,,,Breached,0.0,0.0,,Meath
CASE-00296,WO-00296,ACC-013,Kildare Solar Park,Grid Curtailment Complaint,Low,Open,Sinéad Byrne,2024-03-28 00:00:00,,,Breached,585.03,49.73,,Wicklow
CASE-00297,WO-00297,ACC-004,Wicklow Solar Park,Meter Reading Issue,Low,Closed,Seán O'Brien,2024-04-05 00:00:00,2024-04-11 21:09:30,165.16,Breached,786.86,66.88,Grid Reconnected,Meath
CASE-00298,WO-00298,ACC-019,Meath Wind Farm,Turbine Fault,Critical,Closed,Aoife Kelly,2025-03-18 00:00:00,2025-03-18 06:03:14,6.05,Breached,0.0,0.0,Grid Reconnected,Fingal
CASE-00299,WO-00299,ACC-008,Kildare Solar Park,Meter Reading Issue,Medium,Open,Seán O'Brien,2024-04-08 00:00:00,,,Breached,0.0,0.0,,Wicklow
CASE-00300,WO-00300,ACC-019,South Dublin Wind Site,Panel Soiling,High,In Progress,Niamh Walsh,2025-01-16 00:00:00,,,Breached,786.93,66.89,,South
CASE-00301,WO-00301,ACC-020,South Dublin Wind Site,Inverter Failure,High,In Progress,Declan Ryan,2024-05-13 00:00:00,,,Breached,0.0,0.0,,Fingal
CASE-00302,WO-00302,ACC-002,Meath Wind Farm,Maintenance Request,Medium,In Progress,Declan Ryan,2024-03-02 00:00:00,,,Breached,0.0,0.0,,Kildare
CASE-00303,WO-00303,ACC-020,Fingal Wind Farm,Sensor Dropout,Medium,Closed,Declan Ryan,2024-12-03 00:00:00,2024-12-04 11:53:42,35.9,Breached,623.1,52.96,,Wicklow
CASE-00304,WO-00304,ACC-003,Meath Wind Farm,Sensor Dropout,Low,Closed,Declan Ryan,2024-05-05 00:00:00,2024-05-12 11:47:54,179.8,Breached,0.0,0.0,Firmware Updated,Fingal
CASE-00305,WO-00305,ACC-014,South Dublin Wind Site,Maintenance Request,High,Open,Ciarán Murphy,2025-02-24 00:00:00,,,Breached,371.95,31.62,,Meath
CASE-00306,WO-00306,ACC-019,Meath Wind Farm,Inverter Failure,Low,Open,Seán O'Brien,2024-12-28 00:00:00,,,Breached,0.0,0.0,,Wicklow
CASE-00307,WO-00307,ACC-019,Wicklow Solar Park,Maintenance Request,Medium,Open,Sinéad Byrne,2025-03-09 00:00:00,,,Breached,62.59,5.32,,Kildare
CASE-00308,WO-00308,ACC-017,Wicklow Solar Park,Panel Soiling,Medium,In Progress,Declan Ryan,2024-02-22 00:00:00,,,Breached,711.93,60.51,,Kildare
CASE-00309,WO-00309,ACC-011,South Dublin Wind Site,Grid Curtailment Complaint,Medium,Open,Sinéad Byrne,2024-10-21 00:00:00,,,Breached,0.0,0.0,,South
CASE-00310,WO-00310,ACC-009,Fingal Wind Farm,Turbine Fault,Low,Closed,Niamh Walsh,2024-11-15 00:00:00,2024-11-19 00:22:52,96.38,Breached,0.0,0.0,Sensor Replaced,Kildare
CASE-00311,WO-00311,ACC-007,Meath Wind Farm,Panel Soiling,High,In Progress,Ciarán Murphy,2024-12-26 00:00:00,,,Breached,70.76,6.01,,Meath
CASE-00312,WO-00312,ACC-011,Kildare Solar Park,Maintenance Request,Low,In Progress,Declan Ryan,2024-04-16 00:00:00,,,Breached,377.96,32.13,,Kildare
CASE-00313,WO-00313,ACC-008,Meath Wind Farm,Panel Soiling,Critical,Escalated,Aoife Kelly,2025-06-03 00:00:00,,,Breached,593.35,50.43,,Wicklow
CASE-00314,WO-00314,ACC-009,South Dublin Wind Site,Meter Reading Issue,Low,Closed,Seán O'Brien,2024-08-05 00:00:00,2024-08-11 00:23:28,144.39,Breached,0.0,0.0,Meter Recalibrated,Wicklow
CASE-00315,WO-00315,ACC-013,Meath Wind Farm,Inverter Failure,Low,Open,Seán O'Brien,2024-06-07 00:00:00,,,Breached,768.33,65.31,,Wicklow
CASE-00316,WO-00316,ACC-005,Fingal Wind Farm,Maintenance Request,High,Escalated,Seán O'Brien,2025-05-08 00:00:00,,,Breached,0.0,0.0,,Wicklow
CASE-00317,WO-00317,ACC-010,Fingal Wind Farm,Sensor Dropout,Low,Open,Niamh Walsh,2024-08-17 00:00:00,,,Breached,62.47,5.31,,Kildare
CASE-00318,WO-00318,ACC-015,Wicklow Solar Park,Inverter Failure,Medium,Closed,Ciarán Murphy,2024-04-20 00:00:00,2024-04-21 02:30:54,26.52,Breached,0.0,0.0,Meter Recalibrated,South
CASE-00319,WO-00319,ACC-011,Meath Wind Farm,Maintenance Request,High,In Progress,Ciarán Murphy,2024-12-24 00:00:00,,,Breached,506.95,43.09,,Wicklow
CASE-00320,WO-00320,ACC-003,Kildare Solar Park,Sensor Dropout,Medium,In Progress,Seán O'Brien,2025-01-11 00:00:00,,,Breached,638.48,54.27,,Wicklow
CASE-00321,WO-00321,ACC-001,South Dublin Wind Site,Sensor Dropout,High,In Progress,Ciarán Murphy,2024-04-27 00:00:00,,,Breached,0.0,0.0,,Meath
CASE-00322,WO-00322,ACC-015,Kildare Solar Park,Sensor Dropout,Low,Escalated,Aoife Kelly,2024-10-12 00:00:00,,,Breached,0.0,0.0,,Fingal
CASE-00323,WO-00323,ACC-020,Fingal Wind Farm,Maintenance Request,Medium,In Progress,Ciarán Murphy,2024-08-19 00:00:00,,,Breached,250.0,21.25,,Meath
CASE-00324,WO-00324,ACC-019,Meath Wind Farm,Maintenance Request,Low,In Progress,Niamh Walsh,2025-03-15 00:00:00,,,Breached,0.0,0.0,,Meath
CASE-00325,WO-00325,ACC-004,Meath Wind Farm,Panel Soiling,Medium,Open,Declan Ryan,2024-01-27 00:00:00,,,Breached,0.0,0.0,,Fingal
CASE-00326,WO-00326,ACC-003,Wicklow Solar Park,Turbine Fault,Medium,Closed,Seán O'Brien,2024-09-30 00:00:00,2024-09-30 18:59:26,18.99,Within SLA,0.0,0.0,Meter Recalibrated,Kildare
CASE-00327,WO-00327,ACC-018,Fingal Wind Farm,Inverter Failure,Medium,Closed,Sinéad Byrne,2024-01-30 00:00:00,2024-01-31 23:58:09,47.97,Breached,42.22,3.59,Firmware Updated,South
CASE-00328,WO-00328,ACC-007,Meath Wind Farm,Turbine Fault,High,Open,Sinéad Byrne,2024-07-03 00:00:00,,,Breached,274.84,23.36,,Fingal
CASE-00329,WO-00329,ACC-017,Fingal Wind Farm,Maintenance Request,Medium,In Progress,Sinéad Byrne,2024-10-06 00:00:00,,,Breached,0.0,0.0,,Meath
CASE-00330,WO-00330,ACC-009,Kildare Solar Park,Safety Inspection,Medium,Escalated,Seán O'Brien,2024-11-12 00:00:00,,,Breached,622.82,52.94,,Kildare
CASE-00331,WO-00331,ACC-005,Wicklow Solar Park,Turbine Fault,Critical,Closed,Seán O'Brien,2024-12-13 00:00:00,2024-12-13 07:39:08,7.65,Breached,0.0,0.0,,South
CASE-00332,WO-00332,ACC-012,South Dublin Wind Site,Panel Soiling,Low,Closed,Niamh Walsh,2024-12-25 00:00:00,2024-12-27 19:41:39,67.69,Within SLA,0.0,0.0,Inverter Repaired,Kildare
CASE-00333,WO-00333,ACC-003,South Dublin Wind Site,Safety Inspection,Medium,Closed,Niamh Walsh,2024-01-07 00:00:00,2024-01-08 07:44:10,31.74,Breached,375.1,31.88,Panel Cleaned,Meath
CASE-00334,WO-00334,ACC-008,Kildare Solar Park,Inverter Failure,Low,Closed,Seán O'Brien,2024-07-04 00:00:00,2024-07-08 06:26:57,102.45,Breached,0.0,0.0,Scheduled Maintenance Done,Fingal
CASE-00335,WO-00335,ACC-012,Fingal Wind Farm,Turbine Fault,Low,Closed,Ciarán Murphy,2024-05-26 00:00:00,2024-05-29 12:27:02,84.45,Breached,410.13,34.86,Inverter Repaired,Fingal
CASE-00336,WO-00336,ACC-010,South Dublin Wind Site,Maintenance Request,Medium,In Progress,Sinéad Byrne,2025-02-14 00:00:00,,,Breached,375.39,31.91,,South
CASE-00337,WO-00337,ACC-006,Kildare Solar Park,Meter Reading Issue,Medium,Escalated,Seán O'Brien,2024-03-12 00:00:00,,,Breached,0.0,0.0,,Fingal
CASE-00338,WO-00338,ACC-015,Kildare Solar Park,Meter Reading Issue,Medium,Closed,Niamh Walsh,2024-05-25 00:00:00,2024-05-26 09:42:51,33.71,Breached,0.0,0.0,Meter Recalibrated,Wicklow
CASE-00339,WO-00339,ACC-018,Kildare Solar Park,Safety Inspection,High,Escalated,Aoife Kelly,2024-02-01 00:00:00,,,Breached,0.0,0.0,,Kildare
CASE-00340,WO-00340,ACC-010,Kildare Solar Park,Turbine Fault,High,Closed,Seán O'Brien,2024-04-03 00:00:00,2024-04-03 14:03:47,14.06,Breached,0.0,0.0,Sensor Replaced,Kildare
CASE-00341,WO-00341,ACC-020,South Dublin Wind Site,Meter Reading Issue,High,Escalated,Aoife Kelly,2025-06-27 00:00:00,,,Breached,0.0,0.0,,South
CASE-00342,WO-00342,ACC-017,South Dublin Wind Site,Meter Reading Issue,Low,Open,Sinéad Byrne,2024-08-08 00:00:00,,,Breached,0.0,0.0,,South
CASE-00343,WO-00343,ACC-001,Fingal Wind Farm,Meter Reading Issue,Medium,Closed,Declan Ryan,2025-01-20 00:00:00,2025-01-22 03:58:24,51.97,Breached,587.05,49.9,Sensor Replaced,Fingal
CASE-00344,WO-00344,ACC-018,Wicklow Solar Park,Grid Curtailment Complaint,Medium,Closed,Niamh Walsh,2025-03-05 00:00:00,2025-03-07 01:47:07,49.79,Breached,336.81,28.63,Meter Recalibrated,Fingal
CASE-00345,WO-00345,ACC-010,Meath Wind Farm,Panel Soiling,High,Escalated,Seán O'Brien,2025-04-09 00:00:00,,,Breached,0.0,0.0,,Fingal
CASE-00346,WO-00346,ACC-004,South Dublin Wind Site,Sensor Dropout,High,Closed,Declan Ryan,2024-12-15 00:00:00,2024-12-15 13:12:25,13.21,Breached,0.0,0.0,Grid Reconnected,Meath
CASE-00347,WO-00347,ACC-005,South Dublin Wind Site,Meter Reading Issue,Medium,Closed,Declan Ryan,2024-06-10 00:00:00,2024-06-10 15:57:23,15.96,Within SLA,0.0,0.0,Inverter Repaired,Wicklow
CASE-00348,WO-00348,ACC-009,Kildare Solar Park,Grid Curtailment Complaint,Low,Closed,Niamh Walsh,2025-01-13 00:00:00,2025-01-17 07:02:21,103.04,Breached,768.47,65.32,Panel Cleaned,Fingal
CASE-00349,WO-00349,ACC-004,South Dublin Wind Site,Panel Soiling,Medium,Closed,Sinéad Byrne,2024-11-15 00:00:00,2024-11-16 06:45:37,30.76,Breached,0.0,0.0,Inverter Repaired,South
CASE-00350,WO-00350,ACC-004,South Dublin Wind Site,Meter Reading Issue,Medium,Open,Declan Ryan,2024-11-28 00:00:00,,,Breached,638.58,54.28,,South
CASE-00351,WO-00351,ACC-018,Meath Wind Farm,Safety Inspection,Medium,Closed,Aoife Kelly,2024-03-27 00:00:00,2024-03-27 16:39:31,16.66,Within SLA,231.37,19.67,Sensor Replaced,Meath
CASE-00352,WO-00352,ACC-005,South Dublin Wind Site,Turbine Fault,High,Open,Ciarán Murphy,2024-02-23 00:00:00,,,Breached,28.26,2.4,,Wicklow
CASE-00353,WO-00353,ACC-009,Fingal Wind Farm,Panel Soiling,Low,Closed,Declan Ryan,2024-06-08 00:00:00,2024-06-15 03:52:33,171.88,Breached,738.29,62.75,,Meath
CASE-00354,WO-00354,ACC-010,Meath Wind Farm,Grid Curtailment Complaint,Low,Closed,Niamh Walsh,2024-06-10 00:00:00,2024-06-15 06:03:03,126.05,Breached,0.0,0.0,Firmware Updated,Fingal
CASE-00355,WO-00355,ACC-020,Fingal Wind Farm,Safety Inspection,Medium,Closed,Declan Ryan,2024-02-20 00:00:00,2024-02-22 10:17:47,58.3,Breached,599.54,50.96,Scheduled Maintenance Done,Wicklow
CASE-00356,WO-00356,ACC-007,Kildare Solar Park,Meter Reading Issue,Medium,Open,Declan Ryan,2024-03-24 00:00:00,,,Breached,0.0,0.0,,South
CASE-00357,WO-00357,ACC-011,Meath Wind Farm,Sensor Dropout,High,In Progress,Niamh Walsh,2024-10-05 00:00:00,,,Breached,0.0,0.0,,Fingal
CASE-00358,WO-00358,ACC-007,South Dublin Wind Site,Inverter Failure,Low,Closed,Aoife Kelly,2025-03-29 00:00:00,2025-04-03 18:10:10,138.17,Breached,581.58,49.43,Inverter Repaired,Fingal
CASE-00359,WO-00359,ACC-009,South Dublin Wind Site,Grid Curtailment Complaint,High,In Progress,Seán O'Brien,2025-03-10 00:00:00,,,Breached,0.0,0.0,,Fingal
CASE-00360,WO-00360,ACC-017,Fingal Wind Farm,Maintenance Request,Medium,Closed,Declan Ryan,2025-05-12 00:00:00,2025-05-13 08:43:44,32.73,Breached,0.0,0.0,,Meath
CASE-00361,WO-00361,ACC-016,South Dublin Wind Site,Meter Reading Issue,Medium,Closed,Aoife Kelly,2025-03-28 00:00:00,2025-03-29 02:08:39,26.14,Breached,0.0,0.0,Grid Reconnected,Fingal
CASE-00362,WO-00362,ACC-009,Wicklow Solar Park,Meter Reading Issue,Low,Closed,Niamh Walsh,2025-02-28 00:00:00,2025-03-02 08:15:39,56.26,Within SLA,0.0,0.0,Pending Investigation,South
CASE-00363,WO-00363,ACC-002,Fingal Wind Farm,Safety Inspection,Medium,In Progress,Sinéad Byrne,2024-10-06 00:00:00,,,Breached,0.0,0.0,,Fingal
CASE-00364,WO-00364,ACC-003,Meath Wind Farm,Maintenance Request,Medium,Closed,Sinéad Byrne,2024-08-08 00:00:00,2024-08-09 08:56:51,32.95,Breached,450.97,38.33,Grid Reconnected,Kildare
CASE-00365,WO-00365,ACC-014,South Dublin Wind Site,Sensor Dropout,Critical,Closed,Ciarán Murphy,2025-06-08 00:00:00,2025-06-08 01:45:11,1.75,Within SLA,49.13,4.18,Meter Recalibrated,Kildare
CASE-00366,WO-00366,ACC-009,Meath Wind Farm,Inverter Failure,Critical,Open,Declan Ryan,2024-04-26 00:00:00,,,Breached,0.0,0.0,,Kildare
CASE-00367,WO-00367,ACC-002,Meath Wind Farm,Panel Soiling,Low,In Progress,Niamh Walsh,2024-12-19 00:00:00,,,Breached,0.0,0.0,,Wicklow
CASE-00368,WO-00368,ACC-001,Wicklow Solar Park,Turbine Fault,Low,In Progress,Sinéad Byrne,2025-03-16 00:00:00,,,Breached,378.53,32.18,,South
CASE-00369,WO-00369,ACC-011,Wicklow Solar Park,Panel Soiling,Medium,In Progress,Seán O'Brien,2024-04-23 00:00:00,,,Breached,0.0,0.0,,Kildare
CASE-00370,WO-00370,ACC-005,Fingal Wind Farm,Meter Reading Issue,Low,In Progress,Niamh Walsh,2024-10-17 00:00:00,,,Breached,0.0,0.0,,Meath
CASE-00371,WO-00371,ACC-009,Fingal Wind Farm,Meter Reading Issue,Medium,Escalated,Sinéad Byrne,2025-05-13 00:00:00,,,Breached,0.0,0.0,,South
CASE-00372,WO-00372,ACC-006,Kildare Solar Park,Inverter Failure,Low,Closed,Niamh Walsh,2025-06-23 00:00:00,2025-06-26 08:07:06,80.12,Breached,0.0,0.0,Inverter Repaired,Kildare
CASE-00373,WO-00373,ACC-015,Meath Wind Farm,Safety Inspection,High,Closed,Aoife Kelly,2024-11-11 00:00:00,2024-11-11 03:09:12,3.15,Within SLA,0.0,0.0,Grid Reconnected,Meath
CASE-00374,WO-00374,ACC-018,Fingal Wind Farm,Panel Soiling,Medium,Closed,Seán O'Brien,2024-02-16 00:00:00,2024-02-16 18:07:03,18.12,Within SLA,0.0,0.0,Scheduled Maintenance Done,Kildare
CASE-00375,WO-00375,ACC-014,South Dublin Wind Site,Turbine Fault,Critical,Escalated,Declan Ryan,2024-08-13 00:00:00,,,Breached,0.0,0.0,,Wicklow
CASE-00376,WO-00376,ACC-018,South Dublin Wind Site,Grid Curtailment Complaint,Medium,In Progress,Aoife Kelly,2025-02-08 00:00:00,,,Breached,0.0,0.0,,Meath
CASE-00377,WO-00377,ACC-001,Kildare Solar Park,Grid Curtailment Complaint,Medium,In Progress,Aoife Kelly,2024-02-26 00:00:00,,,Breached,0.0,0.0,,Meath
CASE-00378,WO-00378,ACC-004,Meath Wind Farm,Maintenance Request,Medium,Open,Sinéad Byrne,2024-01-08 00:00:00,,,Breached,0.0,0.0,,Kildare
CASE-00379,WO-00379,ACC-003,Meath Wind Farm,Inverter Failure,Medium,Closed,Niamh Walsh,2024-07-28 00:00:00,2024-07-30 07:07:40,55.13,Breached,135.26,11.5,Panel Cleaned,Fingal
CASE-00380,WO-00380,ACC-005,Fingal Wind Farm,Turbine Fault,Medium,Closed,Seán O'Brien,2024-11-04 00:00:00,2024-11-05 02:16:26,26.27,Breached,41.3,3.51,Pending Investigation,Fingal
CASE-00381,WO-00381,ACC-018,Fingal Wind Farm,Maintenance Request,Medium,Closed,Aoife Kelly,2024-08-04 00:00:00,2024-08-05 07:59:55,32.0,Breached,792.29,67.34,Grid Reconnected,Wicklow
CASE-00382,WO-00382,ACC-002,Kildare Solar Park,Grid Curtailment Complaint,Medium,Closed,Seán O'Brien,2024-05-20 00:00:00,2024-05-21 07:12:18,31.21,Breached,0.0,0.0,Scheduled Maintenance Done,South
CASE-00383,WO-00383,ACC-012,South Dublin Wind Site,Inverter Failure,Critical,Closed,Sinéad Byrne,2024-09-18 00:00:00,2024-09-18 01:36:31,1.61,Within SLA,0.0,0.0,Meter Recalibrated,Kildare
CASE-00384,WO-00384,ACC-019,South Dublin Wind Site,Maintenance Request,Medium,Open,Declan Ryan,2024-10-23 00:00:00,,,Breached,0.0,0.0,,Kildare
CASE-00385,WO-00385,ACC-018,Meath Wind Farm,Meter Reading Issue,Critical,In Progress,Ciarán Murphy,2024-12-01 00:00:00,,,Breached,0.0,0.0,,Meath
CASE-00386,WO-00386,ACC-005,Wicklow Solar Park,Safety Inspection,Medium,Escalated,Niamh Walsh,2024-05-02 00:00:00,,,Breached,0.0,0.0,,Wicklow
CASE-00387,WO-00387,ACC-014,South Dublin Wind Site,Turbine Fault,High,In Progress,Declan Ryan,2024-01-08 00:00:00,,,Breached,0.0,0.0,,Kildare
CASE-00388,WO-00388,ACC-005,Meath Wind Farm,Turbine Fault,Low,In Progress,Seán O'Brien,2025-05-24 00:00:00,,,Breached,0.0,0.0,,Wicklow
CASE-00389,WO-00389,ACC-002,Meath Wind Farm,Panel Soiling,Critical,In Progress,Ciarán Murphy,2025-03-16 00:00:00,,,Breached,0.0,0.0,,South
CASE-00390,WO-00390,ACC-010,Wicklow Solar Park,Meter Reading Issue,Low,Escalated,Declan Ryan,2024-06-28 00:00:00,,,Breached,647.12,55.01,,Meath
CASE-00391,WO-00391,ACC-012,Kildare Solar Park,Panel Soiling,Medium,Closed,Sinéad Byrne,2024-05-12 00:00:00,2024-05-14 10:58:30,58.98,Breached,499.45,42.45,Panel Cleaned,South
CASE-00392,WO-00392,ACC-002,Fingal Wind Farm,Turbine Fault,Low,Open,Seán O'Brien,2025-01-24 00:00:00,,,Breached,0.0,0.0,,Meath
CASE-00393,WO-00393,ACC-012,Kildare Solar Park,Meter Reading Issue,Low,In Progress,Aoife Kelly,2025-06-29 00:00:00,,,Within SLA,0.0,0.0,,Wicklow
CASE-00394,WO-00394,ACC-007,South Dublin Wind Site,Turbine Fault,High,Open,Sinéad Byrne,2024-08-23 00:00:00,,,Breached,0.0,0.0,,South
CASE-00395,WO-00395,ACC-008,Fingal Wind Farm,Panel Soiling,Critical,Closed,Declan Ryan,2025-05-27 00:00:00,2025-05-27 04:03:06,4.05,Breached,229.45,19.5,Pending Investigation,Wicklow
CASE-00396,WO-00396,ACC-004,Wicklow Solar Park,Meter Reading Issue,High,Closed,Ciarán Murphy,2024-12-28 00:00:00,2024-12-28 14:47:08,14.79,Breached,0.0,0.0,Firmware Updated,Wicklow
CASE-00397,WO-00397,ACC-012,Meath Wind Farm,Sensor Dropout,High,Open,Ciarán Murphy,2024-03-14 00:00:00,,,Breached,66.01,5.61,,Meath
CASE-00398,WO-00398,ACC-018,Meath Wind Farm,Safety Inspection,Medium,Closed,Declan Ryan,2025-02-10 00:00:00,2025-02-11 10:43:42,34.73,Breached,0.0,0.0,Pending Investigation,Meath
CASE-00399,WO-00399,ACC-014,South Dublin Wind Site,Maintenance Request,Low,In Progress,Niamh Walsh,2024-02-13 00:00:00,,,Breached,0.0,0.0,,Kildare
CASE-00400,WO-00400,ACC-020,Wicklow Solar Park,Safety Inspection,High,In Progress,Niamh Walsh,2025-03-22 00:00:00,,,Breached,0.0,0.0,,Wicklow
CASE-00401,WO-00401,ACC-005,Meath Wind Farm,Grid Curtailment Complaint,Medium,Closed,Declan Ryan,2024-01-20 00:00:00,2024-01-22 03:00:19,51.01,Breached,404.48,34.38,Panel Cleaned,Fingal
CASE-00402,WO-00402,ACC-008,Wicklow Solar Park,Safety Inspection,Medium,Closed,Aoife Kelly,2025-04-15 00:00:00,2025-04-17 03:16:52,51.28,Breached,681.16,57.9,Pending Investigation,Fingal
CASE-00403,WO-00403,ACC-006,Fingal Wind Farm,Meter Reading Issue,Medium,Closed,Seán O'Brien,2024-03-20 00:00:00,2024-03-20 21:06:11,21.1,Within SLA,0.0,0.0,Panel Cleaned,Fingal
CASE-00404,WO-00404,ACC-006,Meath Wind Farm,Grid Curtailment Complaint,Medium,Open,Declan Ryan,2024-11-16 00:00:00,,,Breached,222.28,18.89,,Meath
CASE-00405,WO-00405,ACC-014,Meath Wind Farm,Grid Curtailment Complaint,Low,Closed,Aoife Kelly,2025-03-15 00:00:00,2025-03-19 11:49:30,107.83,Breached,106.03,9.01,Panel Cleaned,Meath
CASE-00406,WO-00406,ACC-001,South Dublin Wind Site,Panel Soiling,High,In Progress,Aoife Kelly,2025-02-18 00:00:00,,,Breached,0.0,0.0,,Kildare
CASE-00407,WO-00407,ACC-006,Fingal Wind Farm,Panel Soiling,Medium,In Progress,Sinéad Byrne,2025-03-03 00:00:00,,,Breached,224.78,19.11,,South
CASE-00408,WO-00408,ACC-011,Fingal Wind Farm,Maintenance Request,Low,Escalated,Seán O'Brien,2024-10-23 00:00:00,,,Breached,0.0,0.0,,Wicklow
CASE-00409,WO-00409,ACC-014,Kildare Solar Park,Meter Reading Issue,Medium,Closed,Declan Ryan,2024-04-27 00:00:00,2024-04-27 16:22:45,16.38,Within SLA,686.29,58.33,Grid Reconnected,South
CASE-00410,WO-00410,ACC-008,South Dublin Wind Site,Meter Reading Issue,Low,Open,Aoife Kelly,2025-02-18 00:00:00,,,Breached,11.36,0.97,,Kildare
CASE-00411,WO-00411,ACC-009,Fingal Wind Farm,Meter Reading Issue,Low,Closed,Ciarán Murphy,2024-01-22 00:00:00,2024-01-27 05:08:31,125.14,Breached,0.0,0.0,Pending Investigation,Fingal
CASE-00412,WO-00412,ACC-006,Fingal Wind Farm,Grid Curtailment Complaint,Critical,Open,Aoife Kelly,2024-11-28 00:00:00,,,Breached,89.24,7.59,,Fingal
CASE-00413,WO-00413,ACC-004,Kildare Solar Park,Inverter Failure,Medium,Closed,Declan Ryan,2024-06-24 00:00:00,2024-06-25 02:29:15,26.49,Breached,0.0,0.0,Panel Cleaned,Kildare
CASE-00414,WO-00414,ACC-013,Meath Wind Farm,Panel Soiling,Medium,In Progress,Aoife Kelly,2025-04-16 00:00:00,,,Breached,0.0,0.0,,Wicklow
CASE-00415,WO-00415,ACC-002,South Dublin Wind Site,Grid Curtailment Complaint,Critical,Closed,Sinéad Byrne,2025-01-05 00:00:00,2025-01-05 06:56:57,6.95,Breached,0.0,0.0,Inverter Repaired,Kildare
CASE-00416,WO-00416,ACC-016,Kildare Solar Park,Maintenance Request,Critical,In Progress,Seán O'Brien,2024-03-31 00:00:00,,,Breached,0.0,0.0,,Fingal
CASE-00417,WO-00417,ACC-008,Kildare Solar Park,Panel Soiling,High,In Progress,Niamh Walsh,2025-03-23 00:00:00,,,Breached,0.0,0.0,,Wicklow
CASE-00418,WO-00418,ACC-007,Meath Wind Farm,Turbine Fault,Medium,Closed,Niamh Walsh,2024-04-18 00:00:00,2024-04-20 03:18:45,51.31,Breached,139.69,11.87,Sensor Replaced,Kildare
CASE-00419,WO-00419,ACC-015,South Dublin Wind Site,Meter Reading Issue,Medium,Open,Sinéad Byrne,2024-09-06 00:00:00,,,Breached,0.0,0.0,,Wicklow
CASE-00420,WO-00420,ACC-012,Meath Wind Farm,Maintenance Request,Low,In Progress,Ciarán Murphy,2025-03-22 00:00:00,,,Breached,0.0,0.0,,Fingal
CASE-00421,WO-00421,ACC-010,Wicklow Solar Park,Turbine Fault,Medium,Closed,Aoife Kelly,2025-02-14 00:00:00,2025-02-15 10:28:47,34.48,Breached,473.42,40.24,Inverter Repaired,Kildare
CASE-00422,WO-00422,ACC-008,Fingal Wind Farm,Turbine Fault,Low,Closed,Seán O'Brien,2025-06-20 00:00:00,2025-06-23 09:12:37,81.21,Breached,0.0,0.0,Panel Cleaned,Fingal
CASE-00423,WO-00423,ACC-008,Fingal Wind Farm,Safety Inspection,Critical,Closed,Aoife Kelly,2024-03-21 00:00:00,2024-03-21 09:11:01,9.18,Breached,120.91,10.28,Panel Cleaned,Kildare
CASE-00424,WO-00424,ACC-001,Wicklow Solar Park,Sensor Dropout,Medium,Closed,Seán O'Brien,2025-02-09 00:00:00,2025-02-10 10:27:51,34.46,Breached,0.0,0.0,Scheduled Maintenance Done,Meath
CASE-00425,WO-00425,ACC-007,Meath Wind Farm,Sensor Dropout,Critical,Closed,Niamh Walsh,2024-11-13 00:00:00,2024-11-13 04:18:19,4.31,Breached,0.0,0.0,Grid Reconnected,Wicklow
CASE-00426,WO-00426,ACC-013,South Dublin Wind Site,Panel Soiling,High,Escalated,Seán O'Brien,2024-12-13 00:00:00,,,Breached,357.32,30.37,,South
CASE-00427,WO-00427,ACC-011,South Dublin Wind Site,Grid Curtailment Complaint,Low,Open,Declan Ryan,2024-08-14 00:00:00,,,Breached,646.27,54.93,,Meath
CASE-00428,WO-00428,ACC-009,Wicklow Solar Park,Grid Curtailment Complaint,Low,In Progress,Ciarán Murphy,2024-12-07 00:00:00,,,Breached,209.0,17.77,,Kildare
CASE-00429,WO-00429,ACC-003,Kildare Solar Park,Grid Curtailment Complaint,Medium,Escalated,Ciarán Murphy,2024-06-21 00:00:00,,,Breached,0.0,0.0,,Wicklow
CASE-00430,WO-00430,ACC-009,Wicklow Solar Park,Sensor Dropout,Critical,Open,Declan Ryan,2024-03-19 00:00:00,,,Breached,0.0,0.0,,Meath
CASE-00431,WO-00431,ACC-012,Wicklow Solar Park,Panel Soiling,Critical,Closed,Ciarán Murphy,2025-06-06 00:00:00,2025-06-06 08:50:09,8.84,Breached,0.0,0.0,Firmware Updated,Fingal
CASE-00432,WO-00432,ACC-017,Fingal Wind Farm,Sensor Dropout,Low,Closed,Niamh Walsh,2024-04-26 00:00:00,2024-04-30 02:43:07,98.72,Breached,0.0,0.0,Panel Cleaned,Kildare
CASE-00433,WO-00433,ACC-013,Meath Wind Farm,Sensor Dropout,Low,Open,Sinéad Byrne,2025-06-27 00:00:00,,,Within SLA,0.0,0.0,,Wicklow
CASE-00434,WO-00434,ACC-018,South Dublin Wind Site,Sensor Dropout,Medium,Open,Ciarán Murphy,2025-06-06 00:00:00,,,Breached,0.0,0.0,,South
CASE-00435,WO-00435,ACC-011,Fingal Wind Farm,Safety Inspection,Critical,Closed,Niamh Walsh,2024-07-17 00:00:00,2024-07-17 05:26:33,5.44,Breached,560.62,47.65,Firmware Updated,South
CASE-00436,WO-00436,ACC-001,Meath Wind Farm,Sensor Dropout,Low,Closed,Ciarán Murphy,2024-12-23 00:00:00,2024-12-27 21:18:25,117.31,Breached,0.0,0.0,Scheduled Maintenance Done,Fingal
CASE-00437,WO-00437,ACC-004,Kildare Solar Park,Safety Inspection,High,In Progress,Niamh Walsh,2024-12-25 00:00:00,,,Breached,387.93,32.97,,South
CASE-00438,WO-00438,ACC-009,Meath Wind Farm,Maintenance Request,Low,Escalated,Sinéad Byrne,2024-05-31 00:00:00,,,Breached,639.5,54.36,,Meath
CASE-00439,WO-00439,ACC-006,Kildare Solar Park,Inverter Failure,Medium,Closed,Declan Ryan,2024-08-29 00:00:00,2024-08-30 09:41:49,33.7,Breached,0.0,0.0,Grid Reconnected,Wicklow
CASE-00440,WO-00440,ACC-019,South Dublin Wind Site,Inverter Failure,Low,Closed,Sinéad Byrne,2024-04-15 00:00:00,2024-04-16 19:36:45,43.61,Within SLA,0.0,0.0,Pending Investigation,Kildare
CASE-00441,WO-00441,ACC-009,Fingal Wind Farm,Meter Reading Issue,Medium,In Progress,Seán O'Brien,2024-05-29 00:00:00,,,Breached,0.0,0.0,,Kildare
CASE-00442,WO-00442,ACC-002,Fingal Wind Farm,Inverter Failure,Medium,Closed,Seán O'Brien,2024-09-19 00:00:00,2024-09-19 15:56:38,15.94,Within SLA,689.61,58.62,Scheduled Maintenance Done,Fingal
CASE-00443,WO-00443,ACC-004,Kildare Solar Park,Meter Reading Issue,Critical,Escalated,Seán O'Brien,2024-07-21 00:00:00,,,Breached,274.28,23.31,,South
CASE-00444,WO-00444,ACC-020,Fingal Wind Farm,Maintenance Request,High,Closed,Seán O'Brien,2024-06-26 00:00:00,2024-06-26 03:45:24,3.76,Within SLA,67.52,5.74,Firmware Updated,Meath
CASE-00445,WO-00445,ACC-014,South Dublin Wind Site,Turbine Fault,High,Open,Sinéad Byrne,2024-06-05 00:00:00,,,Breached,116.06,9.87,,South
CASE-00446,WO-00446,ACC-012,Wicklow Solar Park,Inverter Failure,Low,Open,Sinéad Byrne,2024-03-18 00:00:00,,,Breached,747.15,63.51,,Meath
CASE-00447,WO-00447,ACC-011,South Dublin Wind Site,Sensor Dropout,Medium,In Progress,Declan Ryan,2024-06-30 00:00:00,,,Breached,123.32,10.48,,Fingal
CASE-00448,WO-00448,ACC-014,Meath Wind Farm,Meter Reading Issue,Low,Closed,Sinéad Byrne,2025-05-20 00:00:00,2025-05-25 03:31:36,123.53,Breached,0.0,0.0,,Fingal
CASE-00449,WO-00449,ACC-020,Meath Wind Farm,Safety Inspection,High,Open,Niamh Walsh,2025-04-20 00:00:00,,,Breached,0.0,0.0,,Kildare
CASE-00450,WO-00450,ACC-017,Meath Wind Farm,Panel Soiling,Low,Closed,Seán O'Brien,2025-04-04 00:00:00,2025-04-06 07:06:15,55.1,Within SLA,0.0,0.0,Panel Cleaned,Kildare
CASE-00451,WO-00451,ACC-004,Wicklow Solar Park,Safety Inspection,High,Closed,Ciarán Murphy,2024-11-26 00:00:00,2024-11-26 05:41:22,5.69,Within SLA,396.76,33.72,Sensor Replaced,Meath
CASE-00452,WO-00452,ACC-013,Fingal Wind Farm,Grid Curtailment Complaint,Low,In Progress,Seán O'Brien,2024-11-19 00:00:00,,,Breached,794.87,67.56,,Kildare
CASE-00453,WO-00453,ACC-019,Meath Wind Farm,Sensor Dropout,Medium,Open,Aoife Kelly,2024-06-03 00:00:00,,,Breached,616.29,52.38,,Wicklow
CASE-00454,WO-00454,ACC-007,Fingal Wind Farm,Turbine Fault,Medium,Closed,Ciarán Murphy,2025-03-26 00:00:00,2025-03-27 02:19:31,26.33,Breached,0.0,0.0,Firmware Updated,South
CASE-00455,WO-00455,ACC-009,South Dublin Wind Site,Grid Curtailment Complaint,Low,Closed,Seán O'Brien,2024-03-10 00:00:00,2024-03-15 15:13:14,135.22,Breached,0.0,0.0,Scheduled Maintenance Done,South
CASE-00456,WO-00456,ACC-002,South Dublin Wind Site,Turbine Fault,Critical,Closed,Declan Ryan,2025-04-25 00:00:00,2025-04-25 02:14:28,2.24,Within SLA,190.36,16.18,Scheduled Maintenance Done,South
CASE-00457,WO-00457,ACC-014,Meath Wind Farm,Inverter Failure,Medium,In Progress,Declan Ryan,2025-03-28 00:00:00,,,Breached,352.15,29.93,,Kildare
CASE-00458,WO-00458,ACC-001,Kildare Solar Park,Panel Soiling,Low,In Progress,Sinéad Byrne,2024-11-06 00:00:00,,,Breached,510.06,43.36,,South
CASE-00459,WO-00459,ACC-017,Kildare Solar Park,Safety Inspection,High,Open,Ciarán Murphy,2024-10-08 00:00:00,,,Breached,168.69,14.34,,Meath
CASE-00460,WO-00460,ACC-018,South Dublin Wind Site,Panel Soiling,Low,Closed,Niamh Walsh,2024-02-27 00:00:00,2024-02-29 10:05:12,58.09,Within SLA,0.0,0.0,Sensor Replaced,South
CASE-00461,WO-00461,ACC-007,South Dublin Wind Site,Sensor Dropout,Low,Closed,Sinéad Byrne,2024-12-26 00:00:00,2025-01-01 06:05:23,150.09,Breached,587.49,49.94,Firmware Updated,South
CASE-00462,WO-00462,ACC-012,Meath Wind Farm,Maintenance Request,Medium,Closed,Aoife Kelly,2025-06-03 00:00:00,2025-06-04 21:13:46,45.23,Breached,276.06,23.47,Sensor Replaced,Fingal
CASE-00463,WO-00463,ACC-014,Wicklow Solar Park,Inverter Failure,Low,Closed,Declan Ryan,2024-03-16 00:00:00,2024-03-20 01:52:20,97.87,Breached,0.0,0.0,Sensor Replaced,Wicklow
CASE-00464,WO-00464,ACC-003,Kildare Solar Park,Grid Curtailment Complaint,Critical,Closed,Declan Ryan,2024-11-13 00:00:00,2024-11-13 05:24:48,5.41,Breached,513.81,43.67,Panel Cleaned,Fingal
CASE-00465,WO-00465,ACC-011,Wicklow Solar Park,Turbine Fault,High,In Progress,Seán O'Brien,2025-04-17 00:00:00,,,Breached,604.39,51.37,,Fingal
CASE-00466,WO-00466,ACC-020,Fingal Wind Farm,Safety Inspection,Low,In Progress,Niamh Walsh,2025-04-07 00:00:00,,,Breached,92.8,7.89,,South
CASE-00467,WO-00467,ACC-011,South Dublin Wind Site,Safety Inspection,Medium,Open,Niamh Walsh,2024-02-08 00:00:00,,,Breached,0.0,0.0,,Wicklow
CASE-00468,WO-00468,ACC-004,Kildare Solar Park,Inverter Failure,Medium,Closed,Seán O'Brien,2024-02-28 00:00:00,2024-02-28 18:19:30,18.33,Within SLA,0.0,0.0,Grid Reconnected,Kildare
CASE-00469,WO-00469,ACC-010,South Dublin Wind Site,Maintenance Request,Low,Closed,Seán O'Brien,2025-01-12 00:00:00,2025-01-13 23:08:29,47.14,Within SLA,134.08,11.4,Firmware Updated,Wicklow
CASE-00470,WO-00470,ACC-017,Fingal Wind Farm,Sensor Dropout,Medium,Open,Aoife Kelly,2024-10-20 00:00:00,,,Breached,319.0,27.12,,Meath
CASE-00471,WO-00471,ACC-010,Kildare Solar Park,Turbine Fault,Medium,Closed,Sinéad Byrne,2024-03-19 00:00:00,2024-03-21 03:12:06,51.2,Breached,0.0,0.0,Inverter Repaired,Meath
CASE-00472,WO-00472,ACC-014,Fingal Wind Farm,Panel Soiling,Medium,Closed,Sinéad Byrne,2024-04-02 00:00:00,2024-04-02 08:23:06,8.39,Within SLA,241.09,20.49,Panel Cleaned,Kildare
CASE-00473,WO-00473,ACC-011,Fingal Wind Farm,Maintenance Request,Critical,Closed,Declan Ryan,2025-06-03 00:00:00,2025-06-03 01:34:46,1.58,Within SLA,596.92,50.74,Sensor Replaced,Wicklow
CASE-00474,WO-00474,ACC-013,Fingal Wind Farm,Sensor Dropout,Medium,Open,Ciarán Murphy,2025-01-28 00:00:00,,,Breached,0.0,0.0,,Kildare
CASE-00475,WO-00475,ACC-010,Wicklow Solar Park,Grid Curtailment Complaint,Low,In Progress,Seán O'Brien,2025-04-18 00:00:00,,,Breached,0.0,0.0,,Wicklow
CASE-00476,WO-00476,ACC-018,Wicklow Solar Park,Grid Curtailment Complaint,Medium,Closed,Ciarán Murphy,2024-02-12 00:00:00,2024-02-13 13:28:48,37.48,Breached,0.0,0.0,Sensor Replaced,Meath
CASE-00477,WO-00477,ACC-005,Fingal Wind Farm,Safety Inspection,Critical,In Progress,Declan Ryan,2025-04-05 00:00:00,,,Breached,601.94,51.16,,South
CASE-00478,WO-00478,ACC-007,Wicklow Solar Park,Maintenance Request,High,Closed,Aoife Kelly,2024-07-11 00:00:00,2024-07-11 05:14:09,5.24,Within SLA,0.0,0.0,Firmware Updated,South
CASE-00479,WO-00479,ACC-014,Wicklow Solar Park,Sensor Dropout,Medium,Closed,Seán O'Brien,2024-11-25 00:00:00,2024-11-26 16:26:23,40.44,Breached,0.0,0.0,,Fingal
CASE-00480,WO-00480,ACC-013,Fingal Wind Farm,Meter Reading Issue,Medium,In Progress,Niamh Walsh,2025-05-02 00:00:00,,,Breached,0.0,0.0,,Kildare
CASE-00481,WO-00481,ACC-006,Fingal Wind Farm,Grid Curtailment Complaint,Medium,In Progress,Seán O'Brien,2025-05-28 00:00:00,,,Breached,0.0,0.0,,Wicklow
CASE-00482,WO-00482,ACC-020,Wicklow Solar Park,Maintenance Request,High,In Progress,Niamh Walsh,2024-06-03 00:00:00,,,Breached,426.02,36.21,,Fingal
CASE-00483,WO-00483,ACC-019,Meath Wind Farm,Grid Curtailment Complaint,High,In Progress,Ciarán Murphy,2024-03-04 00:00:00,,,Breached,303.84,25.83,,Fingal
CASE-00484,WO-00484,ACC-010,Fingal Wind Farm,Sensor Dropout,Critical,Escalated,Seán O'Brien,2025-04-06 00:00:00,,,Breached,0.0,0.0,,Fingal
CASE-00485,WO-00485,ACC-013,Fingal Wind Farm,Sensor Dropout,High,Closed,Sinéad Byrne,2024-04-15 00:00:00,2024-04-15 03:05:23,3.09,Within SLA,0.0,0.0,Meter Recalibrated,Fingal
CASE-00486,WO-00486,ACC-018,Kildare Solar Park,Sensor Dropout,Medium,Closed,Sinéad Byrne,2024-12-17 00:00:00,2024-12-18 13:24:56,37.42,Breached,564.49,47.98,Firmware Updated,Kildare
CASE-00487,WO-00487,ACC-001,Fingal Wind Farm,Maintenance Request,High,In Progress,Sinéad Byrne,2024-03-27 00:00:00,,,Breached,0.0,0.0,,Wicklow
CASE-00488,WO-00488,ACC-010,Wicklow Solar Park,Panel Soiling,High,Open,Sinéad Byrne,2025-05-31 00:00:00,,,Breached,0.0,0.0,,Meath
CASE-00489,WO-00489,ACC-010,Wicklow Solar Park,Maintenance Request,High,Escalated,Sinéad Byrne,2024-06-25 00:00:00,,,Breached,379.67,32.27,,Fingal
CASE-00490,WO-00490,ACC-007,Wicklow Solar Park,Meter Reading Issue,Medium,Closed,Declan Ryan,2024-02-10 00:00:00,2024-02-10 10:09:07,10.15,Within SLA,116.12,9.87,Grid Reconnected,Fingal
CASE-00491,WO-00491,ACC-014,South Dublin Wind Site,Sensor Dropout,Medium,Closed,Aoife Kelly,2024-09-10 00:00:00,2024-09-10 20:50:09,20.84,Within SLA,0.0,0.0,Panel Cleaned,South
CASE-00492,WO-00492,ACC-019,Kildare Solar Park,Inverter Failure,Medium,In Progress,Aoife Kelly,2025-03-24 00:00:00,,,Breached,696.22,59.18,,Kildare
CASE-00493,WO-00493,ACC-020,South Dublin Wind Site,Sensor Dropout,Critical,Closed,Ciarán Murphy,2025-03-25 00:00:00,2025-03-25 02:47:03,2.78,Within SLA,0.0,0.0,Pending Investigation,South
CASE-00494,WO-00494,ACC-011,Fingal Wind Farm,Grid Curtailment Complaint,Medium,Closed,Niamh Walsh,2025-06-20 00:00:00,2025-06-22 09:47:41,57.79,Breached,0.0,0.0,Pending Investigation,South
CASE-00495,WO-00495,ACC-015,Kildare Solar Park,Safety Inspection,Critical,In Progress,Niamh Walsh,2025-06-19 00:00:00,,,Breached,0.0,0.0,,South
CASE-00496,WO-00496,ACC-015,Fingal Wind Farm,Safety Inspection,Medium,Open,Sinéad Byrne,2024-06-11 00:00:00,,,Breached,9.49,0.81,,South
CASE-00497,WO-00497,ACC-015,South Dublin Wind Site,Meter Reading Issue,High,Open,Niamh Walsh,2025-01-07 00:00:00,,,Breached,741.78,63.05,,Kildare
CASE-00498,WO-00498,ACC-007,South Dublin Wind Site,Meter Reading Issue,Medium,Closed,Ciarán Murphy,2025-01-16 00:00:00,2025-01-17 14:50:45,38.85,Breached,0.0,0.0,Panel Cleaned,Wicklow
CASE-00499,WO-00499,ACC-017,South Dublin Wind Site,Maintenance Request,High,Closed,Declan Ryan,2024-10-16 00:00:00,2024-10-16 12:19:09,12.32,Breached,0.0,0.0,Inverter Repaired,Fingal
CASE-00500,WO-00500,ACC-016,Kildare Solar Park,Meter Reading Issue,Medium,Closed,Aoife Kelly,2025-01-31 00:00:00,2025-01-31 08:10:59,8.18,Within SLA,0.0,0.0,Meter Recalibrated,South
CASE-00501,WO-00501,ACC-006,Fingal Wind Farm,Grid Curtailment Complaint,Critical,In Progress,Declan Ryan,2025-02-22 00:00:00,,,Breached,0.0,0.0,,Fingal
CASE-00502,WO-00502,ACC-003,Meath Wind Farm,Maintenance Request,Low,Closed,Niamh Walsh,2024-12-12 00:00:00,2024-12-17 15:34:34,135.58,Breached,359.06,30.52,Pending Investigation,Kildare
CASE-00503,WO-00503,ACC-010,Wicklow Solar Park,Meter Reading Issue,Low,Closed,Sinéad Byrne,2024-02-23 00:00:00,2024-02-28 06:25:13,126.42,Breached,0.0,0.0,Panel Cleaned,Wicklow
CASE-00504,WO-00504,ACC-017,Kildare Solar Park,Grid Curtailment Complaint,Low,In Progress,Aoife Kelly,2024-12-08 00:00:00,,,Breached,542.79,46.14,,South
CASE-00505,WO-00505,ACC-020,Meath Wind Farm,Turbine Fault,Medium,Open,Seán O'Brien,2024-03-08 00:00:00,,,Breached,0.0,0.0,,Kildare
CASE-00506,WO-00506,ACC-011,Fingal Wind Farm,Grid Curtailment Complaint,High,Closed,Ciarán Murphy,2024-12-03 00:00:00,2024-12-03 07:23:19,7.39,Within SLA,769.41,65.4,Grid Reconnected,Fingal
CASE-00507,WO-00507,ACC-003,Meath Wind Farm,Inverter Failure,Medium,Closed,Niamh Walsh,2024-04-06 00:00:00,2024-04-06 11:43:39,11.73,Within SLA,546.3,46.44,Sensor Replaced,Fingal
CASE-00508,WO-00508,ACC-008,Fingal Wind Farm,Grid Curtailment Complaint,High,Closed,Aoife Kelly,2025-01-30 00:00:00,2025-01-30 10:18:21,10.31,Breached,32.81,2.79,,Meath
CASE-00509,WO-00509,ACC-010,Kildare Solar Park,Grid Curtailment Complaint,High,Closed,Aoife Kelly,2024-10-17 00:00:00,2024-10-17 19:52:22,19.87,Breached,734.17,62.4,Inverter Repaired,Fingal
CASE-00510,WO-00510,ACC-008,Fingal Wind Farm,Turbine Fault,Medium,Closed,Declan Ryan,2024-09-15 00:00:00,2024-09-17 04:59:36,52.99,Breached,509.94,43.34,,South
CASE-00511,WO-00511,ACC-007,Kildare Solar Park,Grid Curtailment Complaint,Critical,Closed,Niamh Walsh,2024-06-02 00:00:00,2024-06-02 02:42:03,2.7,Within SLA,0.0,0.0,Firmware Updated,Wicklow
CASE-00512,WO-00512,ACC-005,South Dublin Wind Site,Inverter Failure,Medium,Closed,Ciarán Murphy,2024-12-07 00:00:00,2024-12-09 03:02:35,51.04,Breached,0.0,0.0,Sensor Replaced,South
CASE-00513,WO-00513,ACC-001,Meath Wind Farm,Sensor Dropout,Medium,Closed,Seán O'Brien,2024-03-24 00:00:00,2024-03-25 14:55:27,38.92,Breached,0.0,0.0,Sensor Replaced,South
CASE-00514,WO-00514,ACC-002,South Dublin Wind Site,Safety Inspection,Medium,Closed,Declan Ryan,2024-05-24 00:00:00,2024-05-26 01:09:20,49.16,Breached,764.95,65.02,Firmware Updated,Meath
CASE-00515,WO-00515,ACC-008,Fingal Wind Farm,Turbine Fault,Critical,Closed,Ciarán Murphy,2024-12-24 00:00:00,2024-12-24 08:25:11,8.42,Breached,0.0,0.0,,Meath
CASE-00516,WO-00516,ACC-016,Kildare Solar Park,Safety Inspection,High,In Progress,Sinéad Byrne,2024-11-13 00:00:00,,,Breached,345.43,29.36,,Fingal
CASE-00517,WO-00517,ACC-020,Meath Wind Farm,Inverter Failure,High,In Progress,Sinéad Byrne,2025-02-05 00:00:00,,,Breached,734.43,62.43,,Meath
CASE-00518,WO-00518,ACC-003,Wicklow Solar Park,Turbine Fault,Medium,In Progress,Declan Ryan,2024-05-12 00:00:00,,,Breached,0.0,0.0,,Meath
CASE-00519,WO-00519,ACC-015,Kildare Solar Park,Maintenance Request,Medium,Open,Aoife Kelly,2024-03-27 00:00:00,,,Breached,686.68,58.37,,Wicklow
CASE-00520,WO-00520,ACC-014,Meath Wind Farm,Inverter Failure,High,Closed,Aoife Kelly,2024-11-13 00:00:00,2024-11-13 05:36:04,5.6,Within SLA,267.97,22.78,Inverter Repaired,South
CASE-00521,WO-00521,ACC-019,Meath Wind Farm,Meter Reading Issue,High,Closed,Seán O'Brien,2025-01-20 00:00:00,2025-01-20 14:00:35,14.01,Breached,0.0,0.0,Firmware Updated,Kildare
CASE-00522,WO-00522,ACC-007,South Dublin Wind Site,Safety Inspection,High,Open,Sinéad Byrne,2024-12-02 00:00:00,,,Breached,0.0,0.0,,Wicklow
CASE-00523,WO-00523,ACC-013,Fingal Wind Farm,Sensor Dropout,Low,Closed,Ciarán Murphy,2024-05-10 00:00:00,2024-05-12 15:30:00,63.5,Within SLA,213.67,18.16,,Kildare
CASE-00524,WO-00524,ACC-016,Kildare Solar Park,Maintenance Request,High,In Progress,Ciarán Murphy,2025-06-23 00:00:00,,,Breached,78.62,6.68,,Kildare
CASE-00525,WO-00525,ACC-013,Kildare Solar Park,Grid Curtailment Complaint,Medium,Escalated,Niamh Walsh,2024-04-05 00:00:00,,,Breached,0.0,0.0,,Kildare
CASE-00526,WO-00526,ACC-008,Kildare Solar Park,Sensor Dropout,Low,Closed,Declan Ryan,2025-03-09 00:00:00,2025-03-14 16:18:40,136.31,Breached,523.47,44.49,Scheduled Maintenance Done,Fingal
CASE-00527,WO-00527,ACC-005,Kildare Solar Park,Turbine Fault,High,Closed,Ciarán Murphy,2025-06-04 00:00:00,2025-06-04 08:25:51,8.43,Breached,0.0,0.0,Panel Cleaned,Meath
CASE-00528,WO-00528,ACC-001,Fingal Wind Farm,Maintenance Request,High,Closed,Declan Ryan,2025-01-05 00:00:00,2025-01-05 10:22:51,10.38,Breached,0.0,0.0,Sensor Replaced,South
CASE-00529,WO-00529,ACC-004,South Dublin Wind Site,Turbine Fault,Low,Escalated,Sinéad Byrne,2024-01-19 00:00:00,,,Breached,0.0,0.0,,Wicklow
CASE-00530,WO-00530,ACC-014,Fingal Wind Farm,Sensor Dropout,Low,Closed,Sinéad Byrne,2025-01-06 00:00:00,2025-01-10 19:09:01,115.15,Breached,0.0,0.0,Grid Reconnected,Wicklow
CASE-00531,WO-00531,ACC-008,Fingal Wind Farm,Sensor Dropout,Low,Closed,Declan Ryan,2024-11-12 00:00:00,2024-11-14 10:00:09,58.0,Within SLA,0.0,0.0,Sensor Replaced,Kildare
CASE-00532,WO-00532,ACC-006,Fingal Wind Farm,Maintenance Request,High,Closed,Niamh Walsh,2024-07-03 00:00:00,2024-07-03 09:11:02,9.18,Breached,312.92,26.6,Grid Reconnected,Fingal
CASE-00533,WO-00533,ACC-017,Wicklow Solar Park,Panel Soiling,High,Open,Niamh Walsh,2024-08-07 00:00:00,,,Breached,0.0,0.0,,South
CASE-00534,WO-00534,ACC-015,Wicklow Solar Park,Panel Soiling,Low,Open,Seán O'Brien,2024-12-15 00:00:00,,,Breached,0.0,0.0,,Fingal
CASE-00535,WO-00535,ACC-002,Meath Wind Farm,Turbine Fault,High,Open,Declan Ryan,2025-05-12 00:00:00,,,Breached,618.52,52.57,,Fingal
CASE-00536,WO-00536,ACC-018,Fingal Wind Farm,Turbine Fault,High,In Progress,Declan Ryan,2024-07-15 00:00:00,,,Breached,0.0,0.0,,Kildare
CASE-00537,WO-00537,ACC-008,Kildare Solar Park,Inverter Failure,Low,Closed,Seán O'Brien,2024-08-19 00:00:00,2024-08-20 14:47:51,38.8,Within SLA,0.0,0.0,Scheduled Maintenance Done,South
CASE-00538,WO-00538,ACC-004,Fingal Wind Farm,Inverter Failure,Low,Closed,Niamh Walsh,2024-05-20 00:00:00,2024-05-22 05:39:07,53.65,Within SLA,599.27,50.94,Scheduled Maintenance Done,Fingal
CASE-00539,WO-00539,ACC-015,Kildare Solar Park,Panel Soiling,High,Open,Niamh Walsh,2024-06-07 00:00:00,,,Breached,0.0,0.0,,Fingal
CASE-00540,WO-00540,ACC-005,Wicklow Solar Park,Turbine Fault,Medium,Closed,Sinéad Byrne,2024-03-20 00:00:00,2024-03-22 04:35:11,52.59,Breached,0.0,0.0,Panel Cleaned,Kildare
CASE-00541,WO-00541,ACC-015,Kildare Solar Park,Panel Soiling,Medium,In Progress,Declan Ryan,2024-10-29 00:00:00,,,Breached,587.45,49.93,,Meath
CASE-00542,WO-00542,ACC-017,South Dublin Wind Site,Sensor Dropout,Medium,Open,Aoife Kelly,2024-04-13 00:00:00,,,Breached,470.98,40.03,,Meath
CASE-00543,WO-00543,ACC-018,Meath Wind Farm,Inverter Failure,High,In Progress,Ciarán Murphy,2025-06-03 00:00:00,,,Breached,155.94,13.25,,South
CASE-00544,WO-00544,ACC-020,Meath Wind Farm,Grid Curtailment Complaint,Medium,Closed,Ciarán Murphy,2025-06-23 00:00:00,2025-06-24 09:49:48,33.83,Breached,0.0,0.0,Meter Recalibrated,Wicklow
CASE-00545,WO-00545,ACC-011,Kildare Solar Park,Panel Soiling,Low,In Progress,Ciarán Murphy,2024-02-08 00:00:00,,,Breached,0.0,0.0,,Kildare
CASE-00546,WO-00546,ACC-015,South Dublin Wind Site,Turbine Fault,Medium,Closed,Declan Ryan,2024-12-10 00:00:00,2024-12-11 05:21:54,29.37,Breached,269.93,22.94,Inverter Repaired,Meath
CASE-00547,WO-00547,ACC-020,Fingal Wind Farm,Turbine Fault,High,In Progress,Sinéad Byrne,2024-05-14 00:00:00,,,Breached,552.22,46.94,,Fingal
CASE-00548,WO-00548,ACC-017,Fingal Wind Farm,Sensor Dropout,Medium,In Progress,Declan Ryan,2025-01-20 00:00:00,,,Breached,143.93,12.23,,Meath
CASE-00549,WO-00549,ACC-014,South Dublin Wind Site,Panel Soiling,Medium,In Progress,Ciarán Murphy,2024-06-06 00:00:00,,,Breached,0.0,0.0,,South
CASE-00550,WO-00550,ACC-018,Meath Wind Farm,Sensor Dropout,Medium,Closed,Seán O'Brien,2024-06-15 00:00:00,2024-06-15 15:05:48,15.1,Within SLA,0.0,0.0,Grid Reconnected,Kildare
CASE-00551,WO-00551,ACC-015,Wicklow Solar Park,Panel Soiling,Medium,Escalated,Sinéad Byrne,2024-07-04 00:00:00,,,Breached,438.09,37.24,,Kildare
CASE-00552,WO-00552,ACC-006,Fingal Wind Farm,Sensor Dropout,Medium,Closed,Sinéad Byrne,2024-06-18 00:00:00,2024-06-18 12:17:04,12.28,Within SLA,0.0,0.0,Scheduled Maintenance Done,South
CASE-00553,WO-00553,ACC-016,South Dublin Wind Site,Maintenance Request,Low,Closed,Niamh Walsh,2025-03-24 00:00:00,2025-03-28 00:58:39,96.98,Breached,0.0,0.0,Firmware Updated,South
CASE-00554,WO-00554,ACC-015,Meath Wind Farm,Turbine Fault,Medium,Closed,Ciarán Murphy,2024-02-14 00:00:00,2024-02-15 15:39:31,39.66,Breached,0.0,0.0,Pending Investigation,Meath
CASE-00555,WO-00555,ACC-009,Fingal Wind Farm,Inverter Failure,Medium,Open,Ciarán Murphy,2025-02-24 00:00:00,,,Breached,538.24,45.75,,Wicklow
CASE-00556,WO-00556,ACC-008,Meath Wind Farm,Maintenance Request,Medium,Closed,Niamh Walsh,2025-01-08 00:00:00,2025-01-08 09:15:40,9.26,Within SLA,0.0,0.0,Panel Cleaned,Fingal
CASE-00557,WO-00557,ACC-009,Wicklow Solar Park,Grid Curtailment Complaint,High,Escalated,Sinéad Byrne,2024-08-31 00:00:00,,,Breached,665.35,56.55,,Kildare
CASE-00558,WO-00558,ACC-017,Fingal Wind Farm,Sensor Dropout,Medium,Closed,Sinéad Byrne,2025-03-30 00:00:00,2025-04-01 00:35:17,48.59,Breached,0.0,0.0,Firmware Updated,Fingal
CASE-00559,WO-00559,ACC-016,Fingal Wind Farm,Maintenance Request,Low,In Progress,Aoife Kelly,2024-10-18 00:00:00,,,Breached,0.0,0.0,,Kildare
CASE-00560,WO-00560,ACC-008,Meath Wind Farm,Sensor Dropout,Low,In Progress,Seán O'Brien,2025-04-04 00:00:00,,,Breached,0.0,0.0,,South
CASE-00561,WO-00561,ACC-009,Meath Wind Farm,Turbine Fault,Medium,Open,Declan Ryan,2024-08-27 00:00:00,,,Breached,0.0,0.0,,Wicklow
CASE-00562,WO-00562,ACC-015,Fingal Wind Farm,Turbine Fault,Medium,Closed,Declan Ryan,2025-06-30 00:00:00,2025-07-01 09:46:32,33.78,Breached,0.0,0.0,Grid Reconnected,Fingal
CASE-00563,WO-00563,ACC-003,South Dublin Wind Site,Sensor Dropout,Medium,Open,Niamh Walsh,2024-09-01 00:00:00,,,Breached,9.57,0.81,,South
CASE-00564,WO-00564,ACC-010,South Dublin Wind Site,Sensor Dropout,High,In Progress,Niamh Walsh,2024-11-12 00:00:00,,,Breached,78.16,6.64,,Wicklow
CASE-00565,WO-00565,ACC-008,Fingal Wind Farm,Sensor Dropout,Medium,In Progress,Aoife Kelly,2025-04-25 00:00:00,,,Breached,0.0,0.0,,Kildare
CASE-00566,WO-00566,ACC-009,South Dublin Wind Site,Sensor Dropout,Medium,Closed,Seán O'Brien,2024-07-17 00:00:00,2024-07-17 13:24:17,13.4,Within SLA,83.13,7.07,Firmware Updated,South
CASE-00567,WO-00567,ACC-011,Kildare Solar Park,Inverter Failure,Low,Closed,Niamh Walsh,2025-01-11 00:00:00,2025-01-15 01:59:13,97.99,Breached,0.0,0.0,Inverter Repaired,Fingal
CASE-00568,WO-00568,ACC-011,Meath Wind Farm,Safety Inspection,Critical,Escalated,Seán O'Brien,2025-03-27 00:00:00,,,Breached,0.0,0.0,,Fingal
CASE-00569,WO-00569,ACC-018,South Dublin Wind Site,Panel Soiling,Low,In Progress,Ciarán Murphy,2025-04-17 00:00:00,,,Breached,356.75,30.32,,Wicklow
CASE-00570,WO-00570,ACC-003,Fingal Wind Farm,Safety Inspection,Medium,Closed,Sinéad Byrne,2024-10-15 00:00:00,2024-10-15 14:04:52,14.08,Within SLA,0.0,0.0,Meter Recalibrated,Meath
CASE-00571,WO-00571,ACC-005,South Dublin Wind Site,Meter Reading Issue,Medium,Closed,Sinéad Byrne,2025-01-26 00:00:00,2025-01-27 15:03:48,39.06,Breached,0.0,0.0,Firmware Updated,Kildare
CASE-00572,WO-00572,ACC-005,Wicklow Solar Park,Inverter Failure,Medium,Escalated,Seán O'Brien,2025-05-29 00:00:00,,,Breached,175.53,14.92,,South
CASE-00573,WO-00573,ACC-008,Kildare Solar Park,Grid Curtailment Complaint,Low,Closed,Seán O'Brien,2025-06-24 00:00:00,2025-06-30 08:40:46,152.68,Breached,0.0,0.0,Meter Recalibrated,Fingal
CASE-00574,WO-00574,ACC-013,Wicklow Solar Park,Maintenance Request,Medium,Open,Niamh Walsh,2025-03-04 00:00:00,,,Breached,226.64,19.26,,Meath
CASE-00575,WO-00575,ACC-005,Meath Wind Farm,Panel Soiling,Medium,Closed,Ciarán Murphy,2024-06-14 00:00:00,2024-06-16 06:33:35,54.56,Breached,154.46,13.13,Firmware Updated,Fingal
CASE-00576,WO-00576,ACC-007,Kildare Solar Park,Sensor Dropout,Low,Open,Niamh Walsh,2024-07-23 00:00:00,,,Breached,18.96,1.61,,Meath
CASE-00577,WO-00577,ACC-003,Wicklow Solar Park,Turbine Fault,Medium,In Progress,Declan Ryan,2024-05-21 00:00:00,,,Breached,0.0,0.0,,Meath
CASE-00578,WO-00578,ACC-014,Wicklow Solar Park,Meter Reading Issue,Low,Closed,Declan Ryan,2024-09-13 00:00:00,2024-09-19 00:20:22,144.34,Breached,0.0,0.0,Meter Recalibrated,Fingal
CASE-00579,WO-00579,ACC-014,Meath Wind Farm,Inverter Failure,Medium,Open,Niamh Walsh,2024-02-23 00:00:00,,,Breached,0.0,0.0,,Kildare
CASE-00580,WO-00580,ACC-011,Meath Wind Farm,Safety Inspection,Medium,Closed,Aoife Kelly,2025-05-07 00:00:00,2025-05-08 17:28:45,41.48,Breached,73.55,6.25,Firmware Updated,Fingal
CASE-00581,WO-00581,ACC-018,Wicklow Solar Park,Panel Soiling,Critical,Escalated,Sinéad Byrne,2025-01-15 00:00:00,,,Breached,750.8,63.82,,Wicklow
CASE-00582,WO-00582,ACC-015,Meath Wind Farm,Safety Inspection,Low,Closed,Ciarán Murphy,2024-04-15 00:00:00,2024-04-19 08:17:30,104.29,Breached,525.28,44.65,Sensor Replaced,Wicklow
CASE-00583,WO-00583,ACC-014,Meath Wind Farm,Maintenance Request,Medium,Open,Sinéad Byrne,2025-06-12 00:00:00,,,Breached,668.37,56.81,,Meath
CASE-00584,WO-00584,ACC-002,Kildare Solar Park,Grid Curtailment Complaint,Medium,Closed,Declan Ryan,2024-05-07 00:00:00,2024-05-08 02:45:21,26.76,Breached,0.0,0.0,Panel Cleaned,Kildare
CASE-00585,WO-00585,ACC-007,Wicklow Solar Park,Sensor Dropout,Medium,Closed,Seán O'Brien,2024-10-18 00:00:00,2024-10-18 09:29:36,9.49,Within SLA,0.0,0.0,Panel Cleaned,Meath
CASE-00586,WO-00586,ACC-014,Fingal Wind Farm,Safety Inspection,Critical,In Progress,Declan Ryan,2024-03-26 00:00:00,,,Breached,0.0,0.0,,Meath
CASE-00587,WO-00587,ACC-013,Kildare Solar Park,Sensor Dropout,Low,Closed,Seán O'Brien,2024-06-13 00:00:00,2024-06-17 09:31:22,105.52,Breached,0.0,0.0,Scheduled Maintenance Done,Meath
CASE-00588,WO-00588,ACC-019,Meath Wind Farm,Turbine Fault,Medium,In Progress,Declan Ryan,2024-10-06 00:00:00,,,Breached,760.39,64.63,,Meath
CASE-00589,WO-00589,ACC-001,Wicklow Solar Park,Sensor Dropout,Medium,Open,Seán O'Brien,2025-04-05 00:00:00,,,Breached,510.47,43.39,,Meath
CASE-00590,WO-00590,ACC-019,Fingal Wind Farm,Maintenance Request,Low,Open,Sinéad Byrne,2025-06-09 00:00:00,,,Breached,0.0,0.0,,Wicklow
CASE-00591,WO-00591,ACC-013,Fingal Wind Farm,Panel Soiling,Low,In Progress,Aoife Kelly,2024-05-30 00:00:00,,,Breached,0.0,0.0,,Wicklow
CASE-00592,WO-00592,ACC-016,Fingal Wind Farm,Safety Inspection,Medium,Open,Declan Ryan,2025-03-23 00:00:00,,,Breached,566.46,48.15,,South
CASE-00593,WO-00593,ACC-001,Fingal Wind Farm,Turbine Fault,Critical,In Progress,Aoife Kelly,2024-04-03 00:00:00,,,Breached,0.0,0.0,,Kildare
CASE-00594,WO-00594,ACC-012,Wicklow Solar Park,Safety Inspection,High,Closed,Declan Ryan,2024-08-15 00:00:00,2024-08-15 06:26:20,6.44,Within SLA,0.0,0.0,,Fingal
CASE-00595,WO-00595,ACC-010,South Dublin Wind Site,Sensor Dropout,Medium,Open,Declan Ryan,2025-04-06 00:00:00,,,Breached,0.0,0.0,,Fingal
CASE-00596,WO-00596,ACC-013,Kildare Solar Park,Grid Curtailment Complaint,Medium,Closed,Declan Ryan,2024-12-23 00:00:00,2024-12-25 01:33:41,49.56,Breached,95.98,8.16,Meter Recalibrated,Kildare
CASE-00597,WO-00597,ACC-014,Wicklow Solar Park,Maintenance Request,Medium,Closed,Ciarán Murphy,2024-01-28 00:00:00,2024-01-30 00:53:18,48.89,Breached,0.0,0.0,Panel Cleaned,Fingal
CASE-00598,WO-00598,ACC-018,Fingal Wind Farm,Sensor Dropout,Medium,In Progress,Sinéad Byrne,2025-02-28 00:00:00,,,Breached,685.15,58.24,,Fingal
CASE-00599,WO-00599,ACC-018,Wicklow Solar Park,Panel Soiling,Medium,Closed,Aoife Kelly,2024-02-24 00:00:00,2024-02-25 03:19:45,27.33,Breached,0.0,0.0,Scheduled Maintenance Done,Kildare
CASE-00600,WO-00600,ACC-020,Fingal Wind Farm,Meter Reading Issue,Medium,In Progress,Seán O'Brien,2025-02-09 00:00:00,,,Breached,0.0,0.0,,Wicklow
CASE-00601,WO-00601,ACC-008,Fingal Wind Farm,Grid Curtailment Complaint,Low,Open,Seán O'Brien,2025-05-29 00:00:00,,,Breached,0.0,0.0,,Wicklow
CASE-00602,WO-00602,ACC-016,Wicklow Solar Park,Grid Curtailment Complaint,Medium,In Progress,Sinéad Byrne,2025-01-17 00:00:00,,,Breached,0.0,0.0,,Kildare
CASE-00603,WO-00603,ACC-008,Wicklow Solar Park,Turbine Fault,Medium,Closed,Niamh Walsh,2024-08-29 00:00:00,2024-08-30 14:18:06,38.3,Breached,0.0,0.0,Panel Cleaned,Fingal
CASE-00604,WO-00604,ACC-009,Wicklow Solar Park,Meter Reading Issue,High,Open,Sinéad Byrne,2025-01-30 00:00:00,,,Breached,0.0,0.0,,Wicklow
CASE-00605,WO-00605,ACC-014,Kildare Solar Park,Grid Curtailment Complaint,Critical,Closed,Sinéad Byrne,2024-03-24 00:00:00,2024-03-24 07:43:27,7.72,Breached,0.0,0.0,Inverter Repaired,South
CASE-00606,WO-00606,ACC-016,Wicklow Solar Park,Panel Soiling,High,In Progress,Niamh Walsh,2025-01-18 00:00:00,,,Breached,0.0,0.0,,Kildare
CASE-00607,WO-00607,ACC-001,Meath Wind Farm,Sensor Dropout,Medium,In Progress,Seán O'Brien,2024-08-17 00:00:00,,,Breached,0.0,0.0,,Kildare
CASE-00608,WO-00608,ACC-013,Kildare Solar Park,Turbine Fault,Low,Closed,Declan Ryan,2024-01-29 00:00:00,2024-02-03 22:13:40,142.23,Breached,0.0,0.0,Inverter Repaired,Wicklow
CASE-00609,WO-00609,ACC-011,Kildare Solar Park,Inverter Failure,High,Closed,Sinéad Byrne,2024-11-22 00:00:00,2024-11-22 14:39:43,14.66,Breached,0.0,0.0,Meter Recalibrated,Kildare
CASE-00610,WO-00610,ACC-013,South Dublin Wind Site,Grid Curtailment Complaint,Low,In Progress,Declan Ryan,2024-04-11 00:00:00,,,Breached,0.0,0.0,,Kildare
CASE-00611,WO-00611,ACC-006,Meath Wind Farm,Panel Soiling,High,Closed,Seán O'Brien,2024-12-09 00:00:00,2024-12-09 04:07:11,4.12,Within SLA,0.0,0.0,Firmware Updated,Meath
CASE-00612,WO-00612,ACC-015,South Dublin Wind Site,Sensor Dropout,High,Closed,Niamh Walsh,2024-05-29 00:00:00,2024-05-29 04:45:22,4.76,Within SLA,103.93,8.83,Inverter Repaired,Wicklow
CASE-00613,WO-00613,ACC-005,Fingal Wind Farm,Grid Curtailment Complaint,Medium,In Progress,Aoife Kelly,2024-05-20 00:00:00,,,Breached,525.12,44.64,,Fingal
CASE-00614,WO-00614,ACC-020,Meath Wind Farm,Safety Inspection,High,Closed,Declan Ryan,2024-02-09 00:00:00,2024-02-09 10:47:51,10.8,Breached,0.0,0.0,Pending Investigation,Meath
CASE-00615,WO-00615,ACC-018,South Dublin Wind Site,Panel Soiling,Medium,In Progress,Aoife Kelly,2024-10-20 00:00:00,,,Breached,719.92,61.19,,Wicklow
CASE-00616,WO-00616,ACC-001,Kildare Solar Park,Meter Reading Issue,Medium,Open,Sinéad Byrne,2025-04-28 00:00:00,,,Breached,0.0,0.0,,Meath
CASE-00617,WO-00617,ACC-013,Kildare Solar Park,Panel Soiling,Medium,Closed,Seán O'Brien,2024-05-22 00:00:00,2024-05-22 19:28:36,19.48,Within SLA,452.86,38.49,Meter Recalibrated,Kildare
CASE-00618,WO-00618,ACC-019,Kildare Solar Park,Panel Soiling,Medium,Closed,Ciarán Murphy,2025-04-25 00:00:00,2025-04-27 04:33:28,52.56,Breached,773.73,65.77,Inverter Repaired,South
CASE-00619,WO-00619,ACC-019,Meath Wind Farm,Maintenance Request,High,In Progress,Declan Ryan,2025-04-04 00:00:00,,,Breached,716.8,60.93,,Kildare
CASE-00620,WO-00620,ACC-001,Fingal Wind Farm,Sensor Dropout,High,In Progress,Niamh Walsh,2024-01-06 00:00:00,,,Breached,0.0,0.0,,Kildare
CASE-00621,WO-00621,ACC-003,Meath Wind Farm,Inverter Failure,Low,Closed,Declan Ryan,2024-03-22 00:00:00,2024-03-24 18:28:09,66.47,Within SLA,0.0,0.0,Firmware Updated,Fingal
CASE-00622,WO-00622,ACC-014,South Dublin Wind Site,Safety Inspection,High,Open,Sinéad Byrne,2024-01-20 00:00:00,,,Breached,0.0,0.0,,Fingal
CASE-00623,WO-00623,ACC-005,Kildare Solar Park,Panel Soiling,Low,Closed,Declan Ryan,2024-09-19 00:00:00,2024-09-25 16:28:47,160.48,Breached,0.0,0.0,Sensor Replaced,South
CASE-00624,WO-00624,ACC-015,Wicklow Solar Park,Sensor Dropout,Medium,Closed,Seán O'Brien,2024-08-08 00:00:00,2024-08-09 04:46:35,28.78,Breached,556.52,47.3,Panel Cleaned,Fingal
CASE-00625,WO-00625,ACC-006,Meath Wind Farm,Grid Curtailment Complaint,Medium,Open,Ciarán Murphy,2024-06-02 00:00:00,,,Breached,202.67,17.23,,Fingal
CASE-00626,WO-00626,ACC-002,Fingal Wind Farm,Turbine Fault,High,In Progress,Ciarán Murphy,2025-06-24 00:00:00,,,Breached,0.0,0.0,,Meath
CASE-00627,WO-00627,ACC-009,Wicklow Solar Park,Meter Reading Issue,Low,Closed,Declan Ryan,2025-03-09 00:00:00,2025-03-11 03:32:27,51.54,Within SLA,0.0,0.0,Panel Cleaned,Kildare
CASE-00628,WO-00628,ACC-013,Meath Wind Farm,Meter Reading Issue,High,Open,Aoife Kelly,2024-04-23 00:00:00,,,Breached,0.0,0.0,,Fingal
CASE-00629,WO-00629,ACC-011,Fingal Wind Farm,Turbine Fault,High,Closed,Ciarán Murphy,2024-10-22 00:00:00,2024-10-22 14:52:51,14.88,Breached,0.0,0.0,Meter Recalibrated,Kildare
CASE-00630,WO-00630,ACC-007,Wicklow Solar Park,Sensor Dropout,High,In Progress,Aoife Kelly,2024-08-31 00:00:00,,,Breached,373.56,31.75,,Fingal
CASE-00631,WO-00631,ACC-015,Wicklow Solar Park,Safety Inspection,Medium,Escalated,Declan Ryan,2024-11-04 00:00:00,,,Breached,748.95,63.66,,Wicklow
CASE-00632,WO-00632,ACC-011,Wicklow Solar Park,Meter Reading Issue,Low,Open,Declan Ryan,2024-05-04 00:00:00,,,Breached,511.02,43.44,,South
CASE-00633,WO-00633,ACC-011,Meath Wind Farm,Sensor Dropout,High,Closed,Ciarán Murphy,2024-02-18 00:00:00,2024-02-18 16:17:37,16.29,Breached,0.0,0.0,Panel Cleaned,Meath
CASE-00634,WO-00634,ACC-013,Meath Wind Farm,Safety Inspection,Medium,Closed,Declan Ryan,2024-09-01 00:00:00,2024-09-02 13:43:03,37.72,Breached,738.16,62.74,Scheduled Maintenance Done,South
CASE-00635,WO-00635,ACC-009,South Dublin Wind Site,Meter Reading Issue,High,Closed,Niamh Walsh,2025-03-05 00:00:00,2025-03-05 04:28:25,4.47,Within SLA,0.0,0.0,Pending Investigation,Meath
CASE-00636,WO-00636,ACC-014,Meath Wind Farm,Maintenance Request,Medium,Open,Declan Ryan,2025-04-13 00:00:00,,,Breached,0.0,0.0,,Meath
CASE-00637,WO-00637,ACC-009,Kildare Solar Park,Grid Curtailment Complaint,Medium,Closed,Sinéad Byrne,2024-03-05 00:00:00,2024-03-05 07:34:47,7.58,Within SLA,0.0,0.0,Pending Investigation,Kildare
CASE-00638,WO-00638,ACC-003,Meath Wind Farm,Maintenance Request,Critical,In Progress,Ciarán Murphy,2024-04-23 00:00:00,,,Breached,0.0,0.0,,Fingal
CASE-00639,WO-00639,ACC-016,South Dublin Wind Site,Meter Reading Issue,Medium,In Progress,Sinéad Byrne,2025-05-26 00:00:00,,,Breached,0.0,0.0,,South
CASE-00640,WO-00640,ACC-001,Wicklow Solar Park,Turbine Fault,High,Escalated,Seán O'Brien,2024-01-17 00:00:00,,,Breached,221.11,18.79,,Meath
CASE-00641,WO-00641,ACC-018,Kildare Solar Park,Turbine Fault,Medium,Escalated,Sinéad Byrne,2025-06-11 00:00:00,,,Breached,0.0,0.0,,South
CASE-00642,WO-00642,ACC-002,South Dublin Wind Site,Maintenance Request,Medium,Open,Sinéad Byrne,2024-09-04 00:00:00,,,Breached,0.0,0.0,,South
CASE-00643,WO-00643,ACC-012,Kildare Solar Park,Meter Reading Issue,Medium,Closed,Ciarán Murphy,2024-05-27 00:00:00,2024-05-28 17:45:36,41.76,Breached,0.0,0.0,Firmware Updated,Meath
CASE-00644,WO-00644,ACC-008,Fingal Wind Farm,Meter Reading Issue,High,Closed,Sinéad Byrne,2024-10-25 00:00:00,2024-10-25 14:30:16,14.5,Breached,0.0,0.0,Firmware Updated,Fingal
CASE-00645,WO-00645,ACC-003,Fingal Wind Farm,Panel Soiling,Low,In Progress,Aoife Kelly,2025-03-15 00:00:00,,,Breached,0.0,0.0,,Fingal
CASE-00646,WO-00646,ACC-002,South Dublin Wind Site,Maintenance Request,Low,Closed,Ciarán Murphy,2024-01-02 00:00:00,2024-01-04 23:38:19,71.64,Within SLA,0.0,0.0,Scheduled Maintenance Done,Fingal
CASE-00647,WO-00647,ACC-001,Kildare Solar Park,Maintenance Request,Critical,Closed,Sinéad Byrne,2024-12-27 00:00:00,2024-12-27 04:23:16,4.39,Breached,341.59,29.04,Inverter Repaired,Kildare
CASE-00648,WO-00648,ACC-008,Wicklow Solar Park,Panel Soiling,High,In Progress,Niamh Walsh,2024-09-03 00:00:00,,,Breached,0.0,0.0,,Wicklow
CASE-00649,WO-00649,ACC-007,Fingal Wind Farm,Inverter Failure,Low,Closed,Niamh Walsh,2025-03-02 00:00:00,2025-03-03 22:07:00,46.12,Within SLA,722.71,61.43,Panel Cleaned,Meath
CASE-00650,WO-00650,ACC-001,South Dublin Wind Site,Maintenance Request,High,Open,Sinéad Byrne,2024-07-10 00:00:00,,,Breached,0.0,0.0,,Wicklow
CASE-00651,WO-00651,ACC-020,Kildare Solar Park,Meter Reading Issue,High,Closed,Niamh Walsh,2024-03-28 00:00:00,2024-03-28 13:52:03,13.87,Breached,0.0,0.0,Firmware Updated,South
CASE-00652,WO-00652,ACC-005,Fingal Wind Farm,Turbine Fault,Medium,Open,Seán O'Brien,2025-06-20 00:00:00,,,Breached,0.0,0.0,,Kildare
CASE-00653,WO-00653,ACC-008,Kildare Solar Park,Sensor Dropout,High,Closed,Ciarán Murphy,2025-01-04 00:00:00,2025-01-04 06:51:50,6.86,Within SLA,615.9,52.35,Meter Recalibrated,Meath
CASE-00654,WO-00654,ACC-005,Kildare Solar Park,Safety Inspection,Low,Open,Aoife Kelly,2024-03-10 00:00:00,,,Breached,0.0,0.0,,Kildare
CASE-00655,WO-00655,ACC-016,Kildare Solar Park,Sensor Dropout,Medium,Open,Seán O'Brien,2025-06-22 00:00:00,,,Breached,258.72,21.99,,Fingal
CASE-00656,WO-00656,ACC-004,Wicklow Solar Park,Inverter Failure,Medium,Open,Declan Ryan,2025-06-03 00:00:00,,,Breached,129.57,11.01,,Kildare
CASE-00657,WO-00657,ACC-019,Kildare Solar Park,Turbine Fault,Medium,Open,Sinéad Byrne,2025-06-03 00:00:00,,,Breached,0.0,0.0,,Wicklow
CASE-00658,WO-00658,ACC-007,Wicklow Solar Park,Panel Soiling,Medium,Open,Niamh Walsh,2024-01-21 00:00:00,,,Breached,0.0,0.0,,South
CASE-00659,WO-00659,ACC-015,Meath Wind Farm,Safety Inspection,Medium,In Progress,Seán O'Brien,2025-02-03 00:00:00,,,Breached,59.2,5.03,,Wicklow
CASE-00660,WO-00660,ACC-009,South Dublin Wind Site,Panel Soiling,High,Escalated,Declan Ryan,2025-04-26 00:00:00,,,Breached,0.0,0.0,,South
CASE-00661,WO-00661,ACC-012,Fingal Wind Farm,Turbine Fault,Low,In Progress,Declan Ryan,2024-02-14 00:00:00,,,Breached,0.0,0.0,,South
CASE-00662,WO-00662,ACC-006,Kildare Solar Park,Grid Curtailment Complaint,Medium,Closed,Niamh Walsh,2025-01-31 00:00:00,2025-02-02 04:20:34,52.34,Breached,621.68,52.84,Panel Cleaned,Meath
CASE-00663,WO-00663,ACC-020,Kildare Solar Park,Panel Soiling,Low,In Progress,Declan Ryan,2025-01-17 00:00:00,,,Breached,0.0,0.0,,Fingal
CASE-00664,WO-00664,ACC-020,Fingal Wind Farm,Meter Reading Issue,Medium,Open,Sinéad Byrne,2024-09-16 00:00:00,,,Breached,306.24,26.03,,Wicklow
CASE-00665,WO-00665,ACC-004,Kildare Solar Park,Inverter Failure,High,Escalated,Niamh Walsh,2024-01-17 00:00:00,,,Breached,0.0,0.0,,Wicklow
CASE-00666,WO-00666,ACC-006,Meath Wind Farm,Sensor Dropout,Medium,In Progress,Aoife Kelly,2024-12-31 00:00:00,,,Breached,0.0,0.0,,Fingal
CASE-00667,WO-00667,ACC-010,South Dublin Wind Site,Panel Soiling,Critical,Closed,Niamh Walsh,2024-03-10 00:00:00,2024-03-10 04:55:38,4.93,Breached,266.12,22.62,Panel Cleaned,South
CASE-00668,WO-00668,ACC-004,Meath Wind Farm,Panel Soiling,High,In Progress,Seán O'Brien,2024-12-19 00:00:00,,,Breached,48.05,4.08,,South
CASE-00669,WO-00669,ACC-019,South Dublin Wind Site,Safety Inspection,High,Open,Ciarán Murphy,2024-09-03 00:00:00,,,Breached,0.0,0.0,,Wicklow
CASE-00670,WO-00670,ACC-001,Kildare Solar Park,Meter Reading Issue,High,Closed,Ciarán Murphy,2024-04-16 00:00:00,2024-04-16 08:50:07,8.84,Breached,764.48,64.98,Scheduled Maintenance Done,Fingal
CASE-00671,WO-00671,ACC-010,Wicklow Solar Park,Inverter Failure,High,Closed,Seán O'Brien,2024-12-06 00:00:00,2024-12-06 07:14:59,7.25,Within SLA,0.0,0.0,Meter Recalibrated,Meath
CASE-00672,WO-00672,ACC-019,Meath Wind Farm,Inverter Failure,Medium,Closed,Declan Ryan,2024-05-16 00:00:00,2024-05-17 19:08:09,43.14,Breached,0.0,0.0,Meter Recalibrated,Kildare
CASE-00673,WO-00673,ACC-013,South Dublin Wind Site,Maintenance Request,Medium,Closed,Niamh Walsh,2024-02-15 00:00:00,2024-02-16 23:03:45,47.06,Breached,0.0,0.0,Pending Investigation,Wicklow
CASE-00674,WO-00674,ACC-013,Kildare Solar Park,Sensor Dropout,Medium,Open,Ciarán Murphy,2024-12-26 00:00:00,,,Breached,0.0,0.0,,South
CASE-00675,WO-00675,ACC-007,Kildare Solar Park,Maintenance Request,High,Open,Niamh Walsh,2024-12-12 00:00:00,,,Breached,0.0,0.0,,Kildare
CASE-00676,WO-00676,ACC-003,Meath Wind Farm,Grid Curtailment Complaint,Medium,Escalated,Niamh Walsh,2024-06-28 00:00:00,,,Breached,0.0,0.0,,Wicklow
CASE-00677,WO-00677,ACC-019,South Dublin Wind Site,Sensor Dropout,High,Closed,Aoife Kelly,2025-04-20 00:00:00,2025-04-20 09:40:22,9.67,Breached,211.73,18.0,Scheduled Maintenance Done,Fingal
CASE-00678,WO-00678,ACC-008,Fingal Wind Farm,Grid Curtailment Complaint,Medium,Open,Declan Ryan,2025-05-05 00:00:00,,,Breached,352.46,29.96,,South
CASE-00679,WO-00679,ACC-004,Wicklow Solar Park,Meter Reading Issue,Medium,In Progress,Declan Ryan,2024-07-05 00:00:00,,,Breached,393.38,33.44,,Wicklow
CASE-00680,WO-00680,ACC-010,Kildare Solar Park,Grid Curtailment Complaint,Medium,In Progress,Aoife Kelly,2024-05-18 00:00:00,,,Breached,742.87,63.14,,South
CASE-00681,WO-00681,ACC-020,Meath Wind Farm,Meter Reading Issue,Low,Closed,Seán O'Brien,2024-03-05 00:00:00,2024-03-11 01:45:07,145.75,Breached,0.0,0.0,Pending Investigation,South
CASE-00682,WO-00682,ACC-004,Wicklow Solar Park,Grid Curtailment Complaint,Medium,In Progress,Niamh Walsh,2025-04-13 00:00:00,,,Breached,0.0,0.0,,Wicklow
CASE-00683,WO-00683,ACC-019,Kildare Solar Park,Turbine Fault,Medium,Escalated,Seán O'Brien,2024-02-07 00:00:00,,,Breached,0.0,0.0,,South
CASE-00684,WO-00684,ACC-002,Wicklow Solar Park,Inverter Failure,High,Open,Niamh Walsh,2024-10-27 00:00:00,,,Breached,488.24,41.5,,Meath
CASE-00685,WO-00685,ACC-012,Kildare Solar Park,Turbine Fault,High,Open,Ciarán Murphy,2024-07-25 00:00:00,,,Breached,0.0,0.0,,South
CASE-00686,WO-00686,ACC-018,Meath Wind Farm,Panel Soiling,Medium,Open,Ciarán Murphy,2024-02-14 00:00:00,,,Breached,0.0,0.0,,Meath
CASE-00687,WO-00687,ACC-014,Meath Wind Farm,Grid Curtailment Complaint,Critical,In Progress,Sinéad Byrne,2024-07-23 00:00:00,,,Breached,0.0,0.0,,Kildare
CASE-00688,WO-00688,ACC-012,South Dublin Wind Site,Inverter Failure,Medium,Closed,Declan Ryan,2024-02-12 00:00:00,2024-02-13 08:40:27,32.67,Breached,142.75,12.13,Scheduled Maintenance Done,Wicklow
CASE-00689,WO-00689,ACC-003,Wicklow Solar Park,Grid Curtailment Complaint,Critical,In Progress,Aoife Kelly,2024-11-19 00:00:00,,,Breached,0.0,0.0,,South
CASE-00690,WO-00690,ACC-017,South Dublin Wind Site,Maintenance Request,High,Closed,Declan Ryan,2024-11-13 00:00:00,2024-11-13 08:54:56,8.92,Breached,0.0,0.0,Meter Recalibrated,Kildare
CASE-00691,WO-00691,ACC-011,Meath Wind Farm,Inverter Failure,Low,Open,Ciarán Murphy,2025-06-11 00:00:00,,,Breached,393.65,33.46,,Meath
CASE-00692,WO-00692,ACC-001,Kildare Solar Park,Meter Reading Issue,Low,Closed,Niamh Walsh,2025-02-11 00:00:00,2025-02-15 13:29:52,109.5,Breached,115.1,9.78,Panel Cleaned,South
CASE-00693,WO-00693,ACC-014,Fingal Wind Farm,Safety Inspection,Medium,Open,Niamh Walsh,2025-04-29 00:00:00,,,Breached,0.0,0.0,,Kildare
CASE-00694,WO-00694,ACC-016,South Dublin Wind Site,Meter Reading Issue,Medium,Closed,Declan Ryan,2024-09-16 00:00:00,2024-09-16 20:35:58,20.6,Within SLA,614.97,52.27,Grid Reconnected,Fingal
CASE-00695,WO-00695,ACC-004,Meath Wind Farm,Grid Curtailment Complaint,Medium,Closed,Seán O'Brien,2024-02-07 00:00:00,2024-02-07 23:23:28,23.39,Within SLA,0.0,0.0,Scheduled Maintenance Done,Meath
CASE-00696,WO-00696,ACC-014,Kildare Solar Park,Panel Soiling,Medium,Open,Niamh Walsh,2024-07-14 00:00:00,,,Breached,0.0,0.0,,Kildare
CASE-00697,WO-00697,ACC-012,Wicklow Solar Park,Grid Curtailment Complaint,Low,In Progress,Niamh Walsh,2024-10-19 00:00:00,,,Breached,0.0,0.0,,Wicklow
CASE-00698,WO-00698,ACC-015,Fingal Wind Farm,Sensor Dropout,Medium,In Progress,Declan Ryan,2024-12-31 00:00:00,,,Breached,0.0,0.0,,Meath
CASE-00699,WO-00699,ACC-005,South Dublin Wind Site,Safety Inspection,Critical,Closed,Declan Ryan,2024-02-18 00:00:00,2024-02-18 04:13:49,4.23,Breached,0.0,0.0,Scheduled Maintenance Done,Meath
CASE-00700,WO-00700,ACC-014,Fingal Wind Farm,Meter Reading Issue,Critical,Closed,Ciarán Murphy,2024-12-05 00:00:00,2024-12-05 07:24:30,7.41,Breached,0.0,0.0,,South
CASE-00701,WO-00701,ACC-006,Kildare Solar Park,Safety Inspection,Low,Open,Declan Ryan,2024-10-06 00:00:00,,,Breached,174.71,14.85,,Wicklow
CASE-00702,WO-00702,ACC-017,Fingal Wind Farm,Turbine Fault,High,Closed,Sinéad Byrne,2024-05-07 00:00:00,2024-05-07 15:20:59,15.35,Breached,514.67,43.75,Pending Investigation,Kildare
CASE-00703,WO-00703,ACC-009,South Dublin Wind Site,Safety Inspection,High,Open,Sinéad Byrne,2025-01-11 00:00:00,,,Breached,0.0,0.0,,South
CASE-00704,WO-00704,ACC-020,Meath Wind Farm,Sensor Dropout,Medium,In Progress,Aoife Kelly,2025-03-23 00:00:00,,,Breached,0.0,0.0,,Meath
CASE-00705,WO-00705,ACC-018,Kildare Solar Park,Safety Inspection,High,Closed,Niamh Walsh,2025-02-13 00:00:00,2025-02-13 17:26:52,17.45,Breached,730.09,62.06,,Wicklow
CASE-00706,WO-00706,ACC-016,Wicklow Solar Park,Panel Soiling,Medium,In Progress,Aoife Kelly,2025-03-26 00:00:00,,,Breached,0.0,0.0,,Meath
CASE-00707,WO-00707,ACC-015,Wicklow Solar Park,Meter Reading Issue,Medium,In Progress,Niamh Walsh,2025-01-30 00:00:00,,,Breached,0.0,0.0,,Fingal
CASE-00708,WO-00708,ACC-014,Kildare Solar Park,Sensor Dropout,Low,Closed,Declan Ryan,2024-12-13 00:00:00,2024-12-18 06:01:49,126.03,Breached,572.32,48.65,,South
CASE-00709,WO-00709,ACC-019,South Dublin Wind Site,Panel Soiling,Medium,Closed,Ciarán Murphy,2024-07-10 00:00:00,2024-07-11 22:41:04,46.68,Breached,0.0,0.0,Pending Investigation,Wicklow
CASE-00710,WO-00710,ACC-009,Meath Wind Farm,Maintenance Request,High,Closed,Ciarán Murphy,2025-05-23 00:00:00,2025-05-23 10:15:36,10.26,Breached,0.0,0.0,,Wicklow
CASE-00711,WO-00711,ACC-011,Meath Wind Farm,Safety Inspection,High,Closed,Aoife Kelly,2025-05-24 00:00:00,2025-05-24 14:42:28,14.71,Breached,0.0,0.0,,Kildare
CASE-00712,WO-00712,ACC-008,Kildare Solar Park,Inverter Failure,Low,Open,Ciarán Murphy,2025-01-11 00:00:00,,,Breached,0.0,0.0,,Kildare
CASE-00713,WO-00713,ACC-003,Meath Wind Farm,Panel Soiling,Low,Closed,Niamh Walsh,2025-06-15 00:00:00,2025-06-16 23:13:42,47.23,Within SLA,0.0,0.0,Grid Reconnected,Wicklow
CASE-00714,WO-00714,ACC-009,Wicklow Solar Park,Sensor Dropout,Medium,Open,Sinéad Byrne,2024-09-30 00:00:00,,,Breached,82.63,7.02,,Fingal
CASE-00715,WO-00715,ACC-015,Meath Wind Farm,Sensor Dropout,Low,Closed,Ciarán Murphy,2024-03-25 00:00:00,2024-03-27 07:34:12,55.57,Within SLA,0.0,0.0,Scheduled Maintenance Done,Fingal
CASE-00716,WO-00716,ACC-008,Wicklow Solar Park,Turbine Fault,Critical,Open,Sinéad Byrne,2025-03-10 00:00:00,,,Breached,58.34,4.96,,Kildare
CASE-00717,WO-00717,ACC-015,Fingal Wind Farm,Inverter Failure,Medium,In Progress,Niamh Walsh,2024-03-21 00:00:00,,,Breached,0.0,0.0,,Meath
CASE-00718,WO-00718,ACC-019,Fingal Wind Farm,Turbine Fault,Medium,Closed,Seán O'Brien,2025-03-16 00:00:00,2025-03-17 04:20:58,28.35,Breached,457.08,38.85,Firmware Updated,Fingal
CASE-00719,WO-00719,ACC-020,Wicklow Solar Park,Grid Curtailment Complaint,Low,Closed,Niamh Walsh,2024-07-03 00:00:00,2024-07-06 03:12:30,75.21,Breached,0.0,0.0,Scheduled Maintenance Done,Kildare
CASE-00720,WO-00720,ACC-013,South Dublin Wind Site,Turbine Fault,High,Closed,Seán O'Brien,2024-10-27 00:00:00,2024-10-27 12:05:24,12.09,Breached,0.0,0.0,,Meath
CASE-00721,WO-00721,ACC-011,Meath Wind Farm,Meter Reading Issue,Low,Open,Sinéad Byrne,2024-11-24 00:00:00,,,Breached,0.0,0.0,,Wicklow
CASE-00722,WO-00722,ACC-001,Kildare Solar Park,Safety Inspection,Low,In Progress,Ciarán Murphy,2024-04-15 00:00:00,,,Breached,0.0,0.0,,Fingal
CASE-00723,WO-00723,ACC-016,South Dublin Wind Site,Sensor Dropout,High,In Progress,Aoife Kelly,2024-03-22 00:00:00,,,Breached,0.0,0.0,,Kildare
CASE-00724,WO-00724,ACC-011,Wicklow Solar Park,Turbine Fault,Low,Open,Sinéad Byrne,2024-12-01 00:00:00,,,Breached,0.0,0.0,,Kildare
CASE-00725,WO-00725,ACC-006,Meath Wind Farm,Inverter Failure,Medium,Closed,Niamh Walsh,2024-10-29 00:00:00,2024-10-30 20:00:16,44.0,Breached,200.48,17.04,Grid Reconnected,Kildare
CASE-00726,WO-00726,ACC-016,South Dublin Wind Site,Inverter Failure,High,Closed,Declan Ryan,2024-11-09 00:00:00,2024-11-09 14:50:22,14.84,Breached,356.71,30.32,Firmware Updated,South
CASE-00727,WO-00727,ACC-007,Meath Wind Farm,Panel Soiling,Low,Closed,Niamh Walsh,2025-04-01 00:00:00,2025-04-02 23:03:39,47.06,Within SLA,717.21,60.96,Grid Reconnected,Wicklow
CASE-00728,WO-00728,ACC-012,Wicklow Solar Park,Meter Reading Issue,Medium,Open,Seán O'Brien,2025-03-12 00:00:00,,,Breached,119.08,10.12,,Wicklow
CASE-00729,WO-00729,ACC-009,Wicklow Solar Park,Turbine Fault,Low,Closed,Niamh Walsh,2024-06-19 00:00:00,2024-06-26 06:23:16,174.39,Breached,0.0,0.0,Meter Recalibrated,Fingal
CASE-00730,WO-00730,ACC-011,Meath Wind Farm,Sensor Dropout,Low,Open,Declan Ryan,2025-03-30 00:00:00,,,Breached,0.0,0.0,,Fingal
CASE-00731,WO-00731,ACC-009,Meath Wind Farm,Maintenance Request,High,In Progress,Niamh Walsh,2024-12-25 00:00:00,,,Breached,0.0,0.0,,Kildare
CASE-00732,WO-00732,ACC-020,Wicklow Solar Park,Grid Curtailment Complaint,Low,Open,Sinéad Byrne,2025-04-02 00:00:00,,,Breached,512.27,43.54,,South
CASE-00733,WO-00733,ACC-009,Meath Wind Farm,Meter Reading Issue,Medium,In Progress,Seán O'Brien,2024-02-13 00:00:00,,,Breached,746.31,63.44,,Fingal
CASE-00734,WO-00734,ACC-018,Kildare Solar Park,Panel Soiling,Medium,In Progress,Niamh Walsh,2024-12-27 00:00:00,,,Breached,0.0,0.0,,Meath
CASE-00735,WO-00735,ACC-001,Fingal Wind Farm,Panel Soiling,Medium,Closed,Aoife Kelly,2025-03-21 00:00:00,2025-03-21 07:28:45,7.48,Within SLA,531.68,45.19,Sensor Replaced,Fingal
CASE-00736,WO-00736,ACC-017,Fingal Wind Farm,Turbine Fault,Medium,Closed,Ciarán Murphy,2024-10-08 00:00:00,2024-10-08 12:00:34,12.01,Within SLA,213.15,18.12,Grid Reconnected,Kildare
CASE-00737,WO-00737,ACC-007,Wicklow Solar Park,Inverter Failure,High,Closed,Declan Ryan,2024-02-28 00:00:00,2024-02-28 04:57:28,4.96,Within SLA,0.0,0.0,Sensor Replaced,Meath
CASE-00738,WO-00738,ACC-003,Kildare Solar Park,Panel Soiling,High,Closed,Aoife Kelly,2024-03-17 00:00:00,2024-03-17 18:41:42,18.7,Breached,0.0,0.0,Meter Recalibrated,Kildare
CASE-00739,WO-00739,ACC-008,Meath Wind Farm,Turbine Fault,High,Closed,Aoife Kelly,2025-02-19 00:00:00,2025-02-19 10:03:45,10.06,Breached,560.04,47.6,,South
CASE-00740,WO-00740,ACC-014,Kildare Solar Park,Panel Soiling,High,Closed,Aoife Kelly,2025-01-07 00:00:00,2025-01-07 03:31:40,3.53,Within SLA,723.69,61.51,Pending Investigation,Wicklow
CASE-00741,WO-00741,ACC-016,South Dublin Wind Site,Maintenance Request,Critical,Closed,Declan Ryan,2025-06-09 00:00:00,2025-06-09 03:09:05,3.15,Within SLA,459.71,39.08,Panel Cleaned,Meath
CASE-00742,WO-00742,ACC-018,Fingal Wind Farm,Safety Inspection,Medium,In Progress,Sinéad Byrne,2024-06-12 00:00:00,,,Breached,412.31,35.05,,South
CASE-00743,WO-00743,ACC-008,Kildare Solar Park,Maintenance Request,High,Escalated,Niamh Walsh,2024-02-01 00:00:00,,,Breached,751.93,63.91,,Fingal
CASE-00744,WO-00744,ACC-016,Meath Wind Farm,Grid Curtailment Complaint,Medium,Closed,Aoife Kelly,2024-05-26 00:00:00,2024-05-26 11:25:33,11.43,Within SLA,392.54,33.37,Firmware Updated,Kildare
CASE-00745,WO-00745,ACC-016,South Dublin Wind Site,Maintenance Request,High,Open,Seán O'Brien,2025-03-24 00:00:00,,,Breached,0.0,0.0,,Kildare
CASE-00746,WO-00746,ACC-015,Wicklow Solar Park,Meter Reading Issue,Medium,Closed,Ciarán Murphy,2024-02-05 00:00:00,2024-02-05 09:11:36,9.19,Within SLA,348.85,29.65,Sensor Replaced,Kildare
CASE-00747,WO-00747,ACC-001,Kildare Solar Park,Grid Curtailment Complaint,High,In Progress,Niamh Walsh,2024-05-09 00:00:00,,,Breached,675.24,57.4,,Meath
CASE-00748,WO-00748,ACC-003,Wicklow Solar Park,Turbine Fault,High,In Progress,Ciarán Murphy,2024-03-09 00:00:00,,,Breached,0.0,0.0,,Wicklow
CASE-00749,WO-00749,ACC-010,Meath Wind Farm,Turbine Fault,Low,Closed,Aoife Kelly,2024-08-29 00:00:00,2024-09-01 10:28:38,82.48,Breached,624.75,53.1,Meter Recalibrated,Kildare
CASE-00750,WO-00750,ACC-008,Fingal Wind Farm,Turbine Fault,Low,In Progress,Seán O'Brien,2025-01-10 00:00:00,,,Breached,0.0,0.0,,Meath
CASE-00751,WO-00751,ACC-013,Fingal Wind Farm,Panel Soiling,Medium,Closed,Sinéad Byrne,2025-01-05 00:00:00,2025-01-07 11:10:43,59.18,Breached,0.0,0.0,Meter Recalibrated,Wicklow
CASE-00752,WO-00752,ACC-008,Kildare Solar Park,Maintenance Request,Critical,Closed,Seán O'Brien,2025-01-27 00:00:00,2025-01-27 06:36:10,6.6,Breached,0.0,0.0,Panel Cleaned,Fingal
CASE-00753,WO-00753,ACC-010,South Dublin Wind Site,Turbine Fault,Low,Closed,Ciarán Murphy,2024-02-03 00:00:00,2024-02-07 08:07:38,104.13,Breached,0.0,0.0,Inverter Repaired,Fingal
CASE-00754,WO-00754,ACC-019,Meath Wind Farm,Inverter Failure,Low,Open,Aoife Kelly,2024-06-06 00:00:00,,,Breached,0.0,0.0,,Meath
CASE-00755,WO-00755,ACC-012,Meath Wind Farm,Safety Inspection,Low,Closed,Seán O'Brien,2025-04-05 00:00:00,2025-04-10 14:19:06,134.32,Breached,628.31,53.41,Pending Investigation,Kildare
CASE-00756,WO-00756,ACC-016,Meath Wind Farm,Sensor Dropout,Low,Open,Declan Ryan,2025-01-14 00:00:00,,,Breached,0.0,0.0,,Fingal
CASE-00757,WO-00757,ACC-018,Wicklow Solar Park,Panel Soiling,Low,Closed,Niamh Walsh,2025-01-15 00:00:00,2025-01-19 20:14:22,116.24,Breached,432.1,36.73,Panel Cleaned,Meath
CASE-00758,WO-00758,ACC-017,Fingal Wind Farm,Meter Reading Issue,High,Closed,Ciarán Murphy,2025-03-30 00:00:00,2025-03-30 19:02:40,19.04,Breached,0.0,0.0,,Wicklow
CASE-00759,WO-00759,ACC-012,Fingal Wind Farm,Turbine Fault,Low,Closed,Declan Ryan,2024-03-19 00:00:00,2024-03-25 07:31:27,151.52,Breached,2.65,0.23,Scheduled Maintenance Done,Meath
CASE-00760,WO-00760,ACC-014,Fingal Wind Farm,Meter Reading Issue,High,Open,Sinéad Byrne,2024-05-20 00:00:00,,,Breached,0.0,0.0,,Kildare
CASE-00761,WO-00761,ACC-018,Kildare Solar Park,Grid Curtailment Complaint,Medium,Escalated,Declan Ryan,2025-06-26 00:00:00,,,Breached,763.32,64.88,,South
CASE-00762,WO-00762,ACC-011,South Dublin Wind Site,Panel Soiling,Low,In Progress,Aoife Kelly,2025-01-10 00:00:00,,,Breached,0.0,0.0,,Meath
CASE-00763,WO-00763,ACC-012,Wicklow Solar Park,Sensor Dropout,Low,Closed,Seán O'Brien,2025-02-11 00:00:00,2025-02-16 03:01:19,123.02,Breached,654.38,55.62,Grid Reconnected,Fingal
CASE-00764,WO-00764,ACC-015,Fingal Wind Farm,Turbine Fault,Medium,Open,Niamh Walsh,2024-11-17 00:00:00,,,Breached,0.0,0.0,,Meath
CASE-00765,WO-00765,ACC-009,South Dublin Wind Site,Maintenance Request,Medium,In Progress,Declan Ryan,2024-10-12 00:00:00,,,Breached,385.65,32.78,,Kildare
CASE-00766,WO-00766,ACC-010,South Dublin Wind Site,Inverter Failure,Medium,Closed,Niamh Walsh,2024-09-12 00:00:00,2024-09-13 06:22:39,30.38,Breached,0.0,0.0,Grid Reconnected,South
CASE-00767,WO-00767,ACC-009,Meath Wind Farm,Grid Curtailment Complaint,High,In Progress,Seán O'Brien,2024-04-26 00:00:00,,,Breached,453.8,38.57,,Wicklow
CASE-00768,WO-00768,ACC-008,Fingal Wind Farm,Meter Reading Issue,Medium,In Progress,Ciarán Murphy,2024-01-27 00:00:00,,,Breached,0.0,0.0,,Meath
CASE-00769,WO-00769,ACC-004,South Dublin Wind Site,Turbine Fault,Medium,Escalated,Sinéad Byrne,2024-07-09 00:00:00,,,Breached,0.0,0.0,,Meath
CASE-00770,WO-00770,ACC-007,Fingal Wind Farm,Sensor Dropout,Medium,Closed,Seán O'Brien,2025-05-26 00:00:00,2025-05-26 17:51:00,17.85,Within SLA,0.0,0.0,Grid Reconnected,Meath
CASE-00771,WO-00771,ACC-011,Wicklow Solar Park,Maintenance Request,Low,In Progress,Ciarán Murphy,2025-06-14 00:00:00,,,Breached,748.03,63.58,,Meath
CASE-00772,WO-00772,ACC-004,South Dublin Wind Site,Safety Inspection,Critical,Closed,Niamh Walsh,2025-01-31 00:00:00,2025-01-31 06:58:50,6.98,Breached,0.0,0.0,Sensor Replaced,Fingal
CASE-00773,WO-00773,ACC-018,South Dublin Wind Site,Grid Curtailment Complaint,Medium,In Progress,Ciarán Murphy,2024-04-30 00:00:00,,,Breached,287.13,24.41,,Meath
CASE-00774,WO-00774,ACC-006,Meath Wind Farm,Panel Soiling,High,Open,Ciarán Murphy,2024-09-25 00:00:00,,,Breached,0.0,0.0,,South
CASE-00775,WO-00775,ACC-007,Kildare Solar Park,Safety Inspection,Low,Escalated,Ciarán Murphy,2024-09-23 00:00:00,,,Breached,545.47,46.36,,Meath
CASE-00776,WO-00776,ACC-007,Wicklow Solar Park,Maintenance Request,Medium,Closed,Niamh Walsh,2025-04-01 00:00:00,2025-04-03 01:38:47,49.65,Breached,0.0,0.0,Panel Cleaned,Wicklow
CASE-00777,WO-00777,ACC-016,Fingal Wind Farm,Sensor Dropout,Low,Open,Ciarán Murphy,2024-08-07 00:00:00,,,Breached,0.0,0.0,,Wicklow
CASE-00778,WO-00778,ACC-009,South Dublin Wind Site,Panel Soiling,High,In Progress,Niamh Walsh,2024-10-19 00:00:00,,,Breached,320.49,27.24,,Kildare
CASE-00779,WO-00779,ACC-019,Wicklow Solar Park,Inverter Failure,Critical,Closed,Seán O'Brien,2025-05-17 00:00:00,2025-05-17 03:43:00,3.72,Within SLA,505.82,42.99,Firmware Updated,Kildare
CASE-00780,WO-00780,ACC-017,Fingal Wind Farm,Turbine Fault,Low,Open,Seán O'Brien,2024-07-23 00:00:00,,,Breached,0.0,0.0,,Meath
CASE-00781,WO-00781,ACC-020,Fingal Wind Farm,Grid Curtailment Complaint,Medium,Open,Aoife Kelly,2024-05-05 00:00:00,,,Breached,767.06,65.2,,Fingal
CASE-00782,WO-00782,ACC-010,Wicklow Solar Park,Turbine Fault,Medium,Closed,Sinéad Byrne,2024-05-18 00:00:00,2024-05-18 08:58:28,8.97,Within SLA,72.53,6.17,Panel Cleaned,Meath
CASE-00783,WO-00783,ACC-004,South Dublin Wind Site,Maintenance Request,Medium,Closed,Aoife Kelly,2024-03-16 00:00:00,2024-03-17 14:51:15,38.85,Breached,0.0,0.0,Scheduled Maintenance Done,Meath
CASE-00784,WO-00784,ACC-007,Meath Wind Farm,Inverter Failure,Medium,In Progress,Ciarán Murphy,2025-04-07 00:00:00,,,Breached,0.0,0.0,,Kildare
CASE-00785,WO-00785,ACC-010,South Dublin Wind Site,Grid Curtailment Complaint,Medium,Escalated,Seán O'Brien,2024-06-25 00:00:00,,,Breached,0.0,0.0,,Wicklow
CASE-00786,WO-00786,ACC-008,South Dublin Wind Site,Meter Reading Issue,Critical,In Progress,Sinéad Byrne,2025-03-31 00:00:00,,,Breached,0.0,0.0,,Kildare
CASE-00787,WO-00787,ACC-012,South Dublin Wind Site,Panel Soiling,Medium,Closed,Seán O'Brien,2024-03-30 00:00:00,2024-03-31 10:26:05,34.43,Breached,0.0,0.0,Sensor Replaced,Meath
CASE-00788,WO-00788,ACC-006,Kildare Solar Park,Sensor Dropout,High,Closed,Ciarán Murphy,2024-11-23 00:00:00,2024-11-23 06:28:38,6.48,Within SLA,0.0,0.0,Scheduled Maintenance Done,Fingal
CASE-00789,WO-00789,ACC-010,South Dublin Wind Site,Meter Reading Issue,Medium,In Progress,Sinéad Byrne,2024-12-21 00:00:00,,,Breached,0.0,0.0,,South
CASE-00790,WO-00790,ACC-001,Kildare Solar Park,Sensor Dropout,High,Open,Aoife Kelly,2024-03-07 00:00:00,,,Breached,0.0,0.0,,South
CASE-00791,WO-00791,ACC-018,Fingal Wind Farm,Inverter Failure,High,In Progress,Declan Ryan,2024-10-24 00:00:00,,,Breached,427.7,36.35,,Meath
CASE-00792,WO-00792,ACC-005,South Dublin Wind Site,Maintenance Request,Low,Escalated,Aoife Kelly,2024-11-03 00:00:00,,,Breached,0.0,0.0,,Fingal
CASE-00793,WO-00793,ACC-009,Kildare Solar Park,Turbine Fault,High,Closed,Declan Ryan,2024-06-10 00:00:00,2024-06-10 05:22:58,5.38,Within SLA,768.74,65.34,Meter Recalibrated,Fingal
CASE-00794,WO-00794,ACC-002,Meath Wind Farm,Panel Soiling,Medium,Closed,Seán O'Brien,2024-06-27 00:00:00,2024-06-27 09:06:14,9.1,Within SLA,0.0,0.0,Sensor Replaced,South
CASE-00795,WO-00795,ACC-002,Kildare Solar Park,Sensor Dropout,Medium,Escalated,Niamh Walsh,2025-01-05 00:00:00,,,Breached,0.0,0.0,,Wicklow
CASE-00796,WO-00796,ACC-018,Wicklow Solar Park,Safety Inspection,Medium,Closed,Declan Ryan,2025-06-04 00:00:00,2025-06-04 19:49:57,19.83,Within SLA,64.37,5.47,Firmware Updated,Kildare
CASE-00797,WO-00797,ACC-010,Kildare Solar Park,Maintenance Request,High,Closed,Sinéad Byrne,2024-08-17 00:00:00,2024-08-17 02:24:18,2.41,Within SLA,367.71,31.26,Firmware Updated,Fingal
CASE-00798,WO-00798,ACC-005,Meath Wind Farm,Panel Soiling,Medium,Open,Niamh Walsh,2024-05-04 00:00:00,,,Breached,613.21,52.12,,Kildare
CASE-00799,WO-00799,ACC-016,Fingal Wind Farm,Safety Inspection,Critical,Closed,Niamh Walsh,2024-07-24 00:00:00,2024-07-24 02:35:07,2.59,Within SLA,0.0,0.0,Pending Investigation,Meath
CASE-00800,WO-00800,ACC-004,Fingal Wind Farm,Maintenance Request,Critical,In Progress,Sinéad Byrne,2024-05-22 00:00:00,,,Breached,0.0,0.0,,Kildare
CASE-00801,WO-00801,ACC-001,South Dublin Wind Site,Inverter Failure,Low,In Progress,Aoife Kelly,2024-08-30 00:00:00,,,Breached,518.23,44.05,,Fingal
CASE-00802,WO-00802,ACC-019,Meath Wind Farm,Panel Soiling,Medium,Closed,Sinéad Byrne,2025-05-20 00:00:00,2025-05-22 11:49:55,59.83,Breached,141.29,12.01,Panel Cleaned,Wicklow
CASE-00803,WO-00803,ACC-010,Kildare Solar Park,Panel Soiling,High,Closed,Seán O'Brien,2024-01-27 00:00:00,2024-01-27 16:07:20,16.12,Breached,0.0,0.0,Sensor Replaced,Wicklow
CASE-00804,WO-00804,ACC-016,Meath Wind Farm,Panel Soiling,Low,In Progress,Seán O'Brien,2025-01-04 00:00:00,,,Breached,0.0,0.0,,Wicklow
CASE-00805,WO-00805,ACC-016,Meath Wind Farm,Turbine Fault,Medium,Escalated,Declan Ryan,2025-01-12 00:00:00,,,Breached,31.46,2.67,,Fingal
CASE-00806,WO-00806,ACC-015,Kildare Solar Park,Grid Curtailment Complaint,Critical,Closed,Sinéad Byrne,2025-04-23 00:00:00,2025-04-23 04:18:27,4.31,Breached,307.33,26.12,Panel Cleaned,Kildare
CASE-00807,WO-00807,ACC-011,South Dublin Wind Site,Meter Reading Issue,Low,Open,Niamh Walsh,2024-05-12 00:00:00,,,Breached,0.0,0.0,,Fingal
CASE-00808,WO-00808,ACC-006,Kildare Solar Park,Turbine Fault,High,Open,Niamh Walsh,2024-03-29 00:00:00,,,Breached,152.8,12.99,,Wicklow
CASE-00809,WO-00809,ACC-002,Meath Wind Farm,Grid Curtailment Complaint,Medium,Open,Sinéad Byrne,2024-03-08 00:00:00,,,Breached,0.0,0.0,,Meath
CASE-00810,WO-00810,ACC-009,Wicklow Solar Park,Maintenance Request,High,Closed,Seán O'Brien,2024-11-12 00:00:00,2024-11-12 09:21:16,9.35,Breached,0.0,0.0,Meter Recalibrated,Kildare
CASE-00811,WO-00811,ACC-016,South Dublin Wind Site,Maintenance Request,Medium,Closed,Ciarán Murphy,2025-02-11 00:00:00,2025-02-12 14:08:42,38.15,Breached,0.0,0.0,Panel Cleaned,Wicklow
CASE-00812,WO-00812,ACC-004,South Dublin Wind Site,Sensor Dropout,High,Open,Ciarán Murphy,2025-05-05 00:00:00,,,Breached,0.0,0.0,,South
CASE-00813,WO-00813,ACC-003,South Dublin Wind Site,Inverter Failure,Low,Closed,Niamh Walsh,2025-06-22 00:00:00,2025-06-26 07:36:37,103.61,Breached,0.0,0.0,Firmware Updated,Kildare
CASE-00814,WO-00814,ACC-013,Kildare Solar Park,Inverter Failure,High,Open,Ciarán Murphy,2025-02-24 00:00:00,,,Breached,556.71,47.32,,Kildare
CASE-00815,WO-00815,ACC-016,Wicklow Solar Park,Safety Inspection,Medium,Closed,Ciarán Murphy,2025-02-23 00:00:00,2025-02-24 22:06:34,46.11,Breached,0.0,0.0,Grid Reconnected,South
CASE-00816,WO-00816,ACC-003,South Dublin Wind Site,Maintenance Request,High,In Progress,Seán O'Brien,2024-03-16 00:00:00,,,Breached,717.17,60.96,,Fingal
CASE-00817,WO-00817,ACC-019,Fingal Wind Farm,Panel Soiling,Medium,Escalated,Declan Ryan,2024-05-08 00:00:00,,,Breached,504.49,42.88,,Meath
CASE-00818,WO-00818,ACC-002,South Dublin Wind Site,Meter Reading Issue,Low,Closed,Ciarán Murphy,2024-11-20 00:00:00,2024-11-21 08:28:08,32.47,Within SLA,0.0,0.0,Firmware Updated,Wicklow
CASE-00819,WO-00819,ACC-005,Wicklow Solar Park,Meter Reading Issue,High,Closed,Declan Ryan,2024-03-16 00:00:00,2024-03-16 03:59:12,3.99,Within SLA,0.0,0.0,Sensor Replaced,Fingal
CASE-00820,WO-00820,ACC-005,South Dublin Wind Site,Safety Inspection,Medium,Open,Sinéad Byrne,2025-04-05 00:00:00,,,Breached,0.0,0.0,,Fingal
CASE-00821,WO-00821,ACC-019,Wicklow Solar Park,Grid Curtailment Complaint,High,In Progress,Declan Ryan,2025-04-22 00:00:00,,,Breached,287.41,24.43,,Wicklow
CASE-00822,WO-00822,ACC-010,South Dublin Wind Site,Panel Soiling,Medium,Closed,Aoife Kelly,2025-06-13 00:00:00,2025-06-13 22:13:16,22.22,Within SLA,0.0,0.0,Scheduled Maintenance Done,Fingal
CASE-00823,WO-00823,ACC-003,Wicklow Solar Park,Grid Curtailment Complaint,High,Closed,Niamh Walsh,2024-12-18 00:00:00,2024-12-18 17:00:13,17.0,Breached,67.89,5.77,Panel Cleaned,Fingal
CASE-00824,WO-00824,ACC-008,Wicklow Solar Park,Safety Inspection,Medium,Closed,Declan Ryan,2024-05-11 00:00:00,2024-05-13 07:30:44,55.51,Breached,0.0,0.0,Panel Cleaned,Kildare
CASE-00825,WO-00825,ACC-004,Kildare Solar Park,Grid Curtailment Complaint,Medium,Closed,Aoife Kelly,2024-07-05 00:00:00,2024-07-06 01:34:45,25.58,Breached,0.0,0.0,Pending Investigation,Meath
CASE-00826,WO-00826,ACC-018,Meath Wind Farm,Sensor Dropout,Critical,Escalated,Sinéad Byrne,2024-05-12 00:00:00,,,Breached,0.0,0.0,,South
CASE-00827,WO-00827,ACC-014,Kildare Solar Park,Inverter Failure,Medium,Closed,Declan Ryan,2025-03-19 00:00:00,2025-03-21 10:03:41,58.06,Breached,506.23,43.03,Panel Cleaned,Meath
CASE-00828,WO-00828,ACC-020,South Dublin Wind Site,Sensor Dropout,High,Closed,Niamh Walsh,2025-05-29 00:00:00,2025-05-29 07:15:59,7.27,Within SLA,588.26,50.0,,Fingal
CASE-00829,WO-00829,ACC-020,Kildare Solar Park,Maintenance Request,High,Open,Aoife Kelly,2024-02-26 00:00:00,,,Breached,111.95,9.52,,Fingal
CASE-00830,WO-00830,ACC-020,South Dublin Wind Site,Turbine Fault,Medium,Escalated,Seán O'Brien,2024-05-07 00:00:00,,,Breached,0.0,0.0,,Meath
CASE-00831,WO-00831,ACC-008,Fingal Wind Farm,Inverter Failure,Critical,Escalated,Sinéad Byrne,2025-06-14 00:00:00,,,Breached,0.0,0.0,,South
CASE-00832,WO-00832,ACC-017,South Dublin Wind Site,Turbine Fault,Medium,Open,Sinéad Byrne,2024-06-05 00:00:00,,,Breached,0.0,0.0,,South
CASE-00833,WO-00833,ACC-013,South Dublin Wind Site,Inverter Failure,Low,Closed,Declan Ryan,2024-11-07 00:00:00,2024-11-11 21:38:52,117.65,Breached,0.0,0.0,Inverter Repaired,South
CASE-00834,WO-00834,ACC-015,Kildare Solar Park,Inverter Failure,Low,Closed,Aoife Kelly,2024-06-17 00:00:00,2024-06-19 04:24:46,52.41,Within SLA,0.0,0.0,Pending Investigation,Meath
CASE-00835,WO-00835,ACC-015,South Dublin Wind Site,Grid Curtailment Complaint,Medium,Escalated,Sinéad Byrne,2024-06-14 00:00:00,,,Breached,0.0,0.0,,South
CASE-00836,WO-00836,ACC-010,Kildare Solar Park,Inverter Failure,High,Escalated,Sinéad Byrne,2024-11-26 00:00:00,,,Breached,0.0,0.0,,Wicklow
CASE-00837,WO-00837,ACC-019,South Dublin Wind Site,Meter Reading Issue,Critical,Closed,Seán O'Brien,2024-08-18 00:00:00,2024-08-18 09:22:53,9.38,Breached,0.0,0.0,Scheduled Maintenance Done,South
CASE-00838,WO-00838,ACC-014,Kildare Solar Park,Safety Inspection,Medium,Open,Aoife Kelly,2024-12-20 00:00:00,,,Breached,0.0,0.0,,Wicklow
CASE-00839,WO-00839,ACC-010,Fingal Wind Farm,Panel Soiling,Medium,Closed,Ciarán Murphy,2025-06-15 00:00:00,2025-06-16 13:33:18,37.56,Breached,154.47,13.13,Meter Recalibrated,Meath
CASE-00840,WO-00840,ACC-019,South Dublin Wind Site,Meter Reading Issue,High,Closed,Ciarán Murphy,2024-10-17 00:00:00,2024-10-17 06:59:43,7.0,Within SLA,0.0,0.0,Pending Investigation,Wicklow
CASE-00841,WO-00841,ACC-020,Kildare Solar Park,Inverter Failure,High,Open,Declan Ryan,2024-03-21 00:00:00,,,Breached,0.0,0.0,,Fingal
CASE-00842,WO-00842,ACC-002,Kildare Solar Park,Inverter Failure,Low,In Progress,Sinéad Byrne,2024-09-13 00:00:00,,,Breached,0.0,0.0,,South
CASE-00843,WO-00843,ACC-020,South Dublin Wind Site,Safety Inspection,High,Closed,Ciarán Murphy,2024-07-20 00:00:00,2024-07-20 09:33:56,9.57,Breached,0.0,0.0,Sensor Replaced,Wicklow
CASE-00844,WO-00844,ACC-004,South Dublin Wind Site,Panel Soiling,Low,Closed,Ciarán Murphy,2024-10-08 00:00:00,2024-10-09 14:27:50,38.46,Within SLA,0.0,0.0,Inverter Repaired,Fingal
CASE-00845,WO-00845,ACC-007,Wicklow Solar Park,Turbine Fault,Low,Escalated,Declan Ryan,2024-05-08 00:00:00,,,Breached,0.0,0.0,,Wicklow
CASE-00846,WO-00846,ACC-007,South Dublin Wind Site,Turbine Fault,High,In Progress,Niamh Walsh,2024-11-06 00:00:00,,,Breached,0.0,0.0,,Meath
CASE-00847,WO-00847,ACC-009,Wicklow Solar Park,Turbine Fault,Low,Closed,Seán O'Brien,2025-06-30 00:00:00,2025-07-01 09:03:57,33.07,Within SLA,0.0,0.0,Firmware Updated,Meath
CASE-00848,WO-00848,ACC-003,Meath Wind Farm,Panel Soiling,High,Closed,Sinéad Byrne,2024-04-05 00:00:00,2024-04-05 07:34:43,7.58,Within SLA,575.79,48.94,Panel Cleaned,Kildare
CASE-00849,WO-00849,ACC-006,Fingal Wind Farm,Inverter Failure,Medium,Closed,Sinéad Byrne,2025-05-29 00:00:00,2025-05-31 09:12:08,57.2,Breached,474.36,40.32,Sensor Replaced,Wicklow
CASE-00850,WO-00850,ACC-008,South Dublin Wind Site,Grid Curtailment Complaint,Critical,In Progress,Seán O'Brien,2024-06-21 00:00:00,,,Breached,0.0,0.0,,South
CASE-00851,WO-00851,ACC-006,South Dublin Wind Site,Maintenance Request,Medium,Closed,Niamh Walsh,2024-06-06 00:00:00,2024-06-08 01:35:43,49.6,Breached,0.0,0.0,Sensor Replaced,Meath
CASE-00852,WO-00852,ACC-018,South Dublin Wind Site,Turbine Fault,Medium,Closed,Declan Ryan,2024-06-24 00:00:00,2024-06-26 09:42:51,57.71,Breached,0.0,0.0,Panel Cleaned,Wicklow
CASE-00853,WO-00853,ACC-003,Meath Wind Farm,Turbine Fault,Medium,Escalated,Seán O'Brien,2024-12-11 00:00:00,,,Breached,0.0,0.0,,Kildare
CASE-00854,WO-00854,ACC-006,Meath Wind Farm,Inverter Failure,Medium,Open,Niamh Walsh,2024-02-12 00:00:00,,,Breached,0.0,0.0,,Wicklow
CASE-00855,WO-00855,ACC-001,South Dublin Wind Site,Inverter Failure,High,In Progress,Sinéad Byrne,2024-01-30 00:00:00,,,Breached,0.0,0.0,,Fingal
CASE-00856,WO-00856,ACC-014,Wicklow Solar Park,Safety Inspection,Medium,Closed,Sinéad Byrne,2024-03-24 00:00:00,2024-03-26 05:27:31,53.46,Breached,391.39,33.27,,Meath
CASE-00857,WO-00857,ACC-015,South Dublin Wind Site,Meter Reading Issue,Medium,Closed,Declan Ryan,2024-02-16 00:00:00,2024-02-18 02:08:03,50.13,Breached,0.0,0.0,Panel Cleaned,Meath
CASE-00858,WO-00858,ACC-020,South Dublin Wind Site,Panel Soiling,Low,In Progress,Seán O'Brien,2024-09-28 00:00:00,,,Breached,0.0,0.0,,Fingal
CASE-00859,WO-00859,ACC-016,South Dublin Wind Site,Grid Curtailment Complaint,Critical,Closed,Niamh Walsh,2024-08-03 00:00:00,2024-08-03 06:15:32,6.26,Breached,0.0,0.0,Sensor Replaced,Meath
CASE-00860,WO-00860,ACC-010,Wicklow Solar Park,Inverter Failure,High,Closed,Sinéad Byrne,2025-03-02 00:00:00,2025-03-02 14:37:03,14.62,Breached,50.39,4.28,Scheduled Maintenance Done,Meath
CASE-00861,WO-00861,ACC-002,Meath Wind Farm,Turbine Fault,Low,Closed,Declan Ryan,2024-02-01 00:00:00,2024-02-08 06:37:23,174.62,Breached,0.0,0.0,Scheduled Maintenance Done,Fingal
CASE-00862,WO-00862,ACC-008,Kildare Solar Park,Maintenance Request,Medium,Closed,Declan Ryan,2025-05-24 00:00:00,2025-05-25 12:56:07,36.94,Breached,432.44,36.76,Pending Investigation,Kildare
CASE-00863,WO-00863,ACC-010,Wicklow Solar Park,Safety Inspection,Medium,Closed,Declan Ryan,2024-10-23 00:00:00,2024-10-24 23:51:15,47.85,Breached,0.0,0.0,,Wicklow
CASE-00864,WO-00864,ACC-010,South Dublin Wind Site,Turbine Fault,Low,In Progress,Declan Ryan,2024-11-05 00:00:00,,,Breached,0.0,0.0,,South
CASE-00865,WO-00865,ACC-015,Wicklow Solar Park,Meter Reading Issue,High,Closed,Aoife Kelly,2025-05-09 00:00:00,2025-05-09 15:43:53,15.73,Breached,0.0,0.0,Inverter Repaired,Wicklow
CASE-00866,WO-00866,ACC-003,Meath Wind Farm,Sensor Dropout,High,In Progress,Declan Ryan,2024-09-07 00:00:00,,,Breached,0.0,0.0,,Fingal
CASE-00867,WO-00867,ACC-008,Fingal Wind Farm,Maintenance Request,High,In Progress,Sinéad Byrne,2025-02-19 00:00:00,,,Breached,246.18,20.93,,South
CASE-00868,WO-00868,ACC-009,Fingal Wind Farm,Turbine Fault,Critical,Closed,Declan Ryan,2024-10-31 00:00:00,2024-10-31 09:39:32,9.66,Breached,0.0,0.0,,South
CASE-00869,WO-00869,ACC-019,Wicklow Solar Park,Safety Inspection,Medium,Closed,Sinéad Byrne,2025-04-09 00:00:00,2025-04-10 07:25:37,31.43,Breached,0.0,0.0,Inverter Repaired,Meath
CASE-00870,WO-00870,ACC-007,Wicklow Solar Park,Panel Soiling,Medium,Closed,Niamh Walsh,2024-03-15 00:00:00,2024-03-16 07:31:33,31.53,Breached,427.15,36.31,Grid Reconnected,Wicklow
CASE-00871,WO-00871,ACC-014,Wicklow Solar Park,Inverter Failure,Medium,Closed,Niamh Walsh,2024-03-02 00:00:00,2024-03-03 14:11:03,38.18,Breached,0.0,0.0,Scheduled Maintenance Done,Kildare
CASE-00872,WO-00872,ACC-004,Fingal Wind Farm,Maintenance Request,Low,Escalated,Niamh Walsh,2024-06-10 00:00:00,,,Breached,0.0,0.0,,South
CASE-00873,WO-00873,ACC-018,Meath Wind Farm,Meter Reading Issue,Medium,Closed,Sinéad Byrne,2025-03-26 00:00:00,2025-03-26 08:38:38,8.64,Within SLA,667.4,56.73,Panel Cleaned,Kildare
CASE-00874,WO-00874,ACC-008,Wicklow Solar Park,Safety Inspection,Low,In Progress,Declan Ryan,2025-03-01 00:00:00,,,Breached,0.0,0.0,,South
CASE-00875,WO-00875,ACC-005,Kildare Solar Park,Safety Inspection,Medium,Open,Sinéad Byrne,2025-05-10 00:00:00,,,Breached,359.45,30.55,,Meath
CASE-00876,WO-00876,ACC-009,Fingal Wind Farm,Safety Inspection,High,In Progress,Niamh Walsh,2025-04-20 00:00:00,,,Breached,0.0,0.0,,Kildare
CASE-00877,WO-00877,ACC-005,Fingal Wind Farm,Safety Inspection,Medium,Escalated,Aoife Kelly,2024-07-27 00:00:00,,,Breached,0.0,0.0,,Wicklow
CASE-00878,WO-00878,ACC-003,Meath Wind Farm,Safety Inspection,Medium,Closed,Ciarán Murphy,2024-12-14 00:00:00,2024-12-14 13:20:20,13.34,Within SLA,0.0,0.0,Inverter Repaired,Kildare
CASE-00879,WO-00879,ACC-002,South Dublin Wind Site,Turbine Fault,Medium,Closed,Sinéad Byrne,2024-05-27 00:00:00,2024-05-27 10:46:00,10.77,Within SLA,0.0,0.0,Firmware Updated,Fingal
CASE-00880,WO-00880,ACC-006,South Dublin Wind Site,Inverter Failure,High,In Progress,Niamh Walsh,2024-11-16 00:00:00,,,Breached,796.67,67.72,,Wicklow
CASE-00881,WO-00881,ACC-010,Wicklow Solar Park,Safety Inspection,Critical,Closed,Sinéad Byrne,2024-11-22 00:00:00,2024-11-22 06:46:34,6.78,Breached,0.0,0.0,,Kildare
CASE-00882,WO-00882,ACC-020,South Dublin Wind Site,Maintenance Request,Low,Closed,Seán O'Brien,2024-12-19 00:00:00,2024-12-26 11:04:51,179.08,Breached,29.63,2.52,Scheduled Maintenance Done,Wicklow
CASE-00883,WO-00883,ACC-019,Wicklow Solar Park,Inverter Failure,Low,In Progress,Seán O'Brien,2025-02-12 00:00:00,,,Breached,44.84,3.81,,Kildare
CASE-00884,WO-00884,ACC-010,Wicklow Solar Park,Sensor Dropout,Medium,Closed,Seán O'Brien,2024-05-13 00:00:00,2024-05-14 18:56:27,42.94,Breached,0.0,0.0,Panel Cleaned,Wicklow
CASE-00885,WO-00885,ACC-015,Kildare Solar Park,Panel Soiling,High,Closed,Ciarán Murphy,2025-01-14 00:00:00,2025-01-14 06:26:48,6.45,Within SLA,0.0,0.0,Grid Reconnected,Wicklow
CASE-00886,WO-00886,ACC-004,Meath Wind Farm,Grid Curtailment Complaint,Medium,Escalated,Sinéad Byrne,2025-06-11 00:00:00,,,Breached,630.22,53.57,,Kildare
CASE-00887,WO-00887,ACC-015,Wicklow Solar Park,Safety Inspection,Medium,Open,Aoife Kelly,2024-04-18 00:00:00,,,Breached,0.0,0.0,,Wicklow
CASE-00888,WO-00888,ACC-010,Kildare Solar Park,Inverter Failure,Medium,Open,Niamh Walsh,2024-11-22 00:00:00,,,Breached,34.25,2.91,,Kildare
CASE-00889,WO-00889,ACC-013,Wicklow Solar Park,Turbine Fault,Low,Closed,Declan Ryan,2024-09-04 00:00:00,2024-09-06 23:36:42,71.61,Within SLA,0.0,0.0,Scheduled Maintenance Done,Kildare
CASE-00890,WO-00890,ACC-009,South Dublin Wind Site,Grid Curtailment Complaint,Low,Open,Ciarán Murphy,2025-04-22 00:00:00,,,Breached,0.0,0.0,,South
CASE-00891,WO-00891,ACC-017,Wicklow Solar Park,Inverter Failure,Low,Closed,Aoife Kelly,2024-05-05 00:00:00,2024-05-12 04:56:33,172.94,Breached,0.0,0.0,Sensor Replaced,Wicklow
CASE-00892,WO-00892,ACC-018,Fingal Wind Farm,Grid Curtailment Complaint,High,Open,Aoife Kelly,2024-09-30 00:00:00,,,Breached,0.0,0.0,,Kildare
CASE-00893,WO-00893,ACC-016,Meath Wind Farm,Maintenance Request,Low,In Progress,Aoife Kelly,2025-04-05 00:00:00,,,Breached,94.55,8.04,,Meath
CASE-00894,WO-00894,ACC-015,Fingal Wind Farm,Panel Soiling,Medium,In Progress,Declan Ryan,2024-09-10 00:00:00,,,Breached,0.0,0.0,,Wicklow
CASE-00895,WO-00895,ACC-003,South Dublin Wind Site,Turbine Fault,Medium,Closed,Niamh Walsh,2024-05-24 00:00:00,2024-05-25 10:28:17,34.47,Breached,0.0,0.0,Grid Reconnected,Meath
CASE-00896,WO-00896,ACC-020,South Dublin Wind Site,Maintenance Request,Medium,Closed,Aoife Kelly,2024-04-09 00:00:00,2024-04-09 07:42:48,7.71,Within SLA,0.0,0.0,Scheduled Maintenance Done,South
CASE-00897,WO-00897,ACC-002,South Dublin Wind Site,Maintenance Request,Low,In Progress,Aoife Kelly,2024-02-21 00:00:00,,,Breached,645.68,54.88,,Wicklow
CASE-00898,WO-00898,ACC-014,Kildare Solar Park,Maintenance Request,Low,Closed,Sinéad Byrne,2024-10-24 00:00:00,2024-10-30 09:25:00,153.42,Breached,533.85,45.38,Panel Cleaned,Meath
CASE-00899,WO-00899,ACC-011,South Dublin Wind Site,Safety Inspection,Low,Open,Niamh Walsh,2025-01-28 00:00:00,,,Breached,0.0,0.0,,Fingal
CASE-00900,WO-00900,ACC-020,South Dublin Wind Site,Safety Inspection,Critical,Closed,Declan Ryan,2025-03-04 00:00:00,2025-03-04 03:23:04,3.38,Within SLA,0.0,0.0,,Kildare
CASE-00901,WO-00901,ACC-009,Wicklow Solar Park,Inverter Failure,Critical,Open,Ciarán Murphy,2024-09-11 00:00:00,,,Breached,366.7,31.17,,South
CASE-00902,WO-00902,ACC-001,Wicklow Solar Park,Turbine Fault,High,Closed,Seán O'Brien,2024-06-12 00:00:00,2024-06-12 04:02:13,4.04,Within SLA,542.46,46.11,Firmware Updated,Kildare
CASE-00903,WO-00903,ACC-003,South Dublin Wind Site,Sensor Dropout,Critical,Closed,Niamh Walsh,2024-12-01 00:00:00,2024-12-01 07:07:42,7.13,Breached,0.0,0.0,Pending Investigation,Wicklow
CASE-00904,WO-00904,ACC-008,South Dublin Wind Site,Meter Reading Issue,Critical,Closed,Seán O'Brien,2024-11-16 00:00:00,2024-11-16 08:25:31,8.43,Breached,699.4,59.45,Pending Investigation,Meath
CASE-00905,WO-00905,ACC-019,Fingal Wind Farm,Turbine Fault,Low,Closed,Seán O'Brien,2024-07-13 00:00:00,2024-07-14 09:38:34,33.64,Within SLA,119.16,10.13,Meter Recalibrated,Fingal
CASE-00906,WO-00906,ACC-019,Wicklow Solar Park,Grid Curtailment Complaint,Medium,Closed,Niamh Walsh,2024-06-12 00:00:00,2024-06-14 08:22:39,56.38,Breached,0.0,0.0,Scheduled Maintenance Done,South
CASE-00907,WO-00907,ACC-001,Fingal Wind Farm,Maintenance Request,Medium,In Progress,Aoife Kelly,2025-05-25 00:00:00,,,Breached,0.0,0.0,,Fingal
CASE-00908,WO-00908,ACC-009,Meath Wind Farm,Meter Reading Issue,Medium,Closed,Seán O'Brien,2025-06-11 00:00:00,2025-06-12 08:21:43,32.36,Breached,463.48,39.4,Scheduled Maintenance Done,Fingal
CASE-00909,WO-00909,ACC-019,Meath Wind Farm,Grid Curtailment Complaint,Medium,Closed,Ciarán Murphy,2025-04-23 00:00:00,2025-04-24 01:52:00,25.87,Breached,0.0,0.0,Panel Cleaned,Fingal
CASE-00910,WO-00910,ACC-002,Kildare Solar Park,Sensor Dropout,Medium,In Progress,Sinéad Byrne,2025-05-25 00:00:00,,,Breached,0.0,0.0,,South
CASE-00911,WO-00911,ACC-006,Fingal Wind Farm,Sensor Dropout,Critical,Closed,Aoife Kelly,2024-11-11 00:00:00,2024-11-11 09:04:11,9.07,Breached,0.0,0.0,Sensor Replaced,Meath
CASE-00912,WO-00912,ACC-016,Kildare Solar Park,Panel Soiling,Medium,Closed,Seán O'Brien,2025-05-24 00:00:00,2025-05-24 21:24:25,21.41,Within SLA,739.85,62.89,Meter Recalibrated,Wicklow
CASE-00913,WO-00913,ACC-017,South Dublin Wind Site,Panel Soiling,Medium,In Progress,Ciarán Murphy,2024-01-24 00:00:00,,,Breached,0.0,0.0,,South
CASE-00914,WO-00914,ACC-015,Fingal Wind Farm,Meter Reading Issue,High,Closed,Seán O'Brien,2024-04-02 00:00:00,2024-04-02 19:04:09,19.07,Breached,0.0,0.0,Scheduled Maintenance Done,South
CASE-00915,WO-00915,ACC-009,Wicklow Solar Park,Meter Reading Issue,High,Closed,Ciarán Murphy,2025-02-06 00:00:00,2025-02-06 14:25:21,14.42,Breached,0.0,0.0,Grid Reconnected,Wicklow
CASE-00916,WO-00916,ACC-006,Meath Wind Farm,Sensor Dropout,Medium,In Progress,Niamh Walsh,2025-06-01 00:00:00,,,Breached,29.5,2.51,,Kildare
CASE-00917,WO-00917,ACC-019,South Dublin Wind Site,Panel Soiling,High,Closed,Ciarán Murphy,2025-04-13 00:00:00,2025-04-13 18:24:53,18.41,Breached,113.27,9.63,Inverter Repaired,South
CASE-00918,WO-00918,ACC-014,Meath Wind Farm,Sensor Dropout,Low,Open,Ciarán Murphy,2024-09-03 00:00:00,,,Breached,0.0,0.0,,Fingal
CASE-00919,WO-00919,ACC-016,Wicklow Solar Park,Safety Inspection,Medium,In Progress,Seán O'Brien,2024-08-08 00:00:00,,,Breached,523.07,44.46,,South
CASE-00920,WO-00920,ACC-003,Fingal Wind Farm,Grid Curtailment Complaint,Medium,Closed,Ciarán Murphy,2024-12-27 00:00:00,2024-12-28 09:32:49,33.55,Breached,376.98,32.04,Firmware Updated,Wicklow
CASE-00921,WO-00921,ACC-016,Wicklow Solar Park,Turbine Fault,Medium,Closed,Niamh Walsh,2024-02-19 00:00:00,2024-02-19 17:44:32,17.74,Within SLA,734.42,62.43,Firmware Updated,Meath
CASE-00922,WO-00922,ACC-012,Fingal Wind Farm,Inverter Failure,Low,Closed,Aoife Kelly,2024-02-21 00:00:00,2024-02-26 18:05:31,138.09,Breached,36.64,3.11,Firmware Updated,Fingal
CASE-00923,WO-00923,ACC-014,South Dublin Wind Site,Inverter Failure,Medium,Closed,Seán O'Brien,2024-10-15 00:00:00,2024-10-17 05:16:50,53.28,Breached,0.0,0.0,Meter Recalibrated,Wicklow
CASE-00924,WO-00924,ACC-011,Wicklow Solar Park,Maintenance Request,Critical,Closed,Aoife Kelly,2025-05-21 00:00:00,2025-05-21 03:01:10,3.02,Within SLA,0.0,0.0,Meter Recalibrated,Fingal
CASE-00925,WO-00925,ACC-011,Kildare Solar Park,Sensor Dropout,Medium,Closed,Seán O'Brien,2025-04-26 00:00:00,2025-04-26 17:54:21,17.91,Within SLA,561.04,47.69,Sensor Replaced,South
CASE-00926,WO-00926,ACC-004,Meath Wind Farm,Panel Soiling,Medium,Closed,Aoife Kelly,2024-10-19 00:00:00,2024-10-19 20:23:02,20.38,Within SLA,0.0,0.0,Grid Reconnected,Fingal
CASE-00927,WO-00927,ACC-006,Fingal Wind Farm,Safety Inspection,Low,Closed,Declan Ryan,2024-01-09 00:00:00,2024-01-13 23:35:08,119.59,Breached,0.0,0.0,Inverter Repaired,Wicklow
CASE-00928,WO-00928,ACC-011,South Dublin Wind Site,Grid Curtailment Complaint,Critical,Escalated,Ciarán Murphy,2024-04-20 00:00:00,,,Breached,104.43,8.88,,Wicklow
CASE-00929,WO-00929,ACC-014,Wicklow Solar Park,Safety Inspection,Critical,Closed,Seán O'Brien,2025-03-17 00:00:00,2025-03-17 02:34:21,2.57,Within SLA,137.8,11.71,Panel Cleaned,South
CASE-00930,WO-00930,ACC-016,South Dublin Wind Site,Panel Soiling,Medium,Closed,Sinéad Byrne,2024-05-17 00:00:00,2024-05-17 12:49:59,12.83,Within SLA,39.97,3.4,,South
CASE-00931,WO-00931,ACC-010,Kildare Solar Park,Grid Curtailment Complaint,Medium,Closed,Ciarán Murphy,2024-09-27 00:00:00,2024-09-29 07:47:09,55.79,Breached,0.0,0.0,Firmware Updated,Kildare
CASE-00932,WO-00932,ACC-013,Wicklow Solar Park,Inverter Failure,Medium,In Progress,Seán O'Brien,2025-01-09 00:00:00,,,Breached,0.0,0.0,,Wicklow
CASE-00933,WO-00933,ACC-018,Meath Wind Farm,Turbine Fault,High,Open,Seán O'Brien,2025-02-16 00:00:00,,,Breached,245.87,20.9,,Kildare
CASE-00934,WO-00934,ACC-002,Meath Wind Farm,Sensor Dropout,Medium,Closed,Seán O'Brien,2025-01-09 00:00:00,2025-01-10 18:52:58,42.88,Breached,0.0,0.0,Firmware Updated,South
CASE-00935,WO-00935,ACC-015,Fingal Wind Farm,Panel Soiling,Medium,Open,Sinéad Byrne,2024-02-16 00:00:00,,,Breached,0.0,0.0,,Meath
CASE-00936,WO-00936,ACC-003,Kildare Solar Park,Grid Curtailment Complaint,High,Open,Aoife Kelly,2025-02-14 00:00:00,,,Breached,634.96,53.97,,Fingal
CASE-00937,WO-00937,ACC-011,Kildare Solar Park,Sensor Dropout,Medium,Escalated,Aoife Kelly,2024-02-22 00:00:00,,,Breached,364.95,31.02,,Kildare
CASE-00938,WO-00938,ACC-009,Wicklow Solar Park,Grid Curtailment Complaint,Medium,In Progress,Ciarán Murphy,2024-07-18 00:00:00,,,Breached,0.0,0.0,,Meath
CASE-00939,WO-00939,ACC-011,South Dublin Wind Site,Sensor Dropout,High,In Progress,Seán O'Brien,2025-01-06 00:00:00,,,Breached,136.55,11.61,,Kildare
CASE-00940,WO-00940,ACC-004,Kildare Solar Park,Sensor Dropout,Low,Closed,Declan Ryan,2024-10-22 00:00:00,2024-10-27 06:41:10,126.69,Breached,472.83,40.19,Grid Reconnected,Kildare
CASE-00941,WO-00941,ACC-013,Wicklow Solar Park,Sensor Dropout,Medium,Open,Sinéad Byrne,2024-03-16 00:00:00,,,Breached,654.24,55.61,,Fingal
CASE-00942,WO-00942,ACC-017,Meath Wind Farm,Maintenance Request,Low,Closed,Ciarán Murphy,2025-01-30 00:00:00,2025-02-03 22:49:48,118.83,Breached,0.0,0.0,Sensor Replaced,South
CASE-00943,WO-00943,ACC-001,Fingal Wind Farm,Panel Soiling,Medium,In Progress,Aoife Kelly,2025-05-31 00:00:00,,,Breached,0.0,0.0,,South
CASE-00944,WO-00944,ACC-018,Fingal Wind Farm,Sensor Dropout,High,In Progress,Seán O'Brien,2025-04-06 00:00:00,,,Breached,85.06,7.23,,Fingal
CASE-00945,WO-00945,ACC-015,Kildare Solar Park,Inverter Failure,High,Closed,Niamh Walsh,2024-10-13 00:00:00,2024-10-13 15:51:02,15.85,Breached,0.0,0.0,Inverter Repaired,Meath
CASE-00946,WO-00946,ACC-014,Wicklow Solar Park,Inverter Failure,Low,Open,Aoife Kelly,2024-05-01 00:00:00,,,Breached,0.0,0.0,,Wicklow
CASE-00947,WO-00947,ACC-002,Wicklow Solar Park,Meter Reading Issue,High,Open,Seán O'Brien,2024-05-11 00:00:00,,,Breached,0.0,0.0,,Wicklow
CASE-00948,WO-00948,ACC-007,Wicklow Solar Park,Panel Soiling,Low,In Progress,Niamh Walsh,2024-04-09 00:00:00,,,Breached,0.0,0.0,,Kildare
CASE-00949,WO-00949,ACC-017,Wicklow Solar Park,Turbine Fault,Low,Open,Declan Ryan,2025-02-07 00:00:00,,,Breached,397.71,33.81,,South
CASE-00950,WO-00950,ACC-012,Wicklow Solar Park,Maintenance Request,Critical,Closed,Declan Ryan,2025-01-17 00:00:00,2025-01-17 05:57:53,5.96,Breached,0.0,0.0,Grid Reconnected,South
CASE-00951,WO-00951,ACC-020,Kildare Solar Park,Grid Curtailment Complaint,Low,Closed,Aoife Kelly,2024-12-13 00:00:00,2024-12-14 04:17:40,28.29,Within SLA,0.0,0.0,,Kildare
CASE-00952,WO-00952,ACC-016,Fingal Wind Farm,Meter Reading Issue,High,Closed,Declan Ryan,2025-01-09 00:00:00,2025-01-09 10:53:18,10.89,Breached,0.0,0.0,Grid Reconnected,Meath
CASE-00953,WO-00953,ACC-015,Fingal Wind Farm,Maintenance Request,Critical,Escalated,Sinéad Byrne,2024-05-27 00:00:00,,,Breached,639.34,54.34,,Meath
CASE-00954,WO-00954,ACC-002,Kildare Solar Park,Safety Inspection,Medium,Closed,Niamh Walsh,2024-07-22 00:00:00,2024-07-23 15:58:16,39.97,Breached,0.0,0.0,Sensor Replaced,Fingal
CASE-00955,WO-00955,ACC-007,Kildare Solar Park,Turbine Fault,Medium,In Progress,Sinéad Byrne,2025-06-05 00:00:00,,,Breached,0.0,0.0,,Fingal
CASE-00956,WO-00956,ACC-009,South Dublin Wind Site,Turbine Fault,Critical,Closed,Sinéad Byrne,2025-02-15 00:00:00,2025-02-15 05:31:57,5.53,Breached,0.0,0.0,Grid Reconnected,Wicklow
CASE-00957,WO-00957,ACC-018,South Dublin Wind Site,Turbine Fault,Medium,In Progress,Seán O'Brien,2025-05-27 00:00:00,,,Breached,0.0,0.0,,South
CASE-00958,WO-00958,ACC-005,South Dublin Wind Site,Inverter Failure,Medium,In Progress,Ciarán Murphy,2024-02-11 00:00:00,,,Breached,0.0,0.0,,Wicklow
CASE-00959,WO-00959,ACC-010,South Dublin Wind Site,Inverter Failure,Medium,Open,Ciarán Murphy,2024-02-16 00:00:00,,,Breached,0.0,0.0,,Meath
CASE-00960,WO-00960,ACC-015,Meath Wind Farm,Panel Soiling,Medium,Open,Ciarán Murphy,2024-02-09 00:00:00,,,Breached,0.0,0.0,,South
CASE-00961,WO-00961,ACC-016,Wicklow Solar Park,Panel Soiling,Medium,Escalated,Ciarán Murphy,2024-05-20 00:00:00,,,Breached,176.46,15.0,,Meath
CASE-00962,WO-00962,ACC-004,Fingal Wind Farm,Maintenance Request,High,In Progress,Niamh Walsh,2024-12-07 00:00:00,,,Breached,643.56,54.7,,Meath
CASE-00963,WO-00963,ACC-001,Kildare Solar Park,Meter Reading Issue,High,Escalated,Declan Ryan,2025-04-30 00:00:00,,,Breached,0.0,0.0,,Kildare
CASE-00964,WO-00964,ACC-020,Wicklow Solar Park,Panel Soiling,Medium,Open,Aoife Kelly,2025-06-15 00:00:00,,,Breached,340.97,28.98,,Wicklow
CASE-00965,WO-00965,ACC-008,Kildare Solar Park,Meter Reading Issue,Medium,In Progress,Declan Ryan,2025-04-12 00:00:00,,,Breached,0.0,0.0,,Meath
CASE-00966,WO-00966,ACC-006,Kildare Solar Park,Safety Inspection,High,In Progress,Seán O'Brien,2024-06-01 00:00:00,,,Breached,0.0,0.0,,Fingal
CASE-00967,WO-00967,ACC-010,Kildare Solar Park,Safety Inspection,Medium,In Progress,Sinéad Byrne,2025-06-11 00:00:00,,,Breached,0.0,0.0,,Fingal
CASE-00968,WO-00968,ACC-018,South Dublin Wind Site,Maintenance Request,Critical,In Progress,Declan Ryan,2024-05-23 00:00:00,,,Breached,0.0,0.0,,Meath
CASE-00969,WO-00969,ACC-001,Meath Wind Farm,Meter Reading Issue,Low,In Progress,Seán O'Brien,2024-12-01 00:00:00,,,Breached,0.0,0.0,,Kildare
CASE-00970,WO-00970,ACC-018,Meath Wind Farm,Safety Inspection,High,Closed,Aoife Kelly,2024-11-22 00:00:00,2024-11-22 19:44:32,19.74,Breached,0.0,0.0,Inverter Repaired,Fingal
CASE-00971,WO-00971,ACC-014,Kildare Solar Park,Turbine Fault,Medium,Escalated,Seán O'Brien,2024-06-15 00:00:00,,,Breached,0.0,0.0,,Fingal
CASE-00972,WO-00972,ACC-003,Meath Wind Farm,Panel Soiling,Medium,Closed,Declan Ryan,2025-02-06 00:00:00,2025-02-08 06:33:41,54.56,Breached,649.22,55.18,Firmware Updated,Wicklow
CASE-00973,WO-00973,ACC-008,South Dublin Wind Site,Maintenance Request,High,Closed,Aoife Kelly,2024-11-02 00:00:00,2024-11-02 17:41:25,17.69,Breached,0.0,0.0,Sensor Replaced,Kildare
CASE-00974,WO-00974,ACC-004,South Dublin Wind Site,Maintenance Request,Low,Closed,Ciarán Murphy,2024-12-10 00:00:00,2024-12-14 03:20:36,99.34,Breached,0.0,0.0,Pending Investigation,Fingal
CASE-00975,WO-00975,ACC-015,Fingal Wind Farm,Sensor Dropout,Low,Open,Niamh Walsh,2025-06-03 00:00:00,,,Breached,0.0,0.0,,Kildare
CASE-00976,WO-00976,ACC-004,Kildare Solar Park,Sensor Dropout,Medium,Closed,Aoife Kelly,2025-06-05 00:00:00,2025-06-07 11:10:33,59.18,Breached,785.75,66.79,Sensor Replaced,Wicklow
CASE-00977,WO-00977,ACC-005,Meath Wind Farm,Grid Curtailment Complaint,Low,In Progress,Declan Ryan,2025-06-29 00:00:00,,,Within SLA,0.0,0.0,,Kildare
CASE-00978,WO-00978,ACC-016,Fingal Wind Farm,Meter Reading Issue,Medium,Closed,Sinéad Byrne,2025-05-16 00:00:00,2025-05-18 07:33:54,55.57,Breached,542.72,46.13,Sensor Replaced,Kildare
CASE-00979,WO-00979,ACC-010,Fingal Wind Farm,Sensor Dropout,Medium,Closed,Sinéad Byrne,2024-11-02 00:00:00,2024-11-02 21:59:53,22.0,Within SLA,259.39,22.05,Meter Recalibrated,South
CASE-00980,WO-00980,ACC-017,Fingal Wind Farm,Grid Curtailment Complaint,High,Closed,Aoife Kelly,2025-05-01 00:00:00,2025-05-01 06:18:31,6.31,Within SLA,780.68,66.36,Firmware Updated,South
CASE-00981,WO-00981,ACC-009,Fingal Wind Farm,Maintenance Request,Medium,Closed,Declan Ryan,2024-01-18 00:00:00,2024-01-19 13:38:52,37.65,Breached,0.0,0.0,Inverter Repaired,Kildare
CASE-00982,WO-00982,ACC-014,South Dublin Wind Site,Inverter Failure,Medium,Closed,Aoife Kelly,2025-01-12 00:00:00,2025-01-12 10:03:32,10.06,Within SLA,0.0,0.0,Sensor Replaced,Wicklow
CASE-00983,WO-00983,ACC-016,South Dublin Wind Site,Sensor Dropout,High,In Progress,Declan Ryan,2024-12-05 00:00:00,,,Breached,0.0,0.0,,Fingal
CASE-00984,WO-00984,ACC-016,Wicklow Solar Park,Inverter Failure,Critical,Closed,Declan Ryan,2024-04-22 00:00:00,2024-04-22 08:14:00,8.23,Breached,0.0,0.0,Meter Recalibrated,South
CASE-00985,WO-00985,ACC-008,South Dublin Wind Site,Meter Reading Issue,Medium,Closed,Declan Ryan,2025-03-02 00:00:00,2025-03-03 08:27:19,32.46,Breached,0.0,0.0,Inverter Repaired,South
CASE-00986,WO-00986,ACC-015,Kildare Solar Park,Sensor Dropout,Medium,In Progress,Niamh Walsh,2024-11-11 00:00:00,,,Breached,460.77,39.17,,Fingal
CASE-00987,WO-00987,ACC-018,South Dublin Wind Site,Grid Curtailment Complaint,Low,Escalated,Aoife Kelly,2024-01-28 00:00:00,,,Breached,0.0,0.0,,Meath
CASE-00988,WO-00988,ACC-005,Wicklow Solar Park,Maintenance Request,High,In Progress,Sinéad Byrne,2025-04-30 00:00:00,,,Breached,0.0,0.0,,South
CASE-00989,WO-00989,ACC-013,Wicklow Solar Park,Maintenance Request,Low,Closed,Niamh Walsh,2024-09-28 00:00:00,2024-10-02 11:15:27,107.26,Breached,109.86,9.34,Scheduled Maintenance Done,South
CASE-00990,WO-00990,ACC-007,Kildare Solar Park,Meter Reading Issue,Low,Closed,Niamh Walsh,2024-08-21 00:00:00,2024-08-25 05:11:31,101.19,Breached,669.14,56.88,,Meath
CASE-00991,WO-00991,ACC-020,Kildare Solar Park,Sensor Dropout,Low,In Progress,Aoife Kelly,2024-02-22 00:00:00,,,Breached,0.0,0.0,,Kildare
CASE-00992,WO-00992,ACC-017,South Dublin Wind Site,Maintenance Request,Critical,Closed,Ciarán Murphy,2025-05-06 00:00:00,2025-05-06 04:39:52,4.66,Breached,0.0,0.0,Grid Reconnected,Fingal
CASE-00993,WO-00993,ACC-005,Kildare Solar Park,Panel Soiling,Medium,In Progress,Ciarán Murphy,2024-06-23 00:00:00,,,Breached,0.0,0.0,,Wicklow
CASE-00994,WO-00994,ACC-003,South Dublin Wind Site,Inverter Failure,High,Open,Sinéad Byrne,2025-06-20 00:00:00,,,Breached,0.0,0.0,,Fingal
CASE-00995,WO-00995,ACC-009,Wicklow Solar Park,Maintenance Request,Low,Closed,Sinéad Byrne,2025-01-24 00:00:00,2025-01-29 10:18:57,130.32,Breached,634.48,53.93,Meter Recalibrated,Meath
CASE-00996,WO-00996,ACC-014,Fingal Wind Farm,Meter Reading Issue,High,Open,Seán O'Brien,2024-05-31 00:00:00,,,Breached,0.0,0.0,,South
CASE-00997,WO-00997,ACC-011,South Dublin Wind Site,Inverter Failure,Medium,Escalated,Niamh Walsh,2024-09-05 00:00:00,,,Breached,0.0,0.0,,Kildare
CASE-00998,WO-00998,ACC-017,Wicklow Solar Park,Sensor Dropout,Critical,Closed,Ciarán Murphy,2024-02-02 00:00:00,2024-02-02 02:44:17,2.74,Within SLA,0.0,0.0,Scheduled Maintenance Done,Fingal
CASE-00999,WO-00999,ACC-009,Wicklow Solar Park,Grid Curtailment Complaint,High,Open,Ciarán Murphy,2024-04-22 00:00:00,,,Breached,611.38,51.97,,Kildare
CASE-01000,WO-01000,ACC-001,Fingal Wind Farm,Panel Soiling,Medium,Closed,Seán O'Brien,2024-07-14 00:00:00,2024-07-16 10:45:34,58.76,Breached,474.47,40.33,Meter Recalibrated,Kildare
