timestamp,zone_name,energy_type,generated_kwh,delivered_kwh,curtailed_kwh,revenue_eur,leakage_eur,sensor_status
2024-07-26,Fingal,Wind,2577.16,2167.363343709836392788,409.796656290163607212,184.22588421533611506061343709836392788,34.83271578466391071098656290163607212,Active (weight: 90)
2025-03-15,Dublin City,Solar,1669.88,1597.626404301588709208,72.253595698411290792,135.79824436563505625894404301588709208,6.14155563436496043985595698411290792,Active (weight: 90)
2024-08-06,South Dublin,Wind,899.64,708.89062212308562138,190.74937787691437862,60.2557028804622849062062212308562138,16.2136971195377240901937787691437862,Noisy (weight: 5)
2025-02-27,Fingal,Solar,823.55,763.254644654198586435,60.295355345801413565,64.87664479560688747952144654198586435,5.12510520439312075597855345801413565,Noisy (weight: 5)
2025-03-28,Fingal,Wind,1635.91,1350.883369474003713738,285.026630525996286262,114.82508640529032917656369474003713738,24.22726359470968718253630525996286262,Active (weight: 90)
2025-01-29,Dublin City,Solar,3509.52,3331.580330578793785128,177.939669421206214872,283.18432809919750505168330578793785128,15.12487190080253004351669421206214872,Failed (weight: 5)
2025-03-23,Dublin City,Wind,1997.47,1579.040837177677273639,418.429162822322726361,134.21847116010258404972337177677273639,35.56647883989743592497662822322726361,Active (weight: 90)
2025-06-23,Dun Laoghaire-Rathdown,Wind,2787.15,2221.19764737770072586,565.95235262229927414,188.8018000271045839100764737770072586,48.1059499728954439614235262229927414,Active (weight: 90)
2025-02-12,South Dublin,Wind,2558.62,2361.856775821294129942,196.763224178705870058,200.75782594481002466363775821294129942,16.72487405519000092256224178705870058,Noisy (weight: 5)
2025-05-05,Fingal,Wind,2335.42,2034.206914849141264814,301.213085150858735186,172.90758776217702785125914849141264814,25.60311223782299550294085150858735186,Noisy (weight: 5)
2025-02-18,Fingal,Wind,3607.91,3170.151576031576683573,437.758423968423316427,269.46288396268404980522076031576683573,37.20946603731598627387923968423316427,Active (weight: 90)
2024-09-14,South Dublin,Wind,1204.34,967.35339296851806723,236.98660703148193277,82.2250384023240453880839296851806723,20.1438615976759666553160703148193277,Failed (weight: 5)
2024-07-15,Fingal,Wind,4053.93,3121.709504702433421509,932.220495297566578491,265.34530789970687204536004702433421509,79.23874210029316849393995297566578491,Active (weight: 90)
2024-07-25,South Dublin,Solar,3514.03,2547.619415060413863572,966.410584939586136428,216.54765028013520387981415060413863572,82.14489971986483126048584939586136428,Noisy (weight: 5)
2024-11-12,South Dublin,Wind,2928.66,2384.370282259219017246,544.289717740780982754,202.67147399203364030961282259219017246,46.26462600796638897698717740780982754,Active (weight: 90)
2024-02-26,Dun Laoghaire-Rathdown,Solar,4051.65,3297.54084953057768676,754.10915046942231324,280.2909722100991363500084953057768676,64.0992777899009041664915046942231324,Failed (weight: 5)
2025-06-21,Dun Laoghaire-Rathdown,Wind,1964.92,1532.414200433320805332,432.505799566679194668,130.25520703683228377736200433320805332,36.76299296316773587183799566679194668,Noisy (weight: 5)
2024-04-04,Dun Laoghaire-Rathdown,Wind,1011.59,947.567984800048497421,64.022015199951502579,80.54327870800413175646484800048497421,5.44187129199587835943515199951502579,Active (weight: 90)
2024-01-22,South Dublin,Solar,3147.77,2574.807479124374322516,572.962520875625677484,218.85863572557184316193479124374322516,48.70181427442818831576520875625677484,Active (weight: 90)
2024-10-20,Dun Laoghaire-Rathdown,Wind,3167.28,2363.458466771278137072,803.821533228721862928,200.89396967555866528570466771278137072,68.32483032444136638709533228721862928,Failed (weight: 5)
2024-11-01,Dublin City,Wind,4058.06,3247.885346697230132446,810.174653302769867554,276.07025446926459373676346697230132446,68.86484553073544684383653302769867554,Failed (weight: 5)
2024-03-26,Dun Laoghaire-Rathdown,Solar,3508.13,2927.517832321216641211,580.612167678783358789,248.83901574730344377811332321216641211,49.35203425269659130318667678783358789,Noisy (weight: 5)
2025-06-22,Fingal,Wind,1230.96,1083.833015466687219264,147.126984533312780736,92.12580631466842447577015466687219264,12.50579368533158783382984533312780736,Failed (weight: 5)
2024-10-15,Dun Laoghaire-Rathdown,Solar,1009.61,748.301461423114253151,261.308538576885746849,63.60562422096471900084961423114253151,22.21122577903529109525038576885746849,Active (weight: 90)
2024-11-19,Fingal,Wind,3859.27,3000.968882822176049116,858.301117177823950884,255.08235503988499418454882822176049116,72.95559496011504440815117177823950884,Failed (weight: 5)
2025-03-18,Dun Laoghaire-Rathdown,Solar,988.39,781.992788969990279903,206.397211030009720097,66.46938706244918161168288969990279903,17.54376293755082827221711030009720097,Active (weight: 90)
2024-08-05,South Dublin,Wind,1480.64,1321.913877210182046336,158.726122789817953664,112.36267956286548715769877210182046336,13.49172043713452764870122789817953664,Failed (weight: 5)
2024-01-26,Dublin City,Solar,3268.66,2577.025043236117395678,691.634956763882604322,219.04712867507000440288043236117395678,58.78897132493002828371956763882604322,Noisy (weight: 5)
2024-09-12,South Dublin,Wind,3911.96,3078.460328021677893528,833.499671978322106472,261.66912788184265173448328021677893528,70.84747211815738738511671978322106472,Failed (weight: 5)
2024-04-12,Dun Laoghaire-Rathdown,Solar,4085.21,3276.559766957308116061,808.650233042691883939,278.50758019137122263078266957308116061,68.73526980862881822131733042691883939,Noisy (weight: 5)
2024-04-26,Dublin City,Wind,2695.48,2313.668888310509082912,381.811111689490917088,196.66185550639329518420888310509082912,32.45394449360673177059111689490917088,Noisy (weight: 5)
2025-03-28,Fingal,Solar,3407.12,2516.090624906796384336,891.029375093203615664,213.86770311707771782946624906796384336,75.73749688292231624173375093203615664,Active (weight: 90)
2024-05-31,Fingal,Solar,1363.04,1135.838331961655155904,227.201668038344844096,96.54625821674069961022331961655155904,19.31214178325931402017668038344844096,Failed (weight: 5)
2025-06-10,Dun Laoghaire-Rathdown,Wind,1839.44,1731.794203204947929624,107.645796795052070376,147.20250727242059133598203204947929624,9.14989272757942705841796795052070376,Noisy (weight: 5)
2024-11-24,Dublin City,Wind,3466.57,3183.248157488600755603,283.321842511399244397,270.57609338653109605873657488600755603,24.08235661346893860696342511399244397,Noisy (weight: 5)
2024-01-05,South Dublin,Wind,3228.34,2587.13755831346901473,641.20244168653098527,219.9066924566448921234255831346901473,54.5022075433551401599744168653098527,Failed (weight: 5)
2025-06-23,Fingal,Solar,1139.03,932.541800434356733325,206.488199565643266675,79.26605303692033165804300434356733325,17.55149696307967973225699565643266675,Noisy (weight: 5)
2025-04-18,South Dublin,Wind,2417.89,2100.726964439669690692,317.163035560330309308,178.56179197737194471608964439669690692,26.95885802262807946281035560330309308,Active (weight: 90)
2024-01-26,Fingal,Wind,1380.32,1055.922086161290816896,324.397913838709183104,89.75337732370972999538086161290816896,27.57382267629028380781913838709183104,Noisy (weight: 5)
2025-04-02,South Dublin,Wind,2506.84,2339.792635115768027272,167.047364884231972728,198.88237398484030571604635115768027272,14.19902601515971935235364884231972728,Noisy (weight: 5)
2024-12-02,Fingal,Solar,2774.26,2570.471391527661456326,203.788608472338543674,218.49006827985124949242391527661456326,17.32203172014877825017608472338543674,Active (weight: 90)
2024-06-18,Dun Laoghaire-Rathdown,Wind,1627.66,1368.889084212580356024,258.770915787419643976,116.35557215806934395093084212580356024,21.99552784193067232566915787419643976,Failed (weight: 5)
2024-08-26,Fingal,Solar,1543.34,1344.262497564271338404,199.077502435728661596,114.26231229296307720696497564271338404,16.92158770703693822643502435728661596,Failed (weight: 5)
2024-12-05,Dublin City,Wind,2501.42,1769.61523896978539969,731.80476103021460031,150.4172953124317766698023896978539969,62.2034046875682483443976103021460031,Noisy (weight: 5)
2024-05-17,Fingal,Solar,966.25,771.078872394927678,195.171127605072322,65.54170415356886034078872394927678,16.58954584643114932171127605072322,Active (weight: 90)
2024-05-18,Dun Laoghaire-Rathdown,Wind,1958.8,1417.2814049462605036,541.5185950537394964,120.468919420432156978814049462605036,46.029080579567862609185950537394964,Active (weight: 90)
2024-10-28,Fingal,Solar,2327.32,1641.737649747751328224,685.582350252248671776,139.54770022855887931641649747751328224,58.27449977144114395678350252248671776,Active (weight: 90)
2025-04-10,South Dublin,Wind,1263.5,930.83598952636518695,332.66401047363481305,79.1210591097410501991098952636518695,28.2764408902589624358901047363481305,Failed (weight: 5)
2025-01-24,Dublin City,Solar,2985.81,2559.386765944523901723,426.423234055476098277,217.54787510528455724032265944523901723,36.24597489471547261777734055476098277,Active (weight: 90)
2024-04-17,South Dublin,Solar,1546.75,1345.308801434781682775,201.441198565218317225,114.35124812195645648896301434781682775,17.12250187804355897853698565218317225,Active (weight: 90)
2024-10-21,Dublin City,Wind,2924.11,2163.24720621452835791,760.86279378547164209,183.8760125282349320548220621452835791,64.6733374717650971862779378547164209,Failed (weight: 5)
2024-01-16,Dublin City,Solar,1339.09,1288.321899182980881547,50.768100817019118453,109.50736143055338781471399182980881547,4.31528856944662557618600817019118453,Failed (weight: 5)
2024-09-27,Fingal,Wind,3201.23,2647.563450826419571501,553.666549173580428499,225.04289332024569005321950826419571501,47.06165667975434195908049173580428499,Active (weight: 90)
2024-10-18,South Dublin,Solar,3734.97,2946.294395759469897453,788.675604240530102547,250.43502363955497074644895759469897453,67.03742636044506660325104240530102547,Noisy (weight: 5)
2025-02-21,Dun Laoghaire-Rathdown,Wind,2422.22,1788.902723216407447518,633.317276783592552482,152.05673147339465092805723216407447518,53.83196852660537329414276783592552482,Failed (weight: 5)
2024-01-10,Fingal,Solar,3770.54,3233.686592687064855116,536.853407312935144884,274.86336037840054502172592687064855116,45.63253962159949268367407312935144884,Active (weight: 90)
2024-07-18,Dublin City,Wind,3992.32,2917.43620648040443904,1074.88379351959556096,247.9820775508344064927620648040443904,91.3651224491656334304379351959556096,Noisy (weight: 5)
2024-06-27,Dun Laoghaire-Rathdown,Wind,2051.89,1745.126462860330916324,306.763537139669083676,148.33574934312814533880462860330916324,26.07490065687187518009537139669083676,Active (weight: 90)
2025-06-08,Dublin City,Solar,4191.35,3662.81929030060209256,528.53070969939790744,311.3396396755512144957929030060209256,44.9251103244488274177070969939790744,Active (weight: 90)
2024-01-31,South Dublin,Wind,2644.7,2384.51660792516241295,260.18339207483758705,202.6839116736388289459160792516241295,22.1155883263611975010839207483758705,Active (weight: 90)
2025-05-22,Fingal,Solar,3996.13,3055.35935052984001889,940.77064947015998111,259.7055447950364321592435052984001889,79.9655052049636078020564947015998111,Active (weight: 90)
2024-01-13,Dublin City,Wind,3340.78,3106.807951133530382364,233.972048866469617636,264.07867584635011356901951133530382364,19.88762415364991983878048866469617636,Noisy (weight: 5)
2024-03-06,Fingal,Solar,2199.76,1953.945150837884227048,245.814849162115772952,166.08533782122017883853150837884227048,20.89426217877984315906849162115772952,Noisy (weight: 5)
2025-03-10,Dublin City,Solar,3188.98,2893.010820511973766344,295.969179488026233656,245.90591974351779906934820511973766344,25.15738025648223282045179488026233656,Failed (weight: 5)
2024-02-03,South Dublin,Wind,2059.68,1975.239981997068646944,84.440018002931353056,167.89539846975085474263981997068646944,7.17740153024916585416018002931353056,Failed (weight: 5)
2025-02-17,Fingal,Solar,1484.87,1204.078615517591846979,280.791384482408153021,102.34668231899531903400115517591846979,23.86726768100469581469884482408153021,Failed (weight: 5)
2024-10-16,Fingal,Wind,1526.01,1338.564977415860153277,187.445022584139846723,113.77802308034812641419477415860153277,15.93282691965188884590522584139846723,Failed (weight: 5)
2024-03-01,Dun Laoghaire-Rathdown,Wind,3594.21,3044.271133121917358187,549.938866878082641813,258.76304631536300588860633121917358187,46.74480368463703005349366878082641813,Noisy (weight: 5)
2024-10-19,Dublin City,Wind,4052.9,3372.71875680040278181,680.18124319959721819,286.6810943280342701810375680040278181,57.8154056719657703479624319959721819,Noisy (weight: 5)
2025-01-01,Fingal,Wind,3181.38,2971.022250465206576118,210.357749534793423882,252.53689128954258868025250465206576118,17.88040871045744313354749534793423882,Noisy (weight: 5)
2024-09-16,South Dublin,Solar,2418.02,2003.187161302569844712,414.832838697430155288,170.27090871071845683239161302569844712,35.26079128928156734780838697430155288,Failed (weight: 5)
2025-01-01,Dublin City,Solar,2346.33,1659.966262216671750894,686.363737783328249106,141.09713228841711542565262216671750894,58.34091771158290803764737783328249106,Failed (weight: 5)
2024-05-12,South Dublin,Wind,2617.9,1858.82565942279876746,759.07434057720123254,158.0001810509379138223565942279876746,64.5213189490621123566434057720123254,Active (weight: 90)
2024-05-07,Dublin City,Wind,4069.05,3344.80409990398120719,724.24590009601879281,284.3083484918384360591909990398120719,61.5609015081616046313090009601879281,Active (weight: 90)
2024-11-29,Fingal,Wind,2432.37,2034.005789700817498785,398.364210299182501215,172.89049212456950773678289700817498785,33.86095787543051658691710299182501215,Failed (weight: 5)
2025-02-04,Dublin City,Wind,2836.89,2729.198560878041281659,107.691439121958718341,231.98187767463353623300060878041281659,9.15377232536649213589939121958718341,Noisy (weight: 5)
2025-03-09,Fingal,Wind,3475.8,2709.48702711575153052,766.31297288424846948,230.3063973048389071890702711575153052,65.1366026951611275689297288424846948,Active (weight: 90)
2024-09-15,Fingal,Wind,1414.37,1266.061767678520482042,148.308232321479517958,107.61525025267425363418767678520482042,12.60619974732576050951232321479517958,Noisy (weight: 5)
2025-04-07,South Dublin,Solar,2600.32,1827.236495597228024128,773.083504402771975872,155.31510212576440032324495597228024128,65.71209787423562567995504402771975872,Active (weight: 90)
2025-06-17,Dublin City,Solar,903.26,679.079764889817097932,224.180235110182902068,57.72178001563446011501764889817097932,19.05531998436554891758235110182902068,Failed (weight: 5)
2025-03-08,Fingal,Wind,1630.12,1323.242231064130989544,306.877768935869010456,112.47558964045114734366231064130989544,26.08461035954886895753768935869010456,Failed (weight: 5)
2024-09-13,South Dublin,Wind,1253.3,884.40613620658177056,368.89386379341822944,75.1745215775594593416613620658177056,31.3559784224405531913386379341822944,Active (weight: 90)
2024-07-06,South Dublin,Solar,3711.13,3520.469942720628370384,190.660057279371629616,299.23994513125344668733942720628370384,16.20610486874659042396057279371629616,Failed (weight: 5)
2024-12-15,Dun Laoghaire-Rathdown,Wind,3704.13,2606.163705878230991799,1097.966294121769008201,221.52391499964966036455205878230991799,93.32713500035037667674794121769008201,Active (weight: 90)
2024-01-27,Fingal,Solar,2922.09,2638.64903646999358692,283.44096353000641308,224.2851680999494812746903646999358692,24.0924819000505479462096353000641308,Noisy (weight: 5)
2025-04-08,Dun Laoghaire-Rathdown,Solar,2188.27,1557.179768971581510399,631.090231028418489601,132.36028036258444395571268971581510399,53.64266963741557792698731028418489601,Failed (weight: 5)
2024-09-17,Dublin City,Wind,2688.6,2476.34690915817090198,212.25309084182909802,210.4894872784445514317690915817090198,18.0415127215554754542309084182909802,Active (weight: 90)
2025-06-02,Dublin City,Solar,3168.1,2663.4762281882851707,504.6237718117148293,226.395479396004266144262281882851707,42.893020603995765536737718117148293,Active (weight: 90)
2025-03-18,Dun Laoghaire-Rathdown,Solar,3407.17,2737.034114498753421027,670.135885501246578973,232.64789973239406815763614498753421027,56.96155026760596591406385501246578973,Noisy (weight: 5)
2024-02-06,Dublin City,Wind,2844.26,2656.50126488530081322,187.75873511469918678,225.8026075152505956887126488530081322,15.9594924847494327538873511469918678,Failed (weight: 5)
2025-02-12,Dublin City,Wind,3634.9,3359.29848100825292743,275.60151899174707257,285.5403708857015324245348100825292743,23.4261291142985039244651899174707257,Noisy (weight: 5)
2024-12-20,Dublin City,Solar,3147.95,2248.509667211836665195,899.440332788163334805,191.12332171300613902667167211836665195,76.45242828699389245282832788163334805,Noisy (weight: 5)
2025-04-07,Fingal,Solar,2472.95,2310.8444957348145363,162.1055042651854637,196.421782137459258693944957348145363,13.778967862540766035555042651854637,Failed (weight: 5)
2024-05-16,Dublin City,Solar,3006.0,2349.2436269512883148,656.7563730487116852,199.685708290859530250436269512883148,55.824291709140499809563730487116852,Failed (weight: 5)
2024-04-05,South Dublin,Solar,3213.78,2473.935508633487367846,739.844491366512632154,210.28451823384645100626508633487367846,62.88678176615358113153491366512632154,Failed (weight: 5)
2024-12-27,Dun Laoghaire-Rathdown,Wind,2136.45,1882.517398846425502755,253.932601153574497245,160.01397890194618655934898846425502755,21.58427109805383480515101153574497245,Failed (weight: 5)
2024-12-07,Dun Laoghaire-Rathdown,Wind,3085.28,2209.925976945050786048,875.354023054949213952,187.84370804032933891333976945050786048,74.40509195967069193946023054949213952,Failed (weight: 5)
2025-04-21,South Dublin,Wind,1887.55,1395.836174386568976985,491.713825613431023015,118.64607482285837700208674386568976985,41.79567517714164187341325613431023015,Failed (weight: 5)
2024-10-19,Dun Laoghaire-Rathdown,Wind,1527.55,1159.9727689850637829,367.5772310149362171,98.597685363730433146227689850637829,31.244064636269582129272310149362171,Noisy (weight: 5)
2025-03-18,Dun Laoghaire-Rathdown,Wind,2641.34,2213.222319065662008026,428.117680934337991974,188.12389712058129281443319065662008026,36.39000287941873359896680934337991974,Active (weight: 90)
2024-11-23,Fingal,Solar,3246.66,2451.274254776537664732,795.385745223462335268,208.35831165600572601496254776537664732,67.60778834399430645163745223462335268,Noisy (weight: 5)
2024-06-01,South Dublin,Wind,2857.91,2210.564337521482125348,647.345662478517874652,187.89796868932600276022337521482125348,55.02438131067402581887662478517874652,Noisy (weight: 5)
2024-10-09,Fingal,Wind,3983.05,3881.577912036036467085,101.472087963963532915,329.93412252306313851800412036036467085,8.62512747693690131249587963963532915,Failed (weight: 5)
2024-03-05,Dublin City,Solar,2579.14,2479.128883154360247322,100.011116845639752678,210.72595506812064581365883154360247322,8.50094493187937997774116845639752678,Noisy (weight: 5)
2024-12-03,Dun Laoghaire-Rathdown,Solar,4043.18,3096.7209830229770247,946.4590169770229753,263.221283556953078066709830229770247,80.449016443046962365090169770229753,Failed (weight: 5)
2025-01-15,South Dublin,Wind,3950.41,3116.118798748561041481,834.291201251438958519,264.87009789362771968707298748561041481,70.91475210637231981702701251438958519,Noisy (weight: 5)
2024-02-10,Dublin City,Solar,1976.33,1405.019506039299803478,571.310493960700196522,119.42665801334049734582506039299803478,48.56139198665952241747493960700196522,Failed (weight: 5)
2024-08-22,South Dublin,Solar,2685.3,2261.15356026056074719,424.14643973943925281,192.1980526221476861226856026056074719,36.0524473778523407303143973943925281,Noisy (weight: 5)
2024-08-03,Fingal,Wind,1158.65,941.639580178412105025,217.010419821587894975,80.03936431516503834352080178412105025,18.44588568483497324297919821587894975,Failed (weight: 5)
2024-08-30,South Dublin,Wind,900.54,731.805559121341106622,168.734440878658893378,62.20347252531400138092559121341106622,14.34242747468600762447440878658893378,Noisy (weight: 5)
2024-05-09,South Dublin,Wind,2582.3,2001.2270687994724188,581.0729312005275812,170.104300847955175610270687994724188,49.391199152044850212729312005275812,Failed (weight: 5)
2024-12-14,Dun Laoghaire-Rathdown,Wind,1089.19,892.934367465605340106,196.255632534394659894,75.89942123457646283835367465605340106,16.68172876542354805354632534394659894,Noisy (weight: 5)
2024-11-27,Dun Laoghaire-Rathdown,Wind,1892.31,1585.906876470036481599,306.403123529963518401,134.80208449995311679498376470036481599,26.04426550004690212811623529963518401,Noisy (weight: 5)
2024-11-07,Fingal,Solar,3938.73,3677.051415940673141268,261.678584059326858732,312.54937035495725377829415940673141268,22.24267964504278560900584059326858732,Active (weight: 90)
2024-12-04,Fingal,Solar,1077.97,821.977799203028668262,255.992200796971331738,69.86811293225744502204799203028668262,21.75933706774256575765200796971331738,Failed (weight: 5)
2025-04-28,Dublin City,Solar,4198.06,3283.590475261882217056,914.469524738117782944,279.10519039726002128566475261882217056,77.72990960274002069493524738117782944,Noisy (weight: 5)
2025-05-20,South Dublin,Wind,1874.65,1519.086067528649947575,355.563932471350052425,129.12231573993526073473567528649947575,30.22293426006475801176432471350052425,Failed (weight: 5)
2025-01-26,Fingal,Wind,1097.58,835.489031586105687582,262.090968413894312418,71.01656768481899179936031586105687582,22.27773231518101917643968413894312418,Active (weight: 90)
2024-08-08,Dun Laoghaire-Rathdown,Solar,851.34,712.302085417747168302,139.037914582252831698,60.54567726050851642869085417747168302,11.81822273949149208470914582252831698,Failed (weight: 5)
2024-09-18,Fingal,Wind,2771.52,2084.202576317893041216,687.317423682106958784,177.15721898702092934538576317893041216,58.42198101297909836981423682106958784,Active (weight: 90)
2024-05-10,Dun Laoghaire-Rathdown,Solar,2835.61,2496.943619115565232735,338.666380884434767265,212.24020762482306975191119115565232735,28.78664237517695860418880884434767265,Active (weight: 90)
2024-03-23,South Dublin,Solar,2561.35,2178.48615422001653551,382.86384577998346449,185.1713231087014273032115422001653551,32.5434268912985983102884577998346449,Noisy (weight: 5)
2025-04-06,Dun Laoghaire-Rathdown,Solar,2847.31,2325.642694507979148721,521.667305492020851279,197.67962903317825089771194507979148721,44.34172096682177757538805492020851279,Active (weight: 90)
2025-01-27,Dun Laoghaire-Rathdown,Solar,878.12,669.5905036403157366,208.5294963596842634,56.915192809426844306905036403157366,17.725007190573164474294963596842634,Failed (weight: 5)
2024-03-04,Dun Laoghaire-Rathdown,Solar,1665.34,1412.310580195361845824,253.029419804638154176,120.04639931660577101814580195361845824,21.50750068339424563525419804638154176,Noisy (weight: 5)
2024-09-25,South Dublin,Wind,1304.39,1260.22466687368228879,44.16533312631771121,107.1190966842630071493966687368228879,3.7540533157370058945033312631771121,Failed (weight: 5)
2025-04-06,Dublin City,Solar,1955.91,1894.440662800285154511,61.469337199714845489,161.02745633802425707784162800285154511,5.22489366197576248125837199714845489,Failed (weight: 5)
2025-03-06,Dublin City,Solar,1156.85,1119.951839138460159365,36.898160861539840635,95.19590632676912474554339138460159365,3.13634367323088682295660861539840635,Failed (weight: 5)
2024-02-07,Dublin City,Solar,1475.23,1055.893832534733722411,419.336167465266277589,89.75097576545237696387332534733722411,35.64357423454763778842667465266277589,Noisy (weight: 5)
2024-11-30,Dublin City,Solar,2929.17,2161.209011404123094838,767.960988595876905162,183.70276596935048467332011404123094838,65.27668403064954461837988595876905162,Active (weight: 90)
2025-05-28,Dun Laoghaire-Rathdown,Solar,963.84,725.177228078070795648,238.662771921929204352,61.64006438663602488185228078070795648,20.28633561336398475654771921929204352,Noisy (weight: 5)
2024-03-16,Dun Laoghaire-Rathdown,Solar,1292.22,1038.730580350380257094,253.489419649619742906,88.29209932978233224029580350380257094,21.54660067021768068190419649619742906,Failed (weight: 5)
2024-12-29,Dublin City,Solar,4107.81,3658.980930903317376336,448.829069096682623664,311.01337912678201357836930903317376336,38.15047087321802749973069096682623664,Noisy (weight: 5)
2024-03-31,Dublin City,Solar,2437.58,1933.11823917112810096,504.46176082887189904,164.3150503295459079127823917112810096,42.8792496704541164630176082887189904,Noisy (weight: 5)
2025-02-17,Fingal,Wind,2429.74,1898.402421710044728804,531.337578289955271196,161.36420584535382093236421710044728804,45.16369415464620336503578289955271196,Noisy (weight: 5)
2025-03-22,Fingal,Solar,1471.35,1112.73871654142042157,358.61128345857957843,94.5827909060207469608371654142042157,30.4819590939792677526628345857957843,Noisy (weight: 5)
2024-11-24,Fingal,Solar,1373.64,1096.650987678718455576,276.989012321281544424,93.21533395269107969046987678718455576,23.54406604730893404593012321281544424,Noisy (weight: 5)
2024-04-22,Dublin City,Solar,2370.46,1707.11375071234490293,663.34624928765509707,145.1046688105493338201875071234490293,56.3844311894506898844124928765509707,Noisy (weight: 5)
2024-04-05,Dun Laoghaire-Rathdown,Wind,1873.98,1746.468255852658792062,127.511744147341207938,148.44980174747601478995255852658792062,10.83849825252400394984744147341207938,Noisy (weight: 5)
2025-04-24,South Dublin,Wind,2174.38,1546.473317733727357988,627.906682266272642012,131.45023200736684089371317733727357988,53.37206799263318085008682266272642012,Failed (weight: 5)
2024-07-21,Dun Laoghaire-Rathdown,Solar,3100.43,2313.218266847105473952,787.211733152894526048,196.62355268200398841810266847105473952,66.91299731799604258619733152894526048,Active (weight: 90)
2025-03-18,Dun Laoghaire-Rathdown,Solar,4179.8,3563.37895746328463396,616.42104253671536604,302.8872113843792295203895746328463396,52.3957886156208122776104253671536604,Active (weight: 90)
2024-10-22,Dun Laoghaire-Rathdown,Solar,1698.61,1353.236835213067438094,345.373164786932561906,115.02513099311074577035835213067438094,29.35671900688927121574164786932561906,Failed (weight: 5)
2024-05-17,Dublin City,Wind,4169.0,3538.5769892708649458,630.4230107291350542,300.779044088023555778769892708649458,53.585955911976485911230107291350542,Failed (weight: 5)
2024-03-15,Fingal,Solar,2726.5,2599.20524535101466785,127.29475464898533215,220.9324458548362727593024535101466785,10.8200541451637545056975464898533215,Failed (weight: 5)
2025-06-23,Dun Laoghaire-Rathdown,Solar,2801.33,2692.756423198046348647,108.573576801953651353,228.88429597183396656255923198046348647,9.22875402816606145074076801953651353,Noisy (weight: 5)
2024-05-28,Fingal,Solar,3271.2,2480.99752020604423056,790.20247979395576944,210.8847892175137844075752020604423056,67.1672107824862483044247979395576944,Active (weight: 90)
2024-06-01,Dublin City,Wind,3818.81,3687.999673604030306257,130.810326395969693743,313.47997225634261291184173604030306257,11.11887774365742527625826395969693743,Noisy (weight: 5)
2025-01-26,Fingal,Solar,908.68,677.481823778581202372,231.198176221418797628,57.58595502117940897643823778581202372,19.65184497882060011036176221418797628,Noisy (weight: 5)
2024-09-04,Dun Laoghaire-Rathdown,Wind,1927.9,1617.17234789843982483,310.72765210156017517,137.4596495713674012822734789843982483,26.4118504286326179967265210156017517,Failed (weight: 5)
2025-06-25,Dublin City,Solar,3202.7,2987.59589049371614293,215.10410950628385707,253.9456506919659020250089049371614293,18.2838493080341300019910950628385707,Active (weight: 90)
2024-12-18,South Dublin,Solar,2462.89,2285.181699454573467908,177.708300545426532092,194.24044445363876762399699454573467908,15.10520554636125700490300545426532092,Noisy (weight: 5)
2024-11-04,South Dublin,Wind,3472.16,3356.488956077771180688,115.671043922228819312,285.30156126661058392336956077771180688,9.83203873338945079823043922228819312,Failed (weight: 5)
2024-03-22,South Dublin,Solar,3049.17,2421.641649567717858585,627.528350432282141415,205.83954021325604219614149567717858585,53.33990978674398829555850432282141415,Noisy (weight: 5)
2024-12-13,Dublin City,Solar,3656.71,2843.68535499627064916,813.02464500372935084,241.7132551746830336154535499627064916,69.1070948253170029516464500372935084,Active (weight: 90)
2024-12-25,Fingal,Solar,3465.23,2734.308209363164151333,730.921790636835848667,232.41619779586898020638709363164151333,62.12835220413105444591290636835848667,Active (weight: 90)
2024-02-15,South Dublin,Solar,3431.98,3086.28913617633272131,345.69086382366727869,262.3345765749883121742413617633272131,29.3837234250117221455586382366727869,Failed (weight: 5)
2024-03-11,South Dublin,Wind,3555.11,2962.807860473775929797,592.302139526224070203,251.83866814027098366082360473775929797,50.34568185972905189027639526224070203,Noisy (weight: 5)
2024-03-06,Dun Laoghaire-Rathdown,Solar,2348.83,1680.416469785869903043,668.413530214130096957,142.83539993179895856281969785869903043,56.81515006820106492548030214130096957,Failed (weight: 5)
2024-07-25,South Dublin,Solar,2855.24,2103.740239246223966696,751.499760753776033304,178.81792033592905820656239246223966696,63.87747966407097034583760753776033304,Noisy (weight: 5)
2025-03-20,South Dublin,Solar,2429.09,2273.750778450258449114,155.339221549741550886,193.26881616827199091219778450258449114,13.20383383172803337870221549741550886,Noisy (weight: 5)
2024-02-19,Dublin City,Solar,1506.86,1210.203124517107483944,296.656875482892516056,102.86726558395414823727124517107483944,25.21583441604586683132875482892516056,Noisy (weight: 5)
2025-06-08,Dublin City,Solar,4047.23,3301.849358041234969617,745.380641958765030383,280.65719543350500543593858041234969617,63.35735456649503503636141958765030383,Failed (weight: 5)
2024-08-06,Dublin City,Wind,2248.92,1746.960780959169423516,501.959219040830576484,148.49166638152941846846780959169423516,42.66653361847060402073219040830576484,Failed (weight: 5)
2024-05-31,Fingal,Wind,2430.96,2301.783576890887916904,129.176423109112083096,195.65160403572549595467576890887916904,10.97999596427452835492423109112083096,Active (weight: 90)
2024-07-24,Fingal,Solar,2180.21,2112.012793219851570932,68.197206780148429068,179.52108742368740464934793219851570932,5.79676257631261715275206780148429068,Failed (weight: 5)
2024-03-03,Dublin City,Wind,2220.92,1568.383793497810119168,652.536206502189880832,133.31262244731387581311793497810119168,55.46557755268614639608206502189880832,Active (weight: 90)
2024-11-23,Dun Laoghaire-Rathdown,Solar,3586.42,3264.386322847095669036,322.033677152904330964,277.47283744200316451192322847095669036,27.37286255799687135227677152904330964,Failed (weight: 5)
2024-09-14,Dun Laoghaire-Rathdown,Wind,1486.94,1090.017253477756968728,396.922746522243031272,92.65146654560935324205253477756968728,33.73843345439066162734746522243031272,Active (weight: 90)
2025-04-21,Dun Laoghaire-Rathdown,Solar,1785.43,1499.091844591489022284,286.338155408510977716,127.42280679027658188505844591489022284,24.33874320972343596924155408510977716,Failed (weight: 5)
2025-05-01,Fingal,Solar,2612.17,2284.636972926696380036,327.533027073303619964,194.19414269876921514942972926696380036,27.84030730123081097227027073303619964,Active (weight: 90)
2024-07-19,Fingal,Solar,1080.41,1046.296639360676243951,34.113360639323756049,88.93521434565749119880139360676243951,2.89963565434251960529860639323756049,Noisy (weight: 5)
2024-06-24,Dublin City,Wind,1360.61,1153.809747809738435575,206.800252190261564425,98.07382856382777856197247809738435575,17.57802143617223504412752190261564425,Failed (weight: 5)
2024-06-23,Fingal,Wind,1838.25,1339.865509380973054425,498.384490619026945575,113.88856829738272302478009380973054425,42.36268170261729535771990619026945575,Noisy (weight: 5)
2025-01-04,Dun Laoghaire-Rathdown,Solar,800.3,746.22001452480307342,54.07998547519692658,63.4287012346082687029001452480307342,4.5967987653917393000998547519692658,Failed (weight: 5)
2024-07-20,South Dublin,Wind,1964.86,1510.749707276472790564,454.110292723527209436,128.41372511850020230543707276472790564,38.59937488149981734316292723527209436,Active (weight: 90)
2024-02-07,South Dublin,Wind,3827.03,3232.196307691383959044,594.833692308616040956,274.73668615376766884070307691383959044,50.56086384623236942959692308616040956,Active (weight: 90)
2024-11-10,South Dublin,Solar,3419.31,2470.99174293434773572,948.31825706565226428,210.0342981494195822461174293434773572,80.6070518505804519469825706565226428,Failed (weight: 5)
2025-03-25,Dublin City,Wind,3054.39,2802.564348109689975558,251.825651890310024442,238.21796958932367594807348109689975558,21.40518041067635459582651890310024442,Failed (weight: 5)
2024-02-12,Dublin City,Wind,1468.4,1430.54589699992763848,37.85410300007236152,121.5964012449938635762589699992763848,3.2175987550061511077410300007236152,Failed (weight: 5)
2025-01-20,South Dublin,Wind,2499.45,2179.74345357266384544,319.70654642733615456,185.2781935536764486598345357266384544,27.1750564463235763346654642733615456,Failed (weight: 5)
2024-02-16,Dun Laoghaire-Rathdown,Solar,3218.93,2442.086873506414430153,776.843126493585569847,207.57738424804525098387373506414430153,66.03166575195478120542626493585569847,Failed (weight: 5)
2025-03-11,Dun Laoghaire-Rathdown,Solar,3673.2,3250.23853857088459692,422.96146142911540308,276.2702757785252232405853857088459692,35.9517242214748134914146142911540308,Active (weight: 90)
2024-01-23,South Dublin,Solar,2545.08,2483.30492702370922812,61.77507297629077188,211.0809187970153092232492702370922812,5.2508812029847162275507297629077188,Noisy (weight: 5)
2025-03-03,Fingal,Solar,2920.85,2147.15685025956404983,773.69314974043595017,182.5083322720629657071185025956404983,65.7639177279370635013814974043595017,Failed (weight: 5)
2024-03-31,Dublin City,Wind,1081.04,812.916193007680711992,268.123806992319288008,69.09787640565286864848193007680711992,22.79052359434714216191806992319288008,Active (weight: 90)
2024-10-17,Dublin City,Wind,2431.04,2299.327922418512020672,131.712077581487979328,195.44287340557354475039922418512020672,11.19552659442647956000077581487979328,Active (weight: 90)
2024-02-17,Dublin City,Wind,2912.86,2297.816401656345527486,615.043598343654472514,195.31439414078939281447401656345527486,52.27870585921063631412598343654472514,Noisy (weight: 5)
2025-03-01,Fingal,Wind,944.01,922.347090706835274651,21.662909293164725349,78.39950271008100756880590706835274651,1.84134728991900187129409293164725349,Active (weight: 90)
2024-07-08,Fingal,Solar,1534.26,1291.75762301126925384,242.50237698873074616,109.7993979559578994939762301126925384,20.6127020440421158486237698873074616,Failed (weight: 5)
2025-01-03,South Dublin,Wind,2542.66,2055.009169165759964198,487.650830834240035802,174.67577937908961750692169165759964198,41.45032062091040791967830834240035802,Failed (weight: 5)
2024-11-24,Fingal,Solar,3281.21,2661.69482440504358272,619.51517559495641728,226.2440600744287311481482440504358272,52.6587899255713016639517559495641728,Active (weight: 90)
2025-03-30,Dublin City,Solar,2627.01,2434.830818041544123574,192.179181958455876426,206.96061953353127485209818041544123574,16.33523046646875141800181958455876426,Failed (weight: 5)
2025-05-24,Fingal,Wind,1724.34,1563.228874410974483604,161.111125589025516396,132.87445432493284673862874410974483604,13.69444567506717050477125589025516396,Noisy (weight: 5)
2025-03-20,Dun Laoghaire-Rathdown,Wind,3633.91,3526.603527982478553967,107.306472017521446033,299.76129987851071235323027982478553967,9.12105012148932398586972017521446033,Active (weight: 90)
2025-01-30,Fingal,Solar,904.2,696.61743164073315948,207.58256835926684052,59.2124816894623255219743164073315948,17.6445183105376835200256835926684052,Active (weight: 90)
2024-11-04,South Dublin,Wind,3446.44,3354.07619092212608484,92.36380907787391516,285.0964762283807507521619092212608484,7.8509237716192837122380907787391516,Noisy (weight: 5)
2024-07-16,South Dublin,Solar,1120.57,866.083625751667982318,254.486374248332017682,73.61710818889178715786625751667982318,21.63134181110822404783374248332017682,Active (weight: 90)
2024-08-30,Fingal,Wind,4103.63,2978.513301826301429906,1125.116698173698570094,253.17363065523565132714301826301429906,95.63491934476438970915698173698570094,Noisy (weight: 5)
2024-04-06,Dun Laoghaire-Rathdown,Wind,918.28,804.925698348823383816,113.354301651176616184,68.41868435964999567361698348823383816,9.63511564035001350918301651176616184,Active (weight: 90)
2024-04-23,South Dublin,Wind,1395.11,1084.937186226133416882,310.172813773866583118,92.21966082922135128434186226133416882,26.36468917077866266675813773866583118,Active (weight: 90)
2025-01-27,Dublin City,Solar,3107.01,2468.159082739777909782,638.850917260222090218,209.79352203288114701306082739777909782,54.30232796711888405703917260222090218,Noisy (weight: 5)
2025-05-28,Dun Laoghaire-Rathdown,Wind,1085.67,960.780510463264063605,124.889489536735936395,81.66634338937745501423010463264063605,10.61560661062255584246989536735936395,Noisy (weight: 5)
2024-11-27,Dublin City,Solar,3008.13,2361.716298742084672734,646.413701257915327266,200.74588539307722079955298742084672734,54.94516460692280928174701257915327266,Failed (weight: 5)
2024-11-07,Dublin City,Wind,1427.8,1186.58439845468945928,241.21560154531054072,100.8596738686486159046439845468945928,20.5033261313513983733560154531054072,Noisy (weight: 5)
2025-01-01,Dun Laoghaire-Rathdown,Wind,3898.21,3115.483433522086822701,782.726566477913177299,264.81609184937741108441933522086822701,66.53175815062262789768066477913177299,Failed (weight: 5)
2024-01-31,Dun Laoghaire-Rathdown,Wind,2666.96,1916.55437805726764492,750.40562194273235508,162.9071221348677689837437805726764492,63.7844778651322576858562194273235508,Noisy (weight: 5)
2024-07-13,Dun Laoghaire-Rathdown,Wind,2347.09,2180.833701784937063793,166.256298215062936207,185.37086465171967223074201784937063793,14.13178534828035124015798215062936207,Noisy (weight: 5)
2025-06-26,Fingal,Wind,3204.91,2430.71570365638622735,774.19429634361377265,206.6108348107928536319070365638622735,65.8065151892071784171929634361377265,Failed (weight: 5)
2024-12-05,Fingal,Wind,2418.54,2201.60416947009976944,216.93583052990023056,187.1363544049585024184416947009976944,18.4395455950415217669583052990023056,Failed (weight: 5)
2024-03-01,Dun Laoghaire-Rathdown,Wind,3465.08,2866.910696767405008716,598.169303232594991284,243.68740922522945440996696767405008716,50.84439077477058024083303232594991284,Active (weight: 90)
2024-09-22,Fingal,Wind,955.55,815.09782726741267887,140.45217273258732113,69.2833153177300858549282726741267887,11.9384346822699237005717273258732113,Failed (weight: 5)
2025-01-13,Fingal,Wind,3545.3,2750.43813723790012759,794.86186276209987241,233.7872416652215383495313723790012759,67.5632583347784971034686276209987241,Noisy (weight: 5)
2024-06-19,Fingal,Wind,2014.67,1956.256965467175336252,58.413034532824663748,166.28184206470992314398965467175336252,4.96510793529009700271034532824663748,Noisy (weight: 5)
2024-09-13,Fingal,Wind,3147.62,2404.385831131851288078,743.234168868148711922,204.37279564620738353048831131851288078,63.17490435379264794571168868148711922,Noisy (weight: 5)
2024-04-03,South Dublin,Solar,2945.25,2761.90599699238479255,183.34400300761520745,234.7620097443527349858099699238479255,15.5842402556472944666900300761520745,Noisy (weight: 5)
2025-02-18,South Dublin,Wind,1075.86,757.541695756190420556,318.318304243809579444,64.39104413927619332267695756190420556,27.05705586072381743592304243809579444,Noisy (weight: 5)
2025-01-25,Fingal,Solar,1118.89,859.688892483368338691,259.201107516631661309,73.07355586108631738562392483368338691,22.03209413891369380327607516631661309,Failed (weight: 5)
2024-06-04,South Dublin,Solar,3403.5,3191.3516761076789601,212.1483238923210399,271.264892469152743522016761076789601,18.032607530847290512983238923210399,Active (weight: 90)
2024-06-01,Fingal,Solar,2518.97,2437.214007153502300271,81.755992846497699729,207.16319060804771989517507153502300271,6.94925939195230529452492846497699729,Failed (weight: 5)
2024-08-19,Dun Laoghaire-Rathdown,Solar,2370.76,1825.12022687649935294,545.63977312350064706,155.1352192845024632511022687649935294,46.3793807154975604564977312350064706,Noisy (weight: 5)
2025-02-03,Fingal,Wind,2345.94,1921.174533957170180358,424.765466042829819642,163.29983538635948454217533957170180358,36.10506461364053891722466042829819642,Failed (weight: 5)
2024-03-13,South Dublin,Wind,985.31,839.715078346777645522,145.594921653222354478,71.37578165947610826652078346777645522,12.37556834052390158657921653222354478,Failed (weight: 5)
2025-03-28,Fingal,Solar,4054.01,3149.732063290171456843,904.277936709828543157,267.72722537966460532897563290171456843,76.86362462033543521112436709828543157,Active (weight: 90)
2024-10-24,Dublin City,Wind,1938.38,1621.965618947340883418,316.414381052659116582,137.86707761052399131018618947340883418,26.89522238947602807361381052659116582,Noisy (weight: 5)
2024-03-14,Dublin City,Wind,1762.17,1666.94226130496008233,95.22773869503991767,141.6900922109216236674726130496008233,8.0943577890783939542273869503991767,Failed (weight: 5)
2025-02-01,Dun Laoghaire-Rathdown,Wind,1528.99,1228.732867319629218949,300.257132680370781051,104.44229372216849589799367319629218949,25.52185627783151939190632680370781051,Active (weight: 90)
2025-04-14,Fingal,Solar,957.71,692.514145736487971117,265.195854263512028883,58.86370238760148447008645736487971117,22.54164761239852510701354263512028883,Active (weight: 90)
2025-02-05,Dublin City,Solar,1138.56,825.638644092404656704,312.921355907595343296,70.17928474785440407622644092404656704,26.59831525214560730937355907595343296,Failed (weight: 5)
2025-03-04,Dublin City,Wind,1593.3,1411.73274565827235131,181.56725434172764869,119.9972833809531639786774565827235131,15.4332166190468519543225434172764869,Active (weight: 90)
2025-04-12,Fingal,Solar,3294.84,2568.707224546079063364,726.132775453920936636,218.34011408641674607301224546079063364,61.72128591358328687538775453920936636,Failed (weight: 5)
2024-03-22,Fingal,Solar,1257.53,974.005786914180007869,283.524213085819992131,82.79049188770531040892286914180007869,24.09955811229470216637713085819992131,Active (weight: 90)
2024-01-07,Dublin City,Solar,3104.77,2178.256789150664543639,926.513210849335456361,185.15182707780650799188289150664543639,78.75362292219352305581710849335456361,Failed (weight: 5)
2025-04-03,Dun Laoghaire-Rathdown,Solar,3445.59,3346.970133127294102833,98.619866872705897167,284.49246131582003221050633127294102833,8.38268868418000224539366872705897167,Noisy (weight: 5)
2025-02-05,Fingal,Solar,1331.01,1280.642675415834569931,50.367324584165430069,108.85462741034595125056175415834569931,4.28122258965406205953824584165430069,Noisy (weight: 5)
2025-02-20,Fingal,Wind,3750.1,3247.41201241368530447,502.68798758631469553,276.0300210551632833540701241368530447,42.7284789448367541469298758631469553,Failed (weight: 5)
2025-04-11,Fingal,Solar,1791.46,1665.11772988103783889,126.34227011896216111,141.5350070398882329568272988103783889,10.7390929601117849577727011896216111,Active (weight: 90)
2024-03-25,Dublin City,Solar,2277.38,2048.3542858333326156,229.0257141666673844,174.110114295833292809542858333326156,19.467185704166729964257141666673844,Active (weight: 90)
2025-01-25,South Dublin,Solar,2966.8,2808.21689607054376168,158.58310392945623832,238.6984361659962478249689607054376168,13.4795638340037818430310392945623832,Active (weight: 90)
2024-08-19,Dun Laoghaire-Rathdown,Solar,4060.2,2876.13364653912297072,1184.06635346087702928,244.4713599558254812725364653912297072,100.6456400441745593294635346087702928,Active (weight: 90)
2024-03-17,Fingal,Solar,1961.24,1751.39432815033238334,209.84567184966761666,148.8685178927782700978432815033238334,17.8368821072217495145567184966761666,Failed (weight: 5)
2025-03-19,Dun Laoghaire-Rathdown,Wind,1679.64,1630.651177738523501076,48.988822261476498924,138.60535010777451389797177738523501076,4.16404989222550289842822261476498924,Noisy (weight: 5)
2025-03-04,Fingal,Solar,2653.86,2135.81331944451602241,518.04668055548397759,181.5441321527838832629831944451602241,44.0339678472161432756168055548397759,Failed (weight: 5)
2025-04-22,Dublin City,Solar,2970.74,2210.017745849904104004,760.722254150095895996,187.85150839724187094051745849904104004,64.66139160275815876688254150095895996,Noisy (weight: 5)
2025-03-31,South Dublin,Wind,3140.66,2302.961701234028290924,837.698298765971709076,195.75174460489242775815701234028290924,71.20435539510760364844298765971709076,Failed (weight: 5)
2024-01-13,Dublin City,Solar,3863.89,2986.220180245484153607,877.669819754515846393,253.82871532086618291879680245484153607,74.60193467913385572010319754515846393,Noisy (weight: 5)
2024-08-25,Fingal,Solar,1719.26,1621.000610646743279298,98.259389353256720702,137.78505190497319495033610646743279298,8.35204809502682224226389353256720702,Failed (weight: 5)
2024-11-28,Dublin City,Solar,3170.28,3016.486853146487653464,153.793146853512346536,256.40138251745148070930853146487653464,13.07241748254855099349146853512346536,Noisy (weight: 5)
2024-04-26,South Dublin,Wind,2902.17,2462.330250081887872818,439.839749918112127182,209.29807125696049381283250081887872818,37.38637874303953520886749918112127182,Active (weight: 90)
2024-01-31,South Dublin,Solar,1758.33,1409.880261205246903569,348.449738794753096431,119.83982220244600090216761205246903569,29.61822779755401668113238794753096431,Noisy (weight: 5)
2024-01-20,Dun Laoghaire-Rathdown,Solar,1262.75,897.572225529693264,365.177774470306736,76.29363917002393641572225529693264,31.04011082997607621177774470306736,Failed (weight: 5)
2025-01-13,Fingal,Solar,3450.94,3207.17570309362314241,243.76429690637685759,272.6099347629579991766070309362314241,20.7199652370420353327929690637685759,Active (weight: 90)
2024-12-25,Dun Laoghaire-Rathdown,Solar,2393.3,1697.17584092520051315,696.12415907479948685,144.2599464786420605895084092520051315,59.1705535213579633434915907479948685,Active (weight: 90)
2025-06-26,Dublin City,Wind,2129.34,1849.704208623332609052,279.635791376667390948,157.22485773298329026646208623332609052,23.76904226701673102693791376667390948,Active (weight: 90)
2025-04-15,Dun Laoghaire-Rathdown,Solar,3864.89,3059.87041755642670849,805.01958244357329151,260.0889854922963008203541755642670849,68.4266645077037378285458244357329151,Active (weight: 90)
2024-07-06,Fingal,Solar,1607.02,1193.8451680577000438,413.1748319422999562,101.476839284904515661451680577000438,35.119860715095500408748319422999562,Noisy (weight: 5)
2025-03-12,South Dublin,Solar,3588.58,2704.042009724431585568,884.537990275568414432,229.84357082657671181370009724431585568,75.18572917342332407209990275568414432,Failed (weight: 5)
2025-01-30,Dublin City,Solar,4046.28,3116.587714834782656748,929.692285165217343252,264.90995576095655698945714834782656748,79.02384423904348347334285165217343252,Active (weight: 90)
2024-05-03,South Dublin,Solar,3069.47,2423.941577613891007032,645.528422386108992968,206.03503409718075983713577613891007032,54.86991590281927085756422386108992968,Active (weight: 90)
2025-04-01,Dublin City,Wind,4131.36,3174.768220389769287504,956.591779610230712496,269.85529873313042118552220389769287504,81.31030126686962012807779610230712496,Noisy (weight: 5)
2024-06-11,Dun Laoghaire-Rathdown,Solar,1885.32,1742.03029996388572968,143.28970003611427032,148.0725754969303044431029996388572968,12.1796245030697144100970003611427032,Noisy (weight: 5)
2024-02-04,Fingal,Wind,3481.0,2542.9467461474724256,938.0532538525275744,216.150473422535181605467461474724256,79.734526577464853204532538525275744,Noisy (weight: 5)
2024-04-23,Dublin City,Solar,1573.35,1485.25647207040814736,88.09352792959185264,126.2468001259847073781647207040814736,7.4879498740153083553352792959185264,Active (weight: 90)
2024-07-03,South Dublin,Wind,2863.93,2165.180241615672753901,698.749758384327246099,184.04032053733220573338741615672753901,59.39372946266782290591258384327246099,Failed (weight: 5)
2024-11-18,South Dublin,Solar,1726.3,1293.58946273605789006,432.71053726394210994,109.9551043325649335909946273605789006,36.7803956674350836720053726394210994,Active (weight: 90)
2024-03-10,South Dublin,Solar,2465.56,2361.35166247153479714,104.20833752846520286,200.7148913100804813704166247153479714,8.8577086899195432851833752846520286,Active (weight: 90)
2024-02-08,Fingal,Wind,3983.49,3557.746277016924297879,425.743722983075702121,302.40843354643860089717777016924297879,36.18821645356143893772222983075702121,Noisy (weight: 5)
2025-04-09,South Dublin,Wind,2316.91,2080.264033033221060257,236.645966966778939743,176.82244280782381092448533033221060257,20.11490719217621224461466966778939743,Active (weight: 90)
2024-03-11,Fingal,Solar,3201.0,3012.7021548735160929,188.2978451264839071,256.079683164248898023521548735160929,16.005316835751133986478451264839071,Active (weight: 90)
2025-02-21,Dublin City,Solar,1201.22,1021.487238769991103106,179.732761230008896894,86.82641529544925397888238769991103106,15.27728470455075803331761230008896894,Active (weight: 90)
2024-05-22,Dun Laoghaire-Rathdown,Wind,3271.71,2497.610396203747101771,774.099603796252898229,212.29688367731852862663896203747101771,65.79846632268150409046103796252898229,Failed (weight: 5)
2024-01-24,South Dublin,Solar,1404.92,1093.67228052470994804,311.24771947529005196,92.9621438446003565201228052470994804,26.4560561553996575290771947529005196,Failed (weight: 5)
2024-08-02,South Dublin,Solar,3478.53,3273.167611274727765852,205.362388725272234148,278.21924695835189282909611274727765852,17.45580304164814195620388725272234148,Noisy (weight: 5)
2024-09-02,Dublin City,Solar,3588.96,2840.064298396681503216,748.895701603318496784,241.40546536371795617400298396681503216,63.65613463628207971559701603318496784,Noisy (weight: 5)
2025-02-11,South Dublin,Solar,1592.99,1207.480817826918031173,385.509182173081968827,102.63586951528804472451317826918031173,32.76828048471197120538682173081968827,Active (weight: 90)
2024-07-16,Dun Laoghaire-Rathdown,Solar,3147.89,2424.227977196515845316,723.662022803484154684,206.05937806170387109413977196515845316,61.51127193829616038476022803484154684,Active (weight: 90)
2024-09-27,Dublin City,Wind,1074.29,1006.648221881954540259,67.641778118045459741,85.56509885996614598849721881954540259,5.74955114003386475440278118045459741,Failed (weight: 5)
2024-02-09,Fingal,Solar,2516.27,2014.368758506348424141,501.901241493651575859,171.22134447303963619567258506348424141,42.66160552696038896702741493651575859,Failed (weight: 5)
2024-07-13,Dublin City,Wind,1291.65,1073.352812392306218765,218.297187607693781235,91.23498905334603932855312392306218765,18.55526094665397358794687607693781235,Active (weight: 90)
2024-10-13,Fingal,Wind,4155.69,3001.285329286521685023,1154.404670713478314977,255.10925298935437323980829286521685023,98.12439701064566831709170713478314977,Failed (weight: 5)
2024-09-28,Dun Laoghaire-Rathdown,Wind,1816.23,1286.38558514529385413,529.84441485470614587,109.3427747373499904649058514529385413,45.0367752626500276973941485470614587,Failed (weight: 5)
2024-11-26,Dublin City,Solar,2030.53,1704.975736126943026264,325.554263873056973736,144.92293757079017428219736126943026264,27.67211242920984602310263873056973736,Failed (weight: 5)
2024-03-20,South Dublin,Wind,2435.73,2246.417400126733976142,189.312599873266023858,190.94547901077241043624400126733976142,16.09157098922761392105599873266023858,Noisy (weight: 5)
2024-02-15,South Dublin,Solar,2728.07,2316.38485280279453716,411.68514719720546284,196.8927124882375588224485280279453716,34.9932375117624684582514719720546284,Failed (weight: 5)
2025-05-20,Dun Laoghaire-Rathdown,Wind,1749.05,1547.26473078872692781,201.78526921127307219,131.5175021170418043364973078872692781,17.1517478829582131540026921127307219,Noisy (weight: 5)
2024-07-05,South Dublin,Solar,3318.72,3095.920389410976036672,222.799610589023963328,263.15323309993299407632389410976036672,18.93796690006703911087610589023963328,Noisy (weight: 5)
2024-08-27,Dun Laoghaire-Rathdown,Wind,2301.06,1869.18710110967702403,431.87289889032297597,158.8809035943225657344210110967702403,36.7091964056774572761789889032297597,Active (weight: 90)
2024-08-25,Fingal,Solar,1030.65,1006.52856646258068924,24.12143353741931076,85.5549281493193686506856646258068924,2.0503218506806416558143353741931076,Active (weight: 90)
2024-09-14,Dun Laoghaire-Rathdown,Solar,1959.81,1781.532405431935468104,178.277594568064531896,151.43025446171453260416405431935468104,15.15359553828548699393594568064531896,Failed (weight: 5)
2025-01-14,Dun Laoghaire-Rathdown,Wind,3063.31,2700.888677686787834196,362.421322313212165804,229.57553760337699291554677686787834196,30.80581239662303771755322313212165804,Failed (weight: 5)
2025-04-22,Dun Laoghaire-Rathdown,Wind,3910.91,3734.512438229784161623,176.397561770215838377,317.43355724953169108307938229784161623,14.99379275046834802602061770215838377,Failed (weight: 5)
2024-08-30,Dublin City,Wind,1442.25,1358.8527493299602403,83.3972506700397597,115.502483693046634014027493299602403,7.088766306953380408472506700397597,Failed (weight: 5)
2024-03-16,South Dublin,Wind,2119.78,1490.301064948456056972,629.478935051543943028,126.67559052061877974563064948456056972,53.50570947938124145216935051543943028,Failed (weight: 5)
2025-06-14,South Dublin,Solar,3196.9,2477.19847096968507898,719.70152903031492102,210.5618700324232564852847096968507898,61.1746299675767754837152903031492102,Active (weight: 90)
2024-06-04,South Dublin,Wind,1128.73,858.933313399987962893,269.796686600012037107,73.00933163899898543523813399987962893,22.93271836100102585206186600012037107,Active (weight: 90)
2025-02-28,Dun Laoghaire-Rathdown,Wind,2255.98,1857.246761601831350484,398.733238398168649516,157.86597473615568336360761601831350484,33.89232526384433919619238398168649516,Failed (weight: 5)
2024-07-07,Dun Laoghaire-Rathdown,Solar,2630.95,2173.644527800472733195,457.305472199527266805,184.75978486304020405802027800472733195,38.87096513695982225147972199527266805,Failed (weight: 5)
2025-02-07,Dublin City,Wind,3309.49,3198.121142906352377428,111.368857093647622572,271.84029714703998406259142906352377428,9.46635285296004903230857093647622572,Active (weight: 90)
2025-02-19,Dun Laoghaire-Rathdown,Solar,2018.9,1924.42819905066862872,94.47180094933137128,163.5763969193068526854819905066862872,8.0301030806931675035180094933137128,Active (weight: 90)
2024-12-18,Dublin City,Wind,3308.29,2566.310107379442825259,741.979892620557174741,218.13635912725266581011607379442825259,63.06829087274736727278392620557174741,Failed (weight: 5)
2024-12-30,Fingal,Wind,2678.7,2583.50947978143410133,95.19052021856589867,219.5983057814219244481447978143410133,8.0911942185781023388552021856589867,Noisy (weight: 5)
2024-05-04,Dun Laoghaire-Rathdown,Wind,2286.04,1900.193835326920826552,385.846164673079173448,161.51647600278828925885835326920826552,32.79692399721173360154164673079173448,Failed (weight: 5)
2025-06-14,Dublin City,Wind,3342.2,3235.24832227033982344,106.95167772966017656,274.9961073929789173448832227033982344,9.0908926070211160771167772966017656,Active (weight: 90)
2024-12-04,South Dublin,Wind,3479.06,3036.06995869860303868,442.99004130139696132,258.0659464893812886484995869860303868,37.6541535106187461421004130139696132,Active (weight: 90)
2024-03-11,Dun Laoghaire-Rathdown,Solar,1245.53,924.592880321466108467,320.937119678533891533,78.59039482732462846562380321466108467,27.27965517267538398967619678533891533,Failed (weight: 5)
2025-05-05,Dun Laoghaire-Rathdown,Wind,3179.3,2876.06111053792992966,303.23888946207007034,244.4651943957240727817111053792992966,25.7753056042759590112888946207007034,Active (weight: 90)
2024-03-26,Fingal,Solar,2058.38,1564.721751415545683138,493.658248584454316862,133.00134887032139871394751415545683138,41.96095112967862186985248584454316862,Noisy (weight: 5)
2024-07-21,South Dublin,Solar,2031.38,1791.863663430302185802,239.516336569697814198,152.30841139157570371180663430302185802,20.35888860842431660199336569697814198,Active (weight: 90)
2025-02-27,Fingal,Solar,3654.57,3154.431973104578045985,500.138026895421954015,268.12671771388916545304473104578045985,42.51173228611087109265526895421954015,Active (weight: 90)
2024-09-07,Dun Laoghaire-Rathdown,Wind,1008.13,813.552060707343236431,194.577939292656763569,69.15192516012418323215560707343236431,16.53912483987582684914439292656763569,Failed (weight: 5)
2024-06-26,Dun Laoghaire-Rathdown,Solar,1284.59,993.563908459668206503,291.026091540331793497,84.45293221907180748839408459668206503,24.73721778092820535750591540331793497,Failed (weight: 5)
2024-12-19,Dun Laoghaire-Rathdown,Wind,1592.03,1559.779117141125588576,32.250882858874411424,132.58122495699569062675117141125588576,2.74132504300432529354882858874411424,Noisy (weight: 5)
2025-05-21,Fingal,Solar,1979.2,1881.0134986168486904,98.1865013831513096,159.886147382432157494134986168486904,8.345852617567862297865013831513096,Active (weight: 90)
2025-01-11,South Dublin,Wind,2998.7,2874.01987727227975693,124.68012272772024307,244.2916895681438080792487727227975693,10.5978104318562219077512272772024307,Active (weight: 90)
2024-09-08,Fingal,Wind,1422.72,1184.721952857255027072,237.998047142744972928,100.70136599286668914833952857255027072,20.22983400713332507886047142744972928,Failed (weight: 5)
2025-03-26,Dun Laoghaire-Rathdown,Solar,3486.34,3103.103855757158072534,383.236144242841927466,263.76382773935846719642855757158072534,32.57507226064156766697144242841927466,Noisy (weight: 5)
2025-04-06,Dun Laoghaire-Rathdown,Wind,2840.52,2128.2285732960283344,712.2914267039716656,180.899428730162429706285732960283344,60.544771269837598698914267039716656,Active (weight: 90)
2024-06-12,South Dublin,Solar,3107.83,2677.006838025329811826,430.823161974670188174,227.54558123215306077527838025329811826,36.61996876784697030302161974670188174,Noisy (weight: 5)
2024-04-27,Dun Laoghaire-Rathdown,Solar,939.42,813.830645709569887542,125.589354290430112458,69.17560488531344857937645709569887542,10.67509511468656081482354290430112458,Active (weight: 90)
2024-11-12,Fingal,Solar,1756.03,1570.945524489541397904,185.084475510458602096,133.53036958161103453129524489541397904,15.73218041838898302900475510458602096,Noisy (weight: 5)
2024-10-24,Fingal,Wind,1341.44,1114.9331832322435584,226.5068167677564416,94.769320574740713613331832322435584,19.253079425259299801068167677564416,Noisy (weight: 5)
2025-04-10,Dun Laoghaire-Rathdown,Wind,3738.49,2949.939378145322460268,788.550621854677539732,250.74484714235243862217378145322460268,67.02680285764759876272621854677539732,Failed (weight: 5)
2024-03-14,South Dublin,Solar,3997.5,3611.51770626540770175,385.98229373459229825,306.9790050325596907639270626540770175,32.8084949674403492110729373459229825,Failed (weight: 5)
2024-11-25,South Dublin,Wind,1129.51,1037.681355873444355841,91.828644126555644159,88.20291524924278062329855873444355841,7.80543475075723067180144126555644159,Failed (weight: 5)
2024-12-08,Dun Laoghaire-Rathdown,Solar,1082.31,1001.216500670511910635,81.093499329488089365,85.10340255699352241614000670511910635,6.89294744300648840695999329488089365,Noisy (weight: 5)
2024-07-14,Fingal,Solar,3254.76,2898.691435602073055736,356.068564397926944264,246.38877202617623872447435602073055736,30.26582797382379382312564397926944264,Failed (weight: 5)
2024-09-28,South Dublin,Solar,3121.73,2549.520707598997123059,572.209292401002876941,216.70926014591478095522207598997123059,48.63778985408525026207792401002876941,Failed (weight: 5)
2025-06-23,Fingal,Solar,979.91,839.666754397842010493,140.243245602157989507,71.37167412381657928857254397842010493,11.92067587618343051052745602157989507,Noisy (weight: 5)
2024-11-05,Dublin City,Wind,3336.69,2472.972924416251142823,863.717075583748857177,210.20269857538137186968424416251142823,73.41595142461866149721575583748857177,Failed (weight: 5)
2024-08-09,South Dublin,Solar,989.17,955.756670995147338499,33.413329004852661501,81.23931703458753332998170995147338499,2.84013296541247656171829004852661501,Active (weight: 90)
2025-04-21,Dun Laoghaire-Rathdown,Solar,1444.74,1039.340685009888502164,405.399314990111497836,88.34395822584053307734685009888502164,34.45894177415948137005314990111497836,Failed (weight: 5)
2024-02-19,South Dublin,Wind,1676.88,1312.53311896084615716,364.34688103915384284,111.5653151116719364839311896084615716,30.9694848883280802848688103915384284,Failed (weight: 5)
2025-01-24,Dublin City,Wind,1761.78,1286.572672497537663366,475.207327502462336634,109.35867716229071425183672497537663366,40.39262283770930336596327502462336634,Noisy (weight: 5)
2025-04-19,Fingal,Wind,2237.49,1696.108808367884267811,541.381191632115732189,144.16924871127017972502308367884267811,46.01740128872984264987691632115732189,Failed (weight: 5)
2024-03-21,Dublin City,Wind,1371.29,1224.070661846330896742,147.219338153669103258,104.04600625693813846377661846330896742,12.51364374306187524912338153669103258,Noisy (weight: 5)
2024-10-01,Dublin City,Wind,975.33,802.634739053441625432,172.695260946558374568,68.22395281954254618806739053441625432,14.67909718045746356523260946558374568,Failed (weight: 5)
2024-07-17,Dublin City,Wind,3498.19,2958.385232192003184166,539.804767807996815834,251.46274473632030023796232192003184166,45.88340526367973474393767807996815834,Active (weight: 90)
2025-02-08,Fingal,Solar,1404.87,1341.911784925921546653,62.958215074078453347,114.06250171870334488462284925921546653,5.35144828129666916407715074078453347,Failed (weight: 5)
2024-10-18,Fingal,Solar,1588.58,1479.770455563555215522,108.809544436444784478,125.78048872290220811707455563555215522,9.24881127709780776872544436444784478,Active (weight: 90)
2024-03-07,Fingal,Solar,1393.29,1223.8900235200527021,169.3999764799472979,104.030651999204491917400235200527021,14.398998000795522015499764799472979,Noisy (weight: 5)
2024-09-02,Fingal,Wind,3127.99,3009.997636872648479467,117.992363127351520533,255.84979913417515085467136872648479467,10.02935086582488042522863127351520533,Active (weight: 90)
2025-01-05,Fingal,Wind,2349.97,1831.962512968115118941,518.007487031884881059,155.71681360228980342961012968115118941,44.03063639771022007008987031884881059,Noisy (weight: 5)
2024-10-12,Dun Laoghaire-Rathdown,Wind,3310.97,2834.962247608555280177,476.007752391444719823,240.97179104672722716466747608555280177,40.46065895327280594503252391444719823,Active (weight: 90)
2024-06-04,South Dublin,Solar,2507.7,1868.917644537707244,638.782355462292756,158.85799978570513442917644537707244,54.29650021429489064782355462292756,Active (weight: 90)
2024-01-21,Fingal,Solar,1240.26,868.56653533828535637,371.69346466171464363,73.8281555037542639771153533828535637,31.5939444962457484254846466171464363,Failed (weight: 5)
2024-04-05,South Dublin,Wind,1517.31,1148.116385616488506575,369.193614383511493425,97.58989277740153454003885616488506575,31.38145722259848063306114383511493425,Active (weight: 90)
2025-03-11,Fingal,Wind,1151.07,953.565372163943599734,197.504627836056400266,81.05305663393521551304372163943599734,16.78789336606479599765627836056400266,Failed (weight: 5)
2024-02-07,Dun Laoghaire-Rathdown,Solar,914.54,798.30829930410740918,116.23170069589259082,67.8562054408491377633829930410740918,9.8796945591508713820170069589259082,Noisy (weight: 5)
2024-09-26,South Dublin,Wind,872.92,644.680990212545682808,228.239009787454317192,54.79788416806638948548990212545682808,19.40031583193361924371009787454317192,Active (weight: 90)
2024-09-14,Dun Laoghaire-Rathdown,Wind,3422.59,2630.562564003545711865,792.027435996454288135,223.59781794030141181415064003545711865,67.32233205969862241174935996454288135,Active (weight: 90)
2024-05-08,Fingal,Wind,1269.56,1233.150017358915071508,36.409982641084928492,104.81775147550779340968017358915071508,3.09484852449221928591982641084928492,Active (weight: 90)
2025-02-15,Dun Laoghaire-Rathdown,Wind,1614.19,1456.756985202067799084,157.433014797932200916,123.82434374217577748970985202067799084,13.38180625782423865219014797932200916,Failed (weight: 5)
2025-04-29,Fingal,Wind,1432.86,1045.409028525193093476,387.450971474806906524,88.85976742464142339955028525193093476,32.93333257535859092904971474806906524,Active (weight: 90)
2025-06-13,Dun Laoghaire-Rathdown,Solar,887.21,853.102120573249994077,34.107879426750005923,72.51368024872625802756620573249994077,2.89916975127375084453379426750005923,Failed (weight: 5)
2024-04-19,Fingal,Wind,1567.36,1418.7393097217217824,148.6206902782782176,120.592841326346365691393097217217824,12.632758673653649982206902782782176,Active (weight: 90)
2024-12-25,South Dublin,Solar,1887.91,1394.732203408598171014,493.177796591401828986,118.55223728973085848351203408598171014,41.92011271026916039558796591401828986,Failed (weight: 5)
2024-10-28,Dun Laoghaire-Rathdown,Wind,4001.26,3255.376511451816973816,745.883488548183026184,276.70700347340447532812511451816973816,63.40009652659556468447488548183026184,Failed (weight: 5)
2024-12-28,Dun Laoghaire-Rathdown,Wind,2727.74,1989.01825365796848052,738.72174634203151948,169.0665515609273407343825365796848052,62.7913484390726865430174634203151948,Noisy (weight: 5)
2024-04-16,Fingal,Solar,853.03,657.839298075923434057,195.190701924076565943,55.91634033645349847323798075923434057,16.59120966354651005706201924076565943,Noisy (weight: 5)
2025-01-16,Fingal,Wind,2758.51,2622.433243510125203265,136.076756489874796735,222.90682569836066850185743510125203265,11.56652430163935908324256489874796735,Failed (weight: 5)
2024-11-15,Dublin City,Solar,2959.31,2720.231213791995944593,239.078786208004055407,231.21965317231968249271713791995944593,20.32169682768034710038286208004055407,Noisy (weight: 5)
2024-09-15,Dun Laoghaire-Rathdown,Solar,3104.0,2956.209817196642528,147.790182803357472,251.27783446171464444209817196642528,12.56216553828538659790182803357472,Noisy (weight: 5)
2024-12-23,Fingal,Solar,2796.6,2176.6394217669490806,619.9605782330509194,185.014350850190693617394217669490806,52.696649149809334348605782330509194,Failed (weight: 5)
2025-04-09,South Dublin,Wind,2527.91,2024.542513579984626151,503.367486420015373849,172.08611365429871346826013579984626151,42.78623634570131181083986420015373849,Active (weight: 90)
2024-10-23,South Dublin,Wind,3316.29,2389.232860867801767702,927.057139132198232298,203.08479317376317414699860867801767702,78.79985682623685901590139132198232298,Noisy (weight: 5)
2024-03-31,Fingal,Solar,3494.79,2745.548319424982969196,749.241680575017030804,233.37160715112357983714319424982969196,63.68554284887645511075680575017030804,Active (weight: 90)
2024-08-06,South Dublin,Solar,2138.53,1975.519363496421294883,163.010636503578705117,167.91914589719582982024863496421294883,13.85590410280419156505136503578705117,Noisy (weight: 5)
2024-06-25,South Dublin,Wind,3689.88,2752.810050611576467824,937.069949388423532176,233.98885430198402729314050611576467824,79.65094569801600960565949388423532176,Active (weight: 90)
2024-04-08,South Dublin,Solar,3628.56,3142.649655809188202808,485.910344190811797192,267.12522074378102866517655809188202808,41.30237925621900762042344190811797192,Active (weight: 90)
2024-07-30,South Dublin,Wind,2270.86,1733.49945679024378999,537.36054320975621001,147.3474538271707394841445679024378999,45.6756461728292832244554320975621001,Active (weight: 90)
2024-01-03,South Dublin,Solar,3689.96,3122.1306622302924742,567.8293377697075258,265.381106289574891528306622302924742,48.265493710425145371293377697075258,Active (weight: 90)
2024-07-14,Fingal,Wind,3300.39,2802.101660565843525912,498.288339434156474088,238.17864114809672772353660565843525912,42.35450885190330528036339434156474088,Failed (weight: 5)
2025-02-14,Dun Laoghaire-Rathdown,Solar,2937.08,2733.16194000686695876,203.91805999313304124,232.3187649005837188262194000686695876,17.3330350994163105445805999313304124,Active (weight: 90)
2024-10-25,South Dublin,Solar,1941.65,1722.16778894124004769,219.48221105875995231,146.3842620600054212753278894124004769,18.6559879399945981411721105875995231,Failed (weight: 5)
2024-04-12,Fingal,Wind,1688.37,1347.828181425461914395,340.541818574538085605,114.56539542116427620185681425461914395,28.94605457883574068184318574538085605,Noisy (weight: 5)
2024-02-21,Dun Laoghaire-Rathdown,Wind,1747.17,1240.035048988935726591,507.134951011064273409,105.40297916405954916058548988935726591,43.10647083594046831111451011064273409,Active (weight: 90)
2025-03-30,Dublin City,Solar,3733.86,3259.025099204715363822,474.834900795284636178,277.01713343240083851512099204715363822,40.36096656759919882347900795284636178,Active (weight: 90)
2024-06-27,Dublin City,Solar,3790.34,3024.833463603176068934,765.506536396823931066,257.11084440626999610772463603176068934,65.06805559373004179567536396823931066,Noisy (weight: 5)
2024-09-16,Fingal,Solar,3995.2,3168.00550111840093376,827.19449888159906624,269.2804675950641110496550111840093376,70.3115324049359289023449888159906624,Noisy (weight: 5)
2025-05-13,Dublin City,Solar,3450.16,2678.508529742493305928,771.651470257506694072,227.67322502811195778896529742493305928,65.59037497188807671263470257506694072,Noisy (weight: 5)
2024-09-13,Fingal,Wind,1804.11,1445.023841442900518415,359.086158557099481585,122.82702652264655851551341442900518415,30.52232347735345952558658557099481585,Failed (weight: 5)
2025-02-26,Fingal,Wind,3242.77,3172.461021829837396991,70.308978170162603009,269.65918685553621046884521829837396991,5.97626314446382195885478170162603009,Noisy (weight: 5)
2024-02-19,Dublin City,Wind,1426.45,1236.133400956064993135,190.316599043935006865,105.07133908126553677780900956064993135,16.17691091873447748669099043935006865,Noisy (weight: 5)
2025-01-03,Dun Laoghaire-Rathdown,Wind,2345.68,2237.690894491237310776,107.989105508762689224,190.20372603175519379286894491237310776,9.17907396824482966393105508762689224,Failed (weight: 5)
2024-01-11,South Dublin,Wind,2222.46,1839.753686767070764134,382.706313232929235866,156.37906337520103334892686767070764134,32.53003662479898887567313232929235866,Noisy (weight: 5)
2025-02-09,South Dublin,Solar,810.37,696.78287282963655087,113.58712717036344913,59.2265441905191137917787282963655087,9.6549058094808943119212717036344913,Active (weight: 90)
2025-04-23,South Dublin,Solar,2702.98,2636.763071995421145504,66.216928004578854496,224.12486111961082373547071995421145504,5.62843888038920329432928004578854496,Active (weight: 90)
2024-07-18,Dublin City,Solar,2172.95,1848.39796749407002892,324.55203250592997108,157.1138272369959709421796749407002892,27.5869227630040507873203250592997108,Noisy (weight: 5)
2024-03-22,South Dublin,Wind,1749.7,1354.11215687191153726,395.58784312808846274,115.0995333341124942082215687191153726,33.6249666658875232887784312808846274,Active (weight: 90)
2024-03-17,Dublin City,Wind,2781.52,2609.427576258042851864,172.092423741957148136,221.80134398193366850271576258042851864,14.62785601806635931248423741957148136,Active (weight: 90)
2025-03-15,South Dublin,Wind,2664.76,1890.708707378692125316,774.051292621307874684,160.71024012718884955894707378692125316,65.79435987281117708865292621307874684,Noisy (weight: 5)
2024-08-29,Fingal,Solar,3572.25,3381.9710434998814656,190.2789565001185344,287.467538697489958395710434998814656,16.173711302510077326789565001185344,Failed (weight: 5)
2024-06-02,Dublin City,Solar,4102.65,3701.032301431447313445,401.617698568552686555,314.58774562167305865314801431447313445,34.13750437832698237335198568552686555,Noisy (weight: 5)
2024-02-13,Dun Laoghaire-Rathdown,Solar,3091.05,3020.98091794795175157,70.06908205204824843,256.7833780255759290932591794795175157,5.9558719744241018172408205204824843,Failed (weight: 5)
2024-12-04,Dun Laoghaire-Rathdown,Solar,1001.02,827.79430061374097327,173.22569938625902673,70.3625155521679910058930061374097327,14.7241844478320190043069938625902673,Failed (weight: 5)
2025-03-16,South Dublin,Solar,1023.13,998.066736575533304765,25.063263424466695235,84.83567260892034088569236575533304765,2.13037739107966934560763424466695235,Active (weight: 90)
2025-05-27,Fingal,Solar,1710.59,1564.596846978162579078,145.993153021837420922,132.99073199314383486759846978162579078,12.40941800685618223830153021837420922,Noisy (weight: 5)
2025-05-28,Dublin City,Wind,1973.73,1387.1118139306856604,586.6181860693143396,117.904504184108295005118139306856604,49.862545815891724732181860693143396,Active (weight: 90)
2025-05-06,Fingal,Wind,1398.75,1034.298856919785857,364.451143080214143,87.91540283818180818798856919785857,30.97834716181820579951143080214143,Noisy (weight: 5)
2024-03-15,Dublin City,Solar,4005.8,3347.1852544855903667,658.6147455144096333,284.510746631275214641352544855903667,55.982253368724825416647455144096333,Failed (weight: 5)
2024-02-19,Dublin City,Solar,3381.92,2934.807822547907771296,447.112177452092228704,249.45866491657218990823822547907771296,38.00453508342784391096177452092228704,Failed (weight: 5)
2025-04-09,Fingal,Solar,1912.95,1588.93023290113445346,324.01976709886554654,135.0590697965964444334023290113445346,27.5416802034035746960976709886554654,Active (weight: 90)
2024-05-05,Dublin City,Solar,4081.1,3448.63092708750160857,632.46907291249839143,293.1336288024376712147592708750160857,53.7598711975623695962407291249839143,Active (weight: 90)
2025-04-26,Dun Laoghaire-Rathdown,Solar,3917.03,2757.692229674585729617,1159.337770325414270383,234.40383952233981459436729674585729617,98.54371047766022457593270325414270383,Failed (weight: 5)
2024-01-23,Fingal,Wind,1542.65,1234.708233106006250415,307.941766893993749585,104.95019981401054363235733106006250415,26.17505018598947179414266893993749585,Noisy (weight: 5)
2025-03-25,Dublin City,Wind,1357.08,1108.149705726826368924,248.930294273173631076,94.19272498678025244003705726826368924,21.15907501321976113076294273173631076,Failed (weight: 5)
2024-02-25,Dublin City,Wind,1817.67,1689.39792577421355513,128.27207422578644487,143.5988236908081690800292577421355513,10.9031263091918490966707422578644487,Failed (weight: 5)
2025-06-11,Dun Laoghaire-Rathdown,Solar,3499.96,2510.659586092131336052,989.300413907868663948,213.40606481783118867101586092131336052,84.09053518216884632858413907868663948,Noisy (weight: 5)
2025-01-19,South Dublin,Solar,2637.92,1918.614269324084537744,719.305730675915462256,163.08221289254720489438269324084537744,61.14098710745282148481730675915462256,Failed (weight: 5)
2025-05-08,Dun Laoghaire-Rathdown,Wind,1768.1,1312.77381807174925971,455.32618192825074029,111.5857745360987002030881807174925971,38.7027254639013174779118192825074029,Noisy (weight: 5)
2024-04-14,Dublin City,Solar,2163.37,1841.285714533962850637,322.084285466037149363,156.50928573538686071700214533962850637,27.37716426461316091669785466037149363,Failed (weight: 5)
2024-05-16,Fingal,Wind,2712.46,2269.359474000963541472,443.100525999036458528,192.89555529008192371871474000963541472,37.66354470991810340588525999036458528,Active (weight: 90)
2025-04-27,Dublin City,Solar,2197.55,1629.49756384302129489,568.05243615697870511,138.5072929266568263606256384302129489,48.2844570733431956148743615697870511,Failed (weight: 5)
2024-06-12,Dublin City,Wind,3665.55,2822.0836147965132462,843.4663852034867538,239.877107257703654147836147965132462,71.694642742296382507663852034867538,Failed (weight: 5)
2024-09-25,Fingal,Wind,800.67,581.919241656526341711,218.750758343473658289,49.46313554080474486462741656526341711,18.59381445919526314207258343473658289,Active (weight: 90)
2024-03-12,Dublin City,Wind,2680.38,2083.613020383584281914,596.766979616415718086,177.10710673260468479882020383584281914,50.72519326739534200497979616415718086,Noisy (weight: 5)
2025-03-02,Fingal,Wind,1310.39,933.984651969561284898,376.405348030438715102,79.38869541741271855617651969561284898,31.99445458258729454772348030438715102,Active (weight: 90)
2025-06-16,South Dublin,Solar,3992.73,3492.90496063466001828,499.82503936533998172,296.8969216539461364828496063466001828,42.4851283460539034444503936533998172,Failed (weight: 5)
2024-06-27,Dun Laoghaire-Rathdown,Wind,3427.63,3192.422315951463133505,235.207684048536866495,271.35589685587439827214815951463133505,19.99265314412563600415184048536866495,Noisy (weight: 5)
2024-04-14,Dun Laoghaire-Rathdown,Wind,3722.4,2976.7058466120105768,745.6941533879894232,253.019996962020928795058466120105768,63.384003037979108428941533879894232,Active (weight: 90)
2024-04-18,South Dublin,Wind,1755.93,1337.991892381984356759,417.938107618015643241,113.72931085246868370443392381984356759,35.52473914753133385486607618015643241,Noisy (weight: 5)
2024-07-29,Dublin City,Wind,2133.63,1805.391514351491547626,328.238485648508452374,153.45827871987679960212514351491547626,27.90027128012322173417485648508452374,Noisy (weight: 5)
2024-07-07,Dublin City,Solar,2821.6,2157.44635167140826872,664.15364832859173128,183.3829398920697244156635167140826872,56.4530601079303038003364832859173128,Failed (weight: 5)
2024-02-10,Dun Laoghaire-Rathdown,Wind,2578.55,2299.185777556335267795,279.364222443664732205,195.43079109228852075443277556335267795,23.74595890771150503106722443664732205,Failed (weight: 5)
2025-01-31,Fingal,Solar,2570.54,2355.291787017195609842,215.248212982804390158,200.19980189646165038948787017195609842,18.29609810353837531591212982804390158,Noisy (weight: 5)
2024-03-14,South Dublin,Wind,2846.29,2401.973420009810698728,444.316579990189301272,204.16774070083393341161420009810698728,37.76690929916609505128579990189301272,Noisy (weight: 5)
2024-05-22,Dublin City,Wind,3294.71,2463.319326666011060292,831.390673333988939708,209.38214276661096475801326666011060292,70.66820723338906818908673333988939708,Noisy (weight: 5)
2024-10-16,Dublin City,Wind,2167.46,2038.691888968311184026,128.768111031688815974,173.28881056230647102912888968311184026,10.94528943769355064547111031688815974,Failed (weight: 5)
2024-02-10,Fingal,Solar,3729.71,2621.821075767603884435,1107.888924232396115565,222.85479144024635639518575767603884435,94.17055855975368090191424232396115565,Noisy (weight: 5)
2024-09-10,Dun Laoghaire-Rathdown,Wind,2635.72,2249.829108602561869568,385.890891397438130432,191.23547423121778141157108602561869568,32.80072576878224494562891397438130432,Active (weight: 90)
2025-04-07,Dun Laoghaire-Rathdown,Wind,3442.36,2777.608676084744479676,664.751323915255520324,236.09673746720330854854676084744479676,56.50386253279672587505323915255520324,Failed (weight: 5)
2025-01-05,Fingal,Solar,2113.63,1536.745599063938397712,576.884400936061602288,130.62337592043477917297599063938397712,49.03517407956524196332400936061602288,Noisy (weight: 5)
2024-03-14,Dun Laoghaire-Rathdown,Solar,2814.58,2498.33954321930898095,316.24045678069101905,212.3588611736412883641454321930898095,26.8804388263587397816545678069101905,Noisy (weight: 5)
2024-01-08,Fingal,Solar,925.52,790.54810850379862144,134.97189149620137856,67.1965892228228907278810850379862144,11.4726107771771185273189149620137856,Failed (weight: 5)
2024-07-29,Fingal,Solar,2444.43,1745.781383681672708406,698.648616318327291594,148.39141761294219767232383681672708406,59.38513238705782677197616318327291594,Active (weight: 90)
2024-02-01,Fingal,Wind,3339.9,2999.58084194800207914,340.31915805199792086,254.9643715655802067227084194800207914,28.9271284344198266762915805199792086,Failed (weight: 5)
2024-02-16,Dun Laoghaire-Rathdown,Wind,3611.59,2675.665612508420869997,935.924387491579130003,227.43157706321580070640112508420869997,79.55357293678423540949887491579130003,Failed (weight: 5)
2024-02-10,Dublin City,Solar,3436.39,3265.603559587463299672,170.786440412536700328,277.57630256493441312815559587463299672,14.51684743506562123574440412536700328,Active (weight: 90)
2025-03-24,South Dublin,Wind,2137.88,1691.574018654813211592,446.305981345186788408,143.78379158565913990106018654813211592,37.93600841434088147773981345186788408,Failed (weight: 5)
2025-02-20,Dun Laoghaire-Rathdown,Wind,3755.29,3557.67149667320690838,197.61850332679309162,302.4020772172226227890149667320690838,16.7975727827774147638850332679309162,Noisy (weight: 5)
2024-04-11,Dun Laoghaire-Rathdown,Solar,1299.61,1189.913334182888015922,109.696665817111984078,101.14263340554549325250334182888015922,9.32421659445451974359665817111984078,Failed (weight: 5)
2025-02-02,Dublin City,Solar,2198.29,1899.568848886014682365,298.721151113985317635,161.46335215531126699671348886014682365,25.39129784468875498618651113985317635,Noisy (weight: 5)
2024-02-22,South Dublin,Solar,3211.77,2527.018898851500786069,684.751101148499213931,214.79660640237759208605398851500786069,58.20384359762244003164601148499213931,Active (weight: 90)
2025-02-27,South Dublin,Solar,2877.89,2592.131074789245991965,285.758925210754008035,220.33114135708593523833574789245991965,24.28950864291409354056425210754008035,Active (weight: 90)
2024-12-14,Fingal,Solar,4109.95,3467.574495960004390155,642.375504039995609845,294.74383215660040783891995960004390155,54.60191784339963326058004039995609845,Active (weight: 90)
2025-02-01,Dun Laoghaire-Rathdown,Wind,2404.79,1811.562529240766244559,593.227470759233755441,153.98281498546514890314029240766244559,50.42433501453487514475970759233755441,Noisy (weight: 5)
2024-06-07,South Dublin,Wind,1741.78,1468.59012843183717626,273.18987156816282374,124.8301609167061746680012843183717626,23.2211390832938427497987156816282374,Failed (weight: 5)
2024-02-22,Fingal,Solar,4042.55,2984.062314392363145365,1058.487685607636854635,253.64529672335089719664814392363145365,89.97145327664914322885185607636854635,Active (weight: 90)
2025-06-08,Fingal,Solar,1765.42,1241.056727480095139632,524.363272519904860368,105.48982183580809927928727480095139632,44.57087816419191837491272519904860368,Noisy (weight: 5)
2024-09-30,Dun Laoghaire-Rathdown,Wind,3476.0,2594.799405213285864,881.200594786714136,220.55794944312932438799405213285864,74.90205055687071037200594786714136,Noisy (weight: 5)
2024-01-07,Fingal,Solar,2535.16,1931.945641169764354264,603.214358830235645736,164.21537949942998943189641169764354264,51.27322050057003591970358830235645736,Active (weight: 90)
2024-05-18,South Dublin,Wind,2571.32,2023.38033082068411906,547.93966917931588094,171.9873281197581703539033082068411906,46.5748718802418553592966917931588094,Failed (weight: 5)
2024-06-03,Dublin City,Wind,1861.65,1611.55477423176362595,250.09522576823637405,136.9821558096999243212977423176362595,21.2580941903000942952022576823637405,Active (weight: 90)
2024-04-22,South Dublin,Wind,1695.13,1244.053230783591251831,451.076769216408748169,105.74452461660526884616730783591251831,38.34152538339474810513269216408748169,Noisy (weight: 5)
2025-03-17,Dublin City,Solar,2910.36,2192.098365155871706776,718.261634844128293224,186.32836103824911699694365155871706776,61.05223896175091210665634844128293224,Failed (weight: 5)
2024-12-18,Dublin City,Solar,2853.7,2527.0550635621127122,326.6449364378872878,214.799680402779605807550635621127122,27.764819597220422729449364378872878,Noisy (weight: 5)
2024-11-16,Dublin City,Wind,1724.43,1224.453192599966523489,499.976807400033476511,104.07852137099716674109692599966523489,42.49802862900285050320307400033476511,Failed (weight: 5)
2024-04-04,Dun Laoghaire-Rathdown,Solar,3236.12,2531.045590385725616768,705.074409614274383232,215.13887518278670273573590385725616768,59.93132481721332962546409614274383232,Noisy (weight: 5)
2025-05-14,Dublin City,Solar,4083.22,3713.751849920444861266,369.468150079555138734,315.66890724323785034512849920444861266,31.40479275676219048707150079555138734,Active (weight: 90)
2025-01-22,Dublin City,Wind,3402.56,3319.883305803895916064,82.676694196104083936,282.19008099333118606427305803895916064,7.02751900666884796132694196104083936,Failed (weight: 5)
2024-08-07,South Dublin,Wind,3789.67,3009.705674245843146917,779.964325754156853083,255.82498231089669758500174245843146917,66.29696768910334031169825754156853083,Active (weight: 90)
2024-01-09,Dublin City,Wind,2598.45,1871.967746268326446575,726.482253731673553425,159.11725843280776667855246268326446575,61.75099156719225930594753731673553425,Noisy (weight: 5)
2025-06-18,South Dublin,Wind,3307.63,3178.652833491834736767,128.977166508165263233,270.18549084680598441172333491834736767,10.96305915319404866457666508165263233,Failed (weight: 5)
2024-07-21,South Dublin,Solar,1260.46,986.348980055991486128,274.111019944008513872,83.83966330475928618436980055991486128,23.29943669524072642023019944008513872,Failed (weight: 5)
2024-02-21,South Dublin,Solar,899.2,683.62079159714647712,215.57920840285352288,58.1077672857574573914079159714647712,18.3242327142425516005920840285352288,Noisy (weight: 5)
2025-06-17,Fingal,Wind,1602.23,1128.886958088531648216,473.343041911468351784,95.95539143752520138722958088531648216,40.23415856247481463507041911468351784,Noisy (weight: 5)
2025-06-17,Dublin City,Solar,3511.18,3313.682100598806803334,197.497899401193196666,281.66297855089861142021100598806803334,16.78732144910142369158899401193196666,Active (weight: 90)
2025-06-08,South Dublin,Wind,4192.71,3474.641742114087504693,718.068257885912495307,295.34454807969747264532242114087504693,61.03580192030256928177757885912495307,Noisy (weight: 5)
2025-05-21,Dun Laoghaire-Rathdown,Solar,1053.79,740.800283207004388176,312.989716792995611824,62.96802407259538040296283207004388176,26.60412592740463013493716792995611824,Active (weight: 90)
2024-08-20,South Dublin,Wind,2408.59,1990.269640846993376381,418.320359153006623619,169.17291947199445689508140846993376381,35.55723052800556719081859153006623619,Failed (weight: 5)
2025-04-02,South Dublin,Solar,2396.67,2218.633892450296501227,178.036107549703498773,188.58388085827522479063392450296501227,15.13306914172479917606607549703498773,Active (weight: 90)
2025-03-31,Dun Laoghaire-Rathdown,Solar,3387.78,2403.362465806430484774,984.417534193569515226,204.28580959354661523941465806430484774,83.67549040645341863838534193569515226,Noisy (weight: 5)
2024-06-02,Fingal,Wind,1950.25,1528.762987457480860425,421.487012542519139575,129.94485393388588842375487457480860425,35.82639606611413107874512542519139575,Active (weight: 90)
2025-06-09,Dublin City,Solar,1866.18,1725.882671718400141452,140.297328281599858548,146.70002709606402928224671718400141452,11.92527290393598937955328281599858548,Active (weight: 90)
2024-08-24,Fingal,Wind,3449.85,2652.500471296929550485,797.349528703070449515,225.46254006023903831622971296929550485,67.77470993976099618227028703070449515,Active (weight: 90)
2024-09-13,Dun Laoghaire-Rathdown,Wind,3905.37,2995.791823607645323989,909.578176392354676011,254.64230500664988249698323607645323989,77.31414499335015655671676392354676011,Failed (weight: 5)
2024-12-17,Dun Laoghaire-Rathdown,Wind,954.68,861.756182824163637032,92.923817175836362968,73.24927554005391776528182824163637032,7.89852445994609178151817175836362968,Failed (weight: 5)
2024-01-24,South Dublin,Wind,2947.62,2855.740670836965316938,91.879329163034683062,242.73795702114208049713670836965316938,7.80974297885794897906329163034683062,Active (weight: 90)
2024-09-11,Fingal,Wind,1701.16,1246.026997341277657452,455.133002658722342548,105.91229477400861334368997341277657452,38.68630522599140366791002658722342548,Active (weight: 90)
2024-03-19,South Dublin,Solar,835.38,585.617934483618575994,249.762065516381424006,49.77752443110758481566934483618575994,21.22977556889242353813065516381424006,Noisy (weight: 5)
2024-01-28,Dublin City,Solar,1325.99,1160.537579831005676131,165.452420168994323869,98.64569428563549407651079831005676131,14.06345571436451918338920168994323869,Noisy (weight: 5)
2024-11-09,Fingal,Wind,2445.54,2369.80421900984898918,75.73578099015101082,201.4333586158371877783421900984898918,6.4375413841628366770578099015101082,Active (weight: 90)
2024-07-30,Dublin City,Wind,4115.15,3625.64123061671555284,489.50876938328444716,308.1795046024208582478123061671555284,41.6082453975791829036876938328444716,Noisy (weight: 5)
2024-11-25,South Dublin,Solar,4073.11,3145.600499623869972237,927.509500376130027763,267.37604246802897909614999623869972237,78.83830753197106163495000376130027763,Failed (weight: 5)
2025-02-05,South Dublin,Solar,2371.87,2140.06952694197559143,231.80047305802440857,181.9059097900679466722452694197559143,19.7030402099320770464547305802440857,Active (weight: 90)
2025-03-17,South Dublin,Wind,2485.47,2187.233154421630473288,298.236845578369526712,185.91481812583861210181154421630473288,25.35013187416141275288845578369526712,Active (weight: 90)
2024-12-07,Dublin City,Solar,3947.42,3208.970907294462060798,738.449092705537939202,272.76252712002930725753907294462060798,62.76817287997073221666092705537939202,Failed (weight: 5)
2024-11-09,Fingal,Wind,3224.69,2352.051542765222143503,872.638457234777856497,199.92438113504390571827042765222143503,74.17426886495612652862957234777856497,Noisy (weight: 5)
2024-08-26,Dun Laoghaire-Rathdown,Wind,811.57,599.950577051270334877,211.619422948729665123,50.99579904935798446405077051270334877,17.98765095064202365164922948729665123,Noisy (weight: 5)
2024-10-08,Dublin City,Solar,1088.89,1013.199341521752604054,75.690658478247395946,86.12194402934898147658341521752604054,6.43370597065102941231658478247395946,Noisy (weight: 5)
2025-01-18,Dun Laoghaire-Rathdown,Wind,2615.45,1848.498567953780075445,766.951432046219924555,157.12237827607132489781067953780075445,65.19087172392870125668932046219924555,Failed (weight: 5)
2025-06-29,Dun Laoghaire-Rathdown,Wind,3279.41,2545.409443222360267651,734.000556777639732349,216.35980267390064820442943222360267651,62.39004732609938458967056777639732349,Failed (weight: 5)
2024-12-27,Dun Laoghaire-Rathdown,Wind,3789.98,3219.56242275755914361,570.41757724244085639,273.6628059343925594024742275755914361,48.4854940656074784973257724244085639,Noisy (weight: 5)
2024-12-24,South Dublin,Wind,1842.01,1537.404000348746956607,304.605999651253043393,130.67934002964350668563500348746956607,25.89150997035651173446499651253043393,Active (weight: 90)
2024-01-12,Fingal,Wind,4023.94,3508.347400105765496668,515.592599894234503332,298.20952900899010230025400105765496668,43.82537099100993793914599894234503332,Failed (weight: 5)
2024-05-12,Dublin City,Wind,3261.28,2452.724578107488140896,808.555421892511859104,208.48158913913651650340578107488140896,68.72721086086351610939421892511859104,Failed (weight: 5)
2024-10-21,Dublin City,Wind,2477.34,1963.37486350252854846,513.96513649747145154,166.8868633977149462528486350252854846,43.6870366022850785205513649747145154,Failed (weight: 5)
2024-02-08,Fingal,Solar,4160.73,4055.420409280769510583,105.309590719230489417,344.71073478886544895375909280769510583,8.95131521113459265354090719230489417,Failed (weight: 5)
2025-04-12,Dublin City,Solar,3491.76,2875.19752168505023404,616.56247831494976596,244.3917893432292986453752168505023404,52.4078106567707362722247831494976596,Active (weight: 90)
2025-03-10,South Dublin,Wind,3180.0,2996.481110830057584,183.518889169942416,254.70089442055492460481110830057584,15.59910557944510719518889169942416,Noisy (weight: 5)
2025-03-22,South Dublin,Solar,3144.52,3023.785025874921141236,120.734974125078858764,257.02172719936832724291025874921141236,10.26247280063170420228974125078858764,Active (weight: 90)
2024-05-18,South Dublin,Solar,3692.64,2988.3310114516723704,704.3089885483276296,254.008135973392181367310114516723704,59.866264026607855559089885483276296,Active (weight: 90)
2025-03-20,Dun Laoghaire-Rathdown,Wind,3189.1,2623.78922498644763893,565.31077501355236107,223.0220841238480755469422498644763893,48.0514158761519563440577501355236107,Noisy (weight: 5)
2024-06-05,South Dublin,Solar,4143.1,3421.05207033218842824,722.04792966781157176,290.7894259782360506109207033218842824,61.3740740217639908200792966781157176,Noisy (weight: 5)
2025-03-26,South Dublin,Solar,3293.26,2596.5604044023764553,696.6995955976235447,220.707634374202024666104044023764553,59.219465625798008266495955976235447,Failed (weight: 5)
2024-05-11,Fingal,Wind,3428.9,3251.88588076928952056,177.01411923071047944,276.4102998653896417664588076928952056,15.0462001346103925225411923071047944,Noisy (weight: 5)
2024-09-21,South Dublin,Solar,886.62,649.48015788432462924,237.13984211567537076,55.2058134201675999802015788432462924,20.1568865798324088859984211567537076,Active (weight: 90)
2024-06-04,Dublin City,Wind,2842.31,2602.43858091204918802,239.87141908795081198,221.2072793775242070060858091204918802,20.3890706224758214170141908795081198,Noisy (weight: 5)
2024-06-01,Dun Laoghaire-Rathdown,Wind,3281.31,2609.87464773624553551,671.43535226375446449,221.8393450575808966170964773624553551,57.0720049424191361960035226375446449,Failed (weight: 5)
2024-09-19,Fingal,Wind,1471.7,1031.3696101370435421,440.3303898629564579,87.666416861648711392196101370435421,37.428083138351303324803898629564579,Failed (weight: 5)
2025-04-03,Dublin City,Wind,3991.54,3008.063767769685290918,983.476232230314709082,255.68542026042327980866767769685290918,83.59547973957676010673232230314709082,Failed (weight: 5)
2024-07-09,South Dublin,Solar,1468.86,1037.58905126075795538,431.27094873924204462,88.1950693571644365831905126075795538,36.6580306428355781054094873924204462,Failed (weight: 5)
2024-06-02,Fingal,Wind,2056.18,1965.10489043293781307,91.07510956706218693,167.0339156867997337619989043293781307,7.7413843132002867998010956706218693,Failed (weight: 5)
2024-08-05,Dublin City,Wind,2494.97,2138.145998690804118453,356.824001309195881547,181.74240988871837144996498690804118453,30.33004011128165349973501309195881547,Active (weight: 90)
2024-09-17,Dublin City,Wind,982.91,724.576747771001421551,258.333252228998578449,61.58902356053512807760247771001421551,21.95832643946488175149752228998578449,Active (weight: 90)
2025-02-16,South Dublin,Wind,1622.1,1464.93064824793393182,157.16935175206606818,124.5191051010743988540064824793393182,13.3593948989256173669935175206606818,Active (weight: 90)
2024-02-26,Dublin City,Solar,1729.43,1317.483553158947735631,411.946446841052264369,111.98610201851057070347053158947735631,35.01544798148944659082946841052264369,Failed (weight: 5)
2025-06-29,Dun Laoghaire-Rathdown,Wind,1446.76,1342.85352407228497202,103.90647592771502798,114.1425495461442360502352407228497202,8.8320504538557784173647592771502798,Active (weight: 90)
2024-05-30,Fingal,Solar,4078.13,3232.74089177465769224,845.38910822534230776,274.7829758008459361678089177465769224,71.8580741991541046134910822534230776,Noisy (weight: 5)
2024-01-07,Dublin City,Wind,2484.1,2210.63507981616306131,273.46492018383693869,187.9039817843738823177007981616306131,23.2445182156261425232992018383693869,Active (weight: 90)
2025-01-21,South Dublin,Wind,1638.27,1423.173986949442099401,215.096013050557900599,120.96978889070259268082486949442099401,18.28316110929742370187513050557900599,Noisy (weight: 5)
2024-01-24,South Dublin,Solar,3147.95,2973.85872000290349107,174.09127999709650893,252.7779912002468264795372000290349107,14.7977587997532049999627999709650893,Failed (weight: 5)
2024-01-17,Dun Laoghaire-Rathdown,Wind,3267.07,2385.692790178967590861,881.377209821032409139,202.78388716521226908011290178967590861,74.91706283478776359058709821032409139,Active (weight: 90)
2024-03-31,Fingal,Solar,3097.07,2869.16486486427312143,227.90513513572687857,243.8790135134632440131986486427312143,19.3719364865367869575013513572687857,Failed (weight: 5)
2025-05-16,South Dublin,Solar,1132.23,806.550000023327494935,325.679999976672505065,68.55675000198284513497500023327494935,27.68279999801716618732499976672505065,Failed (weight: 5)
2025-01-12,Dublin City,Solar,3382.31,2998.634327596697468499,383.675672403302531501,254.88391784571931480875827596697468499,32.61243215428071901434172403302531501,Noisy (weight: 5)
2024-05-29,Dun Laoghaire-Rathdown,Wind,807.47,746.392934431482916604,61.077065568517083396,63.44339942667605537526934431482916604,5.19155057332395269943065568517083396,Noisy (weight: 5)
2024-12-13,Dun Laoghaire-Rathdown,Solar,3294.75,2772.070663286858667525,522.679336713141332475,235.62600637938301446033163286858667525,44.42774362061701848716836713141332475,Noisy (weight: 5)
2024-10-13,Fingal,Solar,2826.17,2543.383672552951101197,282.786327447048898803,216.18761216700086903558172552951101197,24.03683783299915922611827447048898803,Failed (weight: 5)
2024-10-09,Fingal,Solar,2040.44,1806.603580218010074752,233.836419781989925248,153.56130431853087441995580218010074752,19.87609568146914598444419781989925248,Noisy (weight: 5)
2025-05-18,South Dublin,Wind,2894.99,2333.420192060290411729,561.569807939709588271,198.34071632512470833116692060290411729,47.73343367487532061873307939709588271,Failed (weight: 5)
2024-01-16,Fingal,Wind,3107.15,2930.92962920442464263,176.22037079557535737,249.1290184823761239328462920442464263,14.9787315176239071386537079557535737,Noisy (weight: 5)
2024-11-19,Fingal,Solar,1174.58,1128.263117352855362032,46.316882647144637968,95.90236497499271705535117352855362032,3.93693502500729469044882647144637968,Failed (weight: 5)
2024-12-23,Dun Laoghaire-Rathdown,Wind,3373.97,2993.287577280014772797,380.682422719985227203,254.42944406880128562062077280014772797,32.35800593119874811907922719985227203,Active (weight: 90)
2024-08-17,Fingal,Wind,3599.88,2547.33836848615934736,1052.54163151384065264,216.5237613213235699989836848615934736,89.4660386786764659998163151384065264,Noisy (weight: 5)
2025-05-14,Dun Laoghaire-Rathdown,Solar,1090.55,1048.76570061279739809,41.78429938720260191,89.1450845520877893253070061279739809,3.5516654479122215801929938720260191,Failed (weight: 5)
2025-06-12,South Dublin,Solar,2413.45,2274.461508483718133255,138.988491516281866745,193.32922822111606407129008483718133255,11.81402177888396006320991516281866745,Failed (weight: 5)
2024-12-28,South Dublin,Wind,1635.56,1300.973605401117936124,334.586394598882063876,110.58275645909503758027605401117936124,28.43984354090497877532394598882063876,Noisy (weight: 5)
2024-05-24,Dublin City,Wind,1687.46,1218.66910085064498197,468.79089914935501803,103.5868735723048356541410085064498197,39.8472264276951812204589914935501803,Active (weight: 90)
2024-02-17,South Dublin,Wind,2341.12,2065.965975658401051264,275.154024341598948736,175.60710793096411001709975658401051264,23.38809206903591339410024341598948736,Noisy (weight: 5)
2025-06-16,Fingal,Wind,3835.55,3412.11665073838885418,423.43334926161114582,290.0299153127630867264665073838885418,35.9918346872369516290334926161114582,Failed (weight: 5)
2024-04-10,Dublin City,Solar,1006.03,866.303132566033416126,139.726867433966583874,73.63576626811284903374132566033416126,11.87678373188716102655867433966583874,Failed (weight: 5)
2024-10-13,South Dublin,Wind,2370.14,2282.166859562100193546,87.973140437899806454,193.98418306277853927307859562100193546,7.47771693722148442832140437899806454,Noisy (weight: 5)
2024-04-01,Dun Laoghaire-Rathdown,Wind,1723.3,1257.8099458477997281,465.4900541522002719,106.913845397062989466599458477997281,39.566654602937027766400541522002719,Noisy (weight: 5)
2024-03-09,South Dublin,Solar,1028.57,775.044948157769355145,253.525051842230644855,65.87882059341040293777448157769355145,21.54962940658960734792551842230644855,Noisy (weight: 5)
2024-06-07,Fingal,Solar,3761.73,3261.875496706580655762,499.854503293419344238,277.25941722005938835852496706580655762,42.48763277994064925877503293419344238,Active (weight: 90)
2024-06-06,Dun Laoghaire-Rathdown,Wind,2550.83,1875.877373240435985462,674.952626759564014538,159.44957672543707752304373240435985462,57.37097327456294798525626759564014538,Active (weight: 90)
2025-06-27,Dun Laoghaire-Rathdown,Wind,2714.44,2397.493751801825550976,316.946248198174449024,203.78696890315519580789751801825550976,26.94043109684483133650248198174449024,Noisy (weight: 5)
2025-03-27,Dun Laoghaire-Rathdown,Wind,1451.22,1394.572195838909499354,56.647804161090500646,118.53863664630732139081195838909499354,4.81506335369269312138804161090500646,Active (weight: 90)
2025-06-06,South Dublin,Solar,2690.87,2216.788943992079180087,474.081056007920819913,188.42706023932675247528443992079180087,40.29688976067327443341556007920819913,Active (weight: 90)
2025-05-12,Dun Laoghaire-Rathdown,Solar,1960.64,1383.790586928486181632,576.849413071513818368,117.62219988892133927662586928486181632,49.03220011107868032977413071513818368,Active (weight: 90)
2024-12-23,Dun Laoghaire-Rathdown,Solar,3417.92,3040.769546720874771616,377.150453279125228384,258.46541147127438599505546720874771616,32.05778852872564818414453279125228384,Active (weight: 90)
2025-03-18,Dublin City,Solar,3817.85,2887.840395253403230745,930.009604746596769255,245.46643359653930349172895253403230745,79.05081640346073468677104746596769255,Noisy (weight: 5)
2024-08-05,South Dublin,Wind,1614.9,1189.68040449984945303,425.21959550015054697,101.1228343824872154043540449984945303,36.1436656175128007446459550015054697,Noisy (weight: 5)
2025-01-27,Dublin City,Solar,1659.77,1612.078633591518252685,47.691366408481747315,137.02668385527906759901133591518252685,4.05376614472094899868866408481747315,Failed (weight: 5)
2024-01-06,Dun Laoghaire-Rathdown,Wind,948.82,818.495145075477320298,130.324854924522679702,69.57208733141558041028145075477320298,11.07761266858442907791854924522679702,Noisy (weight: 5)
2025-01-24,Dun Laoghaire-Rathdown,Wind,1949.45,1501.72037924084641421,447.72962075915358579,127.6462322354719602250537924084641421,38.0570177645280592694462075915358579,Active (weight: 90)
2024-03-06,South Dublin,Wind,1202.18,937.057604363298625606,265.122395636701374394,79.64989637088039254708604363298625606,22.53540362911961947471395636701374394,Noisy (weight: 5)
2024-11-30,Fingal,Wind,1087.62,800.519256637537872864,287.100743362462127136,68.04413681419072719863256637537872864,24.40356318580928367756743362462127136,Active (weight: 90)
2025-03-14,South Dublin,Solar,3954.62,3546.839336778292471004,407.780663221707528996,301.48134362615489550373336778292471004,34.66135637384514404246663221707528996,Failed (weight: 5)
2024-10-12,Dun Laoghaire-Rathdown,Solar,2673.76,1874.959700357133873984,798.800299642866126016,159.37157453035639803823700357133873984,67.89802546964362869936299642866126016,Active (weight: 90)
2025-05-15,South Dublin,Solar,3262.64,2979.321155804339311624,283.318844195660688376,253.24229824336887128125155804339311624,24.08210175663116134514844195660688376,Active (weight: 90)
2024-09-09,Fingal,Wind,2347.6,1688.60512448099318416,658.99487551900681584,143.5314355808844375396512448099318416,56.0145644191155859363487551900681584,Active (weight: 90)
2025-04-20,Fingal,Wind,2169.01,1766.637501150265666092,402.372498849734333908,150.16418759777259928419501150265666092,34.20166240222742240590498849734333908,Failed (weight: 5)
2024-01-30,Dublin City,Wind,2824.54,2515.55535733953313896,308.98464266046686104,213.8222053738603419671535733953313896,26.2636946261396862782464266046686104,Failed (weight: 5)
2025-06-17,Dublin City,Solar,1752.3,1627.4706161906163609,124.8293838093836391,138.335002376202406951206161906163609,10.610497623797610571793838093836391,Noisy (weight: 5)
2024-01-12,Dun Laoghaire-Rathdown,Solar,2321.36,2214.259799776819082072,107.100200223180917928,188.21208298102964411871799776819082072,9.10351701897037909488200223180917928,Noisy (weight: 5)
2025-04-21,Dun Laoghaire-Rathdown,Wind,2564.94,2391.345991459921170024,173.594008540078829976,203.26440927409332336549991459921170024,14.75549072590670228390008540078829976,Active (weight: 90)
2025-03-12,Dun Laoghaire-Rathdown,Solar,3206.68,3123.86055270114478044,82.81944729885521956,265.5281469795973375760055270114478044,7.0396530204026944907944729885521956,Noisy (weight: 5)
2024-03-10,South Dublin,Solar,1754.26,1575.256580176874275442,179.003419823125724558,133.89680931503432916513580176874275442,15.21529068496568837746419823125724558,Noisy (weight: 5)
2025-05-14,Fingal,Solar,2092.5,1894.760338595478795,197.739661404521205,161.05462878061571652260338595478795,16.80787121938430440239661404521205,Active (weight: 90)
2024-02-01,Fingal,Wind,1695.92,1307.92789827800623336,387.99210172199376664,111.1738713536305429148789827800623336,32.9793286463694740443210172199376664,Failed (weight: 5)
2024-11-16,Fingal,Wind,1685.01,1303.664253666322896195,381.345746333677103805,110.81146156163745921321753666322896195,32.41438843836255763688246333677103805,Active (weight: 90)
2024-10-03,Dun Laoghaire-Rathdown,Solar,3149.6,2852.8310042039613476,296.7689957960386524,242.490635357336743074310042039613476,25.225364642663288421689957960386524,Noisy (weight: 5)
2024-10-10,Dun Laoghaire-Rathdown,Wind,2397.19,2227.623989483170230859,169.566010516829769141,189.34803910606949189925489483170230859,14.41311089393053207264510516829769141,Active (weight: 90)
2025-03-19,Fingal,Wind,2972.37,2341.809511100832659985,630.560488899167340015,199.05380844357079951682011100832659985,53.59764155642923020687988899167340015,Noisy (weight: 5)
2024-04-25,Dun Laoghaire-Rathdown,Solar,1883.92,1583.478300633020146848,300.441699366979853152,134.59565555380672831686300633020146848,25.53754444619329052233699366979853152,Noisy (weight: 5)
2025-01-06,Fingal,Solar,3852.54,3081.620980735987406202,770.919019264012593798,261.93778336255896034337980735987406202,65.52811663744107818202019264012593798,Failed (weight: 5)
2024-04-23,Dun Laoghaire-Rathdown,Wind,2765.47,2128.158594165739750924,637.311405834260249076,180.89348050408790011012594165739750924,54.17146949591212754457405834260249076,Failed (weight: 5)
2024-12-31,Dublin City,Wind,1156.71,963.757097917911898437,192.952902082088101563,81.91935332302252100471597917911898437,16.40099667697749056238402082088101563,Active (weight: 90)
2024-06-14,Fingal,Solar,2699.27,2401.175868278424614874,298.094131721575385126,204.09994880366611627604868278424614874,25.33800119633391071665131721575385126,Active (weight: 90)
2025-04-21,Dun Laoghaire-Rathdown,Wind,4062.67,3801.847532245353946756,260.822467754646053244,323.15704024085512349273532245353946756,22.16990975914491713396467754646053244,Failed (weight: 5)
2025-01-16,Fingal,Solar,4028.88,3001.70283600798646476,1027.17716399201353524,255.1447410606788795216283600798646476,87.3100589393211607671716399201353524,Noisy (weight: 5)
2024-02-21,Fingal,Solar,1077.52,768.359251131354041008,309.160748868645958992,65.31053634616510116927251131354041008,26.27866365383490960592748868645958992,Failed (weight: 5)
2025-06-08,Fingal,Solar,4106.07,3832.501782062069404326,273.568217937930595674,325.76265147527593769272782062069404326,23.25329852472410336797217937930595674,Active (weight: 90)
2024-04-13,South Dublin,Solar,4003.09,3850.906443875588973239,152.183556124411026761,327.32704772942510123437943875588973239,12.93560227057493879652056124411026761,Failed (weight: 5)
2024-01-18,South Dublin,Solar,3319.16,2703.645381025184718148,615.514618974815281852,229.80985738714072807903381025184718148,52.31874261285930511256618974815281852,Active (weight: 90)
2024-01-15,South Dublin,Solar,2458.05,2093.200033811527476885,364.849966188472523115,177.92200287397985646722533811527476885,31.01224712602016811327466188472523115,Noisy (weight: 5)
2024-03-20,Dun Laoghaire-Rathdown,Wind,2779.86,2665.909693374646422636,113.950306625353577364,226.60232393684497258315693374646422636,9.68577606315505521544306625353577364,Noisy (weight: 5)
2024-11-14,Dun Laoghaire-Rathdown,Wind,3408.5,2589.9180026305100445,818.5819973694899555,220.143030223593379681680026305100445,69.579469776406654403319973694899555,Active (weight: 90)
2024-01-24,South Dublin,Solar,3637.67,2698.060022486274499049,939.609977513725500951,229.33510191133335939976522486274499049,79.86684808866667697693477513725500951,Active (weight: 90)
2024-05-28,South Dublin,Solar,2580.87,2275.794558970752948516,305.075441029247051484,193.44253751251402338180558970752948516,25.93141248748600242689441029247051484,Active (weight: 90)
2025-01-14,Dublin City,Solar,3400.5,2457.6381813315884289,942.8618186684115711,208.899245413185041032881813315884289,80.143254586814992972118186684115711,Active (weight: 90)
2024-11-01,Dun Laoghaire-Rathdown,Wind,2647.68,2255.551027312838410176,392.128972687161589824,191.72183732159128742047027312838410176,33.33096267840873905632972687161589824,Failed (weight: 5)
2024-04-19,South Dublin,Wind,2116.64,1827.857027440795743776,288.782972559204256224,155.36784733246765649953027440795743776,24.54655266753236466686972559204256224,Noisy (weight: 5)
2024-12-22,Dun Laoghaire-Rathdown,Wind,3502.24,2549.31874520321995752,952.92125479678004248,216.6920933422737218823874520321995752,80.9983066577263131400125479678004248,Failed (weight: 5)
2024-12-20,Fingal,Wind,2236.3,1998.99839230973803922,237.30160769026196078,169.9148633463277533236839230973803922,20.1706366536722690393160769026196078,Failed (weight: 5)
2024-04-20,South Dublin,Solar,1233.35,984.17453184681625761,249.17546815318374239,83.6548352069793917385953184681625761,21.1799147930206205949046815318374239,Failed (weight: 5)
2024-01-27,Dublin City,Solar,3237.02,2831.455761078387190288,405.564238921612809712,240.67373969166293948903761078387190288,34.47296030833709288116238921612809712,Failed (weight: 5)
2025-01-29,Dun Laoghaire-Rathdown,Wind,4114.94,3181.330026738400242866,933.609973261599757134,270.41305227276405245691026738400242866,79.35684772723598869248973261599757134,Noisy (weight: 5)
2024-03-10,Fingal,Solar,2299.44,1648.428221661804804936,651.011778338195195064,140.11639884125342490384221661804804936,55.33600115874659809055778338195195064,Active (weight: 90)
2025-03-16,South Dublin,Wind,1020.66,802.897053085444142256,217.762946914555857744,68.24624951226276012073053085444142256,18.50985048773725008586946914555857744,Noisy (weight: 5)
2024-11-24,Fingal,Solar,2308.06,1836.3226770896959875,471.7373229103040125,156.087427552624177300726770896959875,40.097672447375845779873229103040125,Failed (weight: 5)
2024-09-25,South Dublin,Wind,3999.92,3444.001262723370674936,555.918737276629325064,292.74010733148654180957262723370674936,47.25309266851349818962737276629325064,Active (weight: 90)
2025-03-07,Fingal,Wind,4076.12,3960.677443940627025124,115.442556059372974876,336.65758273495333674231443940627025124,9.81261726504670401888556059372974876,Active (weight: 90)
2025-04-04,Fingal,Wind,1770.44,1493.10916503357261226,277.33083496642738774,126.9142790278536869731916503357261226,23.5731209721463307312083496642738774,Active (weight: 90)
2025-04-22,Dun Laoghaire-Rathdown,Wind,2333.36,1803.1222031996315628,530.2377968003684372,153.265387271968700869222031996315628,45.070212728031322464377968003684372,Failed (weight: 5)
2025-02-24,South Dublin,Solar,2736.44,2384.281319046191950168,352.158680953808049832,202.66391211892633960709319046191950168,29.93348788107368775730680953808049832,Failed (weight: 5)
2024-04-16,Dun Laoghaire-Rathdown,Solar,1241.21,958.958347216886609398,282.251652783113390602,81.51145951343537138841347216886609398,23.99139048656464102368652783113390602,Noisy (weight: 5)
2024-07-18,Dublin City,Wind,2108.25,1752.8942585410680636,355.3557414589319364,148.996011975990802934942585410680636,30.205238024009218147557414589319364,Active (weight: 90)
2024-03-02,Fingal,Wind,3528.36,2488.587365851405017012,1039.772634148594982988,211.52992609736945133189365851405017012,88.38067390263058395170634148594982988,Noisy (weight: 5)
2025-06-07,Dublin City,Solar,3881.96,3567.91564609694682248,314.04435390305317752,303.2728299182405155899564609694682248,26.6937700817595232296435390305317752,Active (weight: 90)
2025-06-11,Dublin City,Wind,1671.45,1286.343377877241124925,385.106622122758875075,109.33918711956550848205877877241124925,32.73406288043450823244122122758875075,Noisy (weight: 5)
2024-06-21,Fingal,Wind,1432.1,1195.68419406801642878,236.41580593198357122,101.6331564957814084031419406801642878,20.0953435042186059178580593198357122,Active (weight: 90)
2025-02-23,Fingal,Wind,3476.8,2440.14993955755191696,1036.65006044244808304,207.4127448623919373430993955755191696,88.1152551376080974249006044244808304,Noisy (weight: 5)
2025-06-04,Dublin City,Solar,1686.64,1524.493233872930057936,162.146766127069942064,129.58192487919907016949233872930057936,13.78247512080094669690766127069942064,Noisy (weight: 5)
2024-10-13,Dublin City,Solar,1224.51,985.210138813109095908,239.299861186890904092,83.74286179911428300428138813109095908,20.34048820088572924081861186890904092,Noisy (weight: 5)
2024-10-15,Dun Laoghaire-Rathdown,Wind,3629.21,3009.279741432912007008,619.930258567087992992,255.78877802179755068847741432912007008,52.69407197820248560362258567087992992,Active (weight: 90)
2024-10-22,Fingal,Solar,4047.85,2976.25199855970496412,1071.59800144029503588,252.9814198775749517127199855970496412,91.0858301224250887657800144029503588,Noisy (weight: 5)
2025-02-28,Dublin City,Solar,1101.51,973.157673336229993698,128.352326663770006302,82.71840223357955919590673336229993698,10.90994776642045181919326663770006302,Active (weight: 90)
2024-02-05,South Dublin,Solar,4007.6,2867.14626299936069748,1140.45373700063930252,243.7074323549456879572626299936069748,96.9385676450543521187373700063930252,Noisy (weight: 5)
2024-09-26,Fingal,Wind,970.43,745.813797508337000377,224.616202491662999623,63.39417278820865249018297508337000377,19.09237721179135721411702491662999623,Failed (weight: 5)
2024-08-17,Dun Laoghaire-Rathdown,Solar,1964.93,1755.693575515063072955,209.236424484936927045,149.23395391878037875811075515063072955,17.78509608121964089118924484936927045,Noisy (weight: 5)
2024-06-26,Dun Laoghaire-Rathdown,Solar,1058.75,822.65498927330913425,236.09501072669086575,69.9256740882312846377998927330913425,20.0680759117687259497001072669086575,Failed (weight: 5)
2025-05-23,Fingal,Wind,1043.84,794.389850576753092928,249.450149423246907072,67.52313729902402084277850576753092928,21.20326270097598959562149423246907072,Active (weight: 90)
2025-06-05,Dublin City,Solar,1246.25,927.1618215817587195,319.0881784182412805,78.808754834449500429118215817587195,27.122495165550512033381784182412805,Active (weight: 90)
2024-12-28,South Dublin,Solar,806.99,569.119459737642010227,237.870540262357989773,48.37515407769957656048959737642010227,20.21899592230043150941040262357989773,Active (weight: 90)
2024-07-15,Fingal,Wind,1471.27,1271.281736371239416546,199.988263628760583454,108.05894759155536311922736371239416546,16.99900240844465159347263628760583454,Noisy (weight: 5)
2024-05-31,Dun Laoghaire-Rathdown,Solar,1197.48,870.187133492131559652,327.292866507868440348,73.96590634683119127229133492131559652,27.81989365316882070250866507868440348,Noisy (weight: 5)
2024-07-18,Fingal,Wind,865.27,641.324984444946866547,223.945015555053133453,54.51262367782049006974484444946866547,19.03532632217951858295515555053133453,Failed (weight: 5)
2025-03-07,South Dublin,Wind,2301.41,2051.797127867733854722,249.612872132266145278,174.40275586875739816934127867733854722,21.21709413124262484475872132266145278,Active (weight: 90)
2025-01-02,Dublin City,Solar,2979.58,2760.410973818907181024,219.169026181092818976,234.63493277460713799114973818907181024,18.62936722539289180465026181092818976,Failed (weight: 5)
2024-05-24,South Dublin,Solar,3604.18,2983.8774951172845311,620.3025048827154689,253.629587084969214982274951172845311,52.725712915030821059525048827154689,Failed (weight: 5)
2024-02-02,Dun Laoghaire-Rathdown,Solar,2867.08,2183.21763605773031904,683.86236394226968096,185.5734990649070989505763605773031904,58.1283009350929297202236394226968096,Active (weight: 90)
2025-06-13,Fingal,Solar,1158.09,1113.39022201134320109,44.69977798865679891,94.6381688709641832265522201134320109,3.7994811290358283543477798865679891,Failed (weight: 5)
2024-01-29,South Dublin,Wind,2940.96,2691.393280895911443456,249.566719104088556544,228.76842887615249960769280895911443456,21.21317112384752980190719104088556544,Failed (weight: 5)
2024-09-24,Fingal,Wind,927.42,719.468998528686961698,207.951001471313038302,61.15486487493839893901998528686961698,17.67583512506161033518001471313038302,Failed (weight: 5)
2024-05-13,South Dublin,Wind,3192.09,2327.417496519764886039,864.672503480235113961,197.83048720418003858748996519764886039,73.49716279581999333341003480235113961,Active (weight: 90)
2025-03-19,Dun Laoghaire-Rathdown,Solar,3645.42,2789.124706446837186738,856.295293553162813262,237.07560004798118876397706446837186738,72.78509995201884769022293553162813262,Noisy (weight: 5)
2025-01-31,Fingal,Solar,3693.68,3375.071492468042620872,318.608507531957379128,286.88107685978365652483492468042620872,27.08172314021638041196507531957379128,Failed (weight: 5)
2025-06-16,Dun Laoghaire-Rathdown,Wind,2552.63,1922.465022078365025934,630.164977921634974066,163.40952687666104642904022078365025934,53.56402312333897909725977921634974066,Noisy (weight: 5)
2024-06-17,Dublin City,Solar,2674.71,2347.795351974336802074,326.914648025663197926,199.56260491781865165424351974336802074,27.78774508218137509285648025663197926,Noisy (weight: 5)
2024-01-14,Fingal,Wind,2825.45,2080.570271329484277515,744.879728670515722485,176.84847306300618439447771329484277515,63.31477693699384386002228670515722485,Active (weight: 90)
2025-02-24,Dun Laoghaire-Rathdown,Solar,960.01,714.916415514066606461,245.093584485933393539,60.76789531869566869834915514066606461,20.83295468130434090175084485933393539,Active (weight: 90)
2025-06-12,Dublin City,Solar,2942.99,2815.910727446153188115,127.079272553846811885,239.35241183292304914888227446153188115,10.80173816707698028101772553846811885,Failed (weight: 5)
2024-12-01,South Dublin,Wind,3137.45,2284.358385534671410115,853.091614465328589885,194.17046277044709270335885534671410115,72.51278722955293867114114465328589885,Noisy (weight: 5)
2024-02-03,Dublin City,Wind,1503.83,1163.176068814611483801,340.653931185388516199,98.86996584924198775484568814611483801,28.95558415075802728345431185388516199,Failed (weight: 5)
2024-02-21,Dun Laoghaire-Rathdown,Wind,2349.93,1814.086697047761287745,535.843302952238712255,154.19736924905972759919197047761287745,45.54668075094029590010802952238712255,Active (weight: 90)
2024-06-23,Fingal,Wind,2619.56,2104.078343113457161724,515.481656886542838276,178.84665916464387978732343113457161724,43.81594083535614640827656886542838276,Failed (weight: 5)
2024-08-19,Dublin City,Solar,1152.13,873.436850432272354424,278.693149567727645576,74.24213228674315886040850432272354424,23.68891771325685266089149567727645576,Failed (weight: 5)
2024-07-16,South Dublin,Solar,1824.28,1414.860198050837215652,409.419801949162784348,120.26311683432117747902198050837215652,34.80068316567884076377801949162784348,Active (weight: 90)
2025-01-07,Fingal,Solar,3090.82,2640.837205146113617866,449.982794853886382134,224.47116243741968392698205146113617866,38.24853756258034698121794853886382134,Noisy (weight: 5)
2024-12-29,Fingal,Wind,1852.38,1454.191956151202873574,398.188043848797126426,123.60631627285225879570956151202873574,33.84598372714775972809043848797126426,Noisy (weight: 5)
2025-02-13,Dun Laoghaire-Rathdown,Wind,1572.93,1279.109425185451775745,293.820574814548224255,108.72430114076341372941925185451775745,24.97474885923660199988074814548224255,Active (weight: 90)
2025-05-05,Dublin City,Solar,2425.23,2284.39649112461407107,140.83350887538592893,194.1737017455922188849149112461407107,11.9708482544078053673850887538592893,Failed (weight: 5)
2025-01-23,South Dublin,Solar,2313.37,1746.476209933737326851,566.893790066262673149,148.45047784436769024709709933737326851,48.18597215563233288660290066262673149,Noisy (weight: 5)
2024-02-19,Dublin City,Wind,3235.39,2664.200297808486078809,571.189702191513921191,226.45702531372134334076797808486078809,48.55112468627868901313202191513921191,Failed (weight: 5)
2024-06-18,South Dublin,Wind,3622.1,2703.45316497218386675,918.64683502781613325,229.7935190226356557082816497218386675,78.0849809773643805127183502781613325,Failed (weight: 5)
2024-02-16,Dublin City,Wind,1943.86,1502.050707591166232898,441.809292408833767102,127.67431014524914481683707591166232898,37.55378985475087462176292408833767102,Failed (weight: 5)
2024-08-20,Fingal,Solar,2057.52,1565.440134482241410688,492.079865517758589312,133.06241143099053556288134482241410688,41.82678856900948501231865517758589312,Failed (weight: 5)
2024-05-18,Dun Laoghaire-Rathdown,Solar,1478.83,1415.846857544641760182,62.983142455358239818,120.34698289129456377393857544641760182,5.35356710870545101436142455358239818,Failed (weight: 5)
2024-09-05,Fingal,Solar,2119.67,1613.365059889950592841,506.304940110049407159,137.13603009064581652513559889950592841,43.03591990935420467156440110049407159,Failed (weight: 5)
2024-09-09,South Dublin,Wind,2050.09,1763.364324158464651344,286.725675841535348656,149.88596755346951299788324158464651344,24.37168244653050750301675841535348656,Failed (weight: 5)
2024-07-14,Dublin City,Solar,2486.31,1959.950422650342339546,526.359577349657660454,166.59578592527911846091422650342339546,44.74056407472090640218577349657660454,Failed (weight: 5)
2024-08-21,Dublin City,Solar,2586.49,1946.127311306059403063,640.362688693940596937,165.42082146101506872162811306059403063,54.43082853898495714327188693940596937,Failed (weight: 5)
2024-08-29,South Dublin,Solar,2731.68,2506.816874805613134912,224.863125194386865088,213.07943435847714153568874805613134912,19.11336564152288578111125194386865088,Active (weight: 90)
2025-01-14,Fingal,Wind,967.07,769.598522604266452773,197.471477395733547227,65.41587442136265618169022604266452773,16.78507557863735348900977395733547227,Noisy (weight: 5)
2024-05-15,South Dublin,Wind,3037.75,2661.756705101272644225,375.993294898727355775,226.24931993360820137669205101272644225,31.95943006639182900080794898727355775,Failed (weight: 5)
2024-08-12,Dun Laoghaire-Rathdown,Solar,1001.04,889.94028388318973412,111.09971611681026588,75.6449241300711362996028388318973412,9.4434758699288737107971611681026588,Noisy (weight: 5)
2024-02-09,Fingal,Solar,2134.51,1564.820983447128931363,569.689016552871068637,133.00978359300597481406483447128931363,48.42356640699404653103516552871068637,Noisy (weight: 5)
2025-01-04,Fingal,Solar,4177.07,3001.166676759028289316,1175.903323240971710684,255.09916752451743460352676759028289316,99.95178247548260716717323240971710684,Noisy (weight: 5)
2024-11-14,Dublin City,Solar,3467.61,3366.191323132291249065,101.418676867708750935,286.12626246624478983243823132291249065,8.62058753375524484366176867708750935,Failed (weight: 5)
2025-03-15,Fingal,Wind,1689.18,1242.938421127589458218,446.241578872410541782,105.64976579584511637791421127589458218,37.93053420415490051388578872410541782,Active (weight: 90)
2024-07-05,Fingal,Solar,2936.8,2591.40437980148062176,345.39562019851937824,220.2693722831258787636437980148062176,29.3586277168741506043562019851937824,Active (weight: 90)
2025-01-17,Fingal,Solar,3155.87,2965.029194652860996799,190.840805347139003201,252.02748154549321437820694652860996799,16.22146845450681718049305347139003201,Failed (weight: 5)
2024-07-14,Dublin City,Solar,2912.73,2294.672453891135640975,618.057546108864359025,195.04715858074655242959953891135640975,52.53489141925347669770046108864359025,Failed (weight: 5)
2024-11-23,South Dublin,Solar,4016.62,3023.757375841081309116,992.862624158918690884,257.01937694649194151243375841081309116,84.39332305350809865376624158918690884,Failed (weight: 5)
2025-05-02,Fingal,Solar,3370.32,3214.055891274959856888,156.264108725040143112,273.19475075837161997603891274959856888,13.28244924162841372716108725040143112,Noisy (weight: 5)
2025-06-21,Fingal,Solar,1087.73,1048.109463677809956892,39.620536322190043108,89.08930441261385681691463677809956892,3.36774558738615406038536322190043108,Noisy (weight: 5)
2024-08-01,Dublin City,Solar,2529.84,2272.59715451061627936,257.24284548938372064,193.1707581334024064715715451061627936,21.8656418665976188268284548938372064,Failed (weight: 5)
2025-02-13,Dun Laoghaire-Rathdown,Solar,2930.19,2540.330975239181855925,389.859024760818144075,215.92813289533048315693475239181855925,33.13801710466954614496524760818144075,Noisy (weight: 5)
2024-03-17,Dun Laoghaire-Rathdown,Wind,3832.21,3489.778690899918495572,342.431309100081504428,296.63118872649310702140690899918495572,29.10666127350693130069309100081504428,Failed (weight: 5)
2024-06-27,Dun Laoghaire-Rathdown,Solar,2508.27,2125.877921527534942056,382.392078472465057944,180.69962332984049133353921527534942056,32.50332667015953374916078472465057944,Noisy (weight: 5)
2024-10-13,Dun Laoghaire-Rathdown,Solar,2924.61,2778.679594476354068448,145.930405523645931552,236.18776553049012360487594476354068448,12.40408446950990564122405523645931552,Active (weight: 90)
2024-11-10,Fingal,Solar,3271.15,2862.09930621710498148,409.05069378289501852,243.2784410284539520467930621710498148,34.7693089715460806647069378289501852,Noisy (weight: 5)
2024-12-25,Dun Laoghaire-Rathdown,Wind,3509.26,3394.189582745717488636,115.070417254282511364,288.50611453338602047595582745717488636,9.78098546661401461664417254282511364,Active (weight: 90)
2024-10-25,Dublin City,Solar,2616.68,1859.12495242565021898,757.55504757434978102,158.0256209561802872045495242565021898,64.3921790438197389622504757434978102,Active (weight: 90)
2025-02-15,Dublin City,Wind,3590.67,3112.736694647846259351,477.933305352153740649,264.58261904506696317220194647846259351,40.62433095493307273449805352153740649,Active (weight: 90)
2024-01-25,Dublin City,Wind,1445.98,1027.178211793836965476,418.801788206163034524,87.31014800247615233724211793836965476,35.59815199752386212255788206163034524,Active (weight: 90)
2025-05-19,South Dublin,Wind,970.28,794.634392542072815412,175.645607457927184588,67.54392336607619725636392542072815412,14.92987663392381244643607457927184588,Noisy (weight: 5)
2025-05-03,South Dublin,Solar,2031.6,1466.21984191243631136,565.38015808756368864,124.6286865625571011277984191243631136,48.0573134374429191882015808756368864,Active (weight: 90)
2024-09-12,Dun Laoghaire-Rathdown,Wind,3471.06,2723.827673416535799534,747.232326583464200466,231.52535224040557019866673416535799534,63.51474775959446451193326583464200466,Noisy (weight: 5)
2025-06-12,Dun Laoghaire-Rathdown,Solar,2153.08,1757.371969939215200056,395.708030060784799944,149.37661744483330957847969939215200056,33.63518255516671195232030060784799944,Noisy (weight: 5)
2024-10-01,South Dublin,Wind,1966.47,1825.635604722101434449,140.834395277898565551,155.17902640137864018452104722101434449,11.97092359862137948017895277898565551,Active (weight: 90)
2024-10-27,Dublin City,Solar,2771.56,2053.003607125800034728,718.556392874199965272,174.50530660569302348191607125800034728,61.07729339430700423368392874199965272,Failed (weight: 5)
2025-04-04,Fingal,Solar,2056.03,1793.74999643230542796,262.28000356769457204,152.4687496967459793140999643230542796,22.2938003032540412462000356769457204,Active (weight: 90)
2024-09-10,South Dublin,Solar,3783.21,3452.194820859883647837,331.015179140116352163,293.43655977309014458809320859883647837,28.13629022690989324400679140116352163,Active (weight: 90)
2025-03-14,Dublin City,Wind,3155.39,2853.862206269812266592,301.527793730187733408,242.57828753293407119894206269812266592,25.62986246706596035495793730187733408,Active (weight: 90)
2024-09-16,Dublin City,Solar,1143.54,1088.633709559698550902,54.906290440301449098,92.53386531257438771300709559698550902,4.66703468742562372239290440301449098,Noisy (weight: 5)
2025-01-13,South Dublin,Wind,3793.54,3462.957909739750981362,330.582090260249018638,294.35142232787886804534909739750981362,28.09947767212116989005090260249018638,Noisy (weight: 5)
2024-09-20,Dun Laoghaire-Rathdown,Solar,3164.15,2335.97655391446546948,828.17344608553453052,198.5580070827295882655655391446546948,70.3947429172704433759344608553453052,Active (weight: 90)
2025-01-31,Fingal,Wind,3356.35,2601.52363525349337956,754.82636474650662044,221.1295089965469632778363525349337956,64.1602410034530702856636474650662044,Active (weight: 90)
2025-03-12,South Dublin,Solar,3099.81,2509.647504464417364054,590.162495535582635946,213.32003787947550104106504464417364054,50.16381212052452995703495535582635946,Active (weight: 90)
2024-07-09,Fingal,Solar,2376.35,1786.77385216017447442,589.57614783982552558,151.8757774336148481934385216017447442,50.1139725663851755700614783982552558,Noisy (weight: 5)
2024-06-08,Dublin City,Solar,4040.85,3588.07390122050139006,452.77609877949860994,304.9862816037426540358390122050139006,38.4859683962573863726609877949860994,Noisy (weight: 5)
2024-07-12,South Dublin,Wind,2538.74,1860.811226603500052448,677.928773396499947552,158.16895426129752306619226603500052448,57.62394573870250232120773396499947552,Noisy (weight: 5)
2024-10-31,South Dublin,Solar,2088.39,1690.808358250252811589,397.581641749747188411,143.71871045127150589314858250252811589,33.79443954872851499075141749747188411,Active (weight: 90)
2024-04-16,Dublin City,Wind,2530.24,2446.255884923892637632,83.984115076107362368,207.93175021853089866127884923892637632,7.13864978146912664112115076107362368,Failed (weight: 5)
2024-09-27,Fingal,Solar,851.38,605.916447492183557044,245.463552507816442956,51.50289803683560840790447492183557044,20.86440196316440010589552507816442956,Active (weight: 90)
2024-03-18,South Dublin,Solar,2165.27,1745.581153360470847376,419.688846639529152624,148.37439803564003948277153360470847376,35.67355196435998216992846639529152624,Failed (weight: 5)
2024-01-27,Dublin City,Solar,3306.0,2402.0121080754815412,903.9878919245184588,204.171029186415955022121080754815412,76.838970813584078037878919245184588,Failed (weight: 5)
2024-12-03,Dun Laoghaire-Rathdown,Wind,2750.77,2331.487804341298421863,419.282195658701578137,198.17646336901038917323304341298421863,35.63898663098963833446695658701578137,Noisy (weight: 5)
2025-06-05,Dublin City,Wind,3780.37,3537.360570088055101006,243.009429911944898994,300.67564845748471895911570088055101006,20.65580154251531884458429911944898994,Failed (weight: 5)
2025-06-02,Dublin City,Solar,1356.27,1177.9077366042274701,178.3622633957725299,100.122157611359346737577366042274701,15.160792388640666825122633957725299,Noisy (weight: 5)
2024-06-24,South Dublin,Solar,2537.42,1976.336620601229526294,561.083379398770473706,167.98861275110452949835620601229526294,47.69208724889549587584379398770473706,Active (weight: 90)
2025-05-22,Dublin City,Wind,2653.39,1859.214787278183450286,794.175212721816549714,158.03325691864561186645787278183450286,67.50489308135441466744212721816549714,Failed (weight: 5)
2025-03-08,Dun Laoghaire-Rathdown,Wind,2496.17,2104.608889662318580946,391.561110337681419054,178.89175562129710042649889662318580946,33.28269437870292453520110337681419054,Failed (weight: 5)
2024-06-17,Dun Laoghaire-Rathdown,Solar,824.94,709.589873407155125652,115.350126592844874348,60.31513923960819277631873407155125652,9.80476076039181547308126592844874348,Failed (weight: 5)
2024-11-03,Dublin City,Solar,1957.98,1397.505087988331321016,560.474912011668678984,118.78793247900817626141087988331321016,47.64036752099184331838912011668678984,Failed (weight: 5)
2024-06-02,South Dublin,Wind,2570.8,1984.67273260388592352,586.12726739611407648,168.6971822713303233459273260388592352,49.8208177286697023620726739611407648,Noisy (weight: 5)
2024-05-28,South Dublin,Wind,1069.51,1008.899206506404904652,60.610793493595095348,85.75643255304442698441206506404904652,5.15191744695558371068793493595095348,Failed (weight: 5)
2024-12-24,Dun Laoghaire-Rathdown,Solar,4116.26,3347.444927627415604758,768.815072372584395242,284.53281884833035987887927627415604758,65.34928115166968128372072372584395242,Active (weight: 90)
2024-07-16,Fingal,Solar,2393.42,2238.029926229160488618,155.390073770839511382,190.23254372947866391282926229160488618,13.20815627052136002137073770839511382,Noisy (weight: 5)
2024-05-10,Dun Laoghaire-Rathdown,Solar,3041.7,2289.3305053424741247,752.3694946575258753,194.593092954110323492805053424741247,63.951407045889706924194946575258753,Failed (weight: 5)
2024-02-07,Fingal,Wind,4107.33,2981.032128097906629582,1126.297871902093370418,253.38773088832209332479128097906629582,95.73531911167794774850871902093370418,Failed (weight: 5)
2025-05-31,Fingal,Wind,3563.39,3098.082331733186555264,465.307668266813444736,263.33699819732088817826331733186555264,39.55115180267914745563668266813444736,Failed (weight: 5)
2024-09-18,Dun Laoghaire-Rathdown,Solar,3643.41,2926.551341360800988688,716.858658639199011312,248.75686401566811330399341360800988688,60.93298598433192313010658639199011312,Active (weight: 90)
2024-06-24,Fingal,Wind,1626.46,1421.777538567402076764,204.682461432597923236,120.85109077822919074271538567402076764,17.39800922177082552188461432597923236,Failed (weight: 5)
2024-08-21,South Dublin,Solar,3057.18,2553.10168711662515346,504.07831288337484654,217.0136434049131635751168711662515346,42.8466565950868669966831288337484654,Noisy (weight: 5)
2024-11-19,Dublin City,Wind,3161.31,2604.908453275146778608,556.401546724853221392,221.41721852838750223076453275146778608,47.29413147161252938233546724853221392,Active (weight: 90)
2025-02-21,Dublin City,Wind,2491.23,2409.54832000094062725,81.68167999905937275,204.8116072000799774117332000094062725,6.9429427999200475005667999905937275,Noisy (weight: 5)
2024-08-29,Dublin City,Wind,1676.16,1553.270279778166607424,122.889720221833392576,132.02797378114417716374279778166607424,10.44562621885583959785720221833392576,Noisy (weight: 5)
2024-08-01,Fingal,Wind,4145.92,3483.596237045417112704,662.323762954582887296,296.10568014886048941580237045417112704,56.29751985113955204339762954582887296,Failed (weight: 5)
2024-04-16,South Dublin,Wind,3052.58,2670.351298896271034882,382.228701103728965118,226.97986040618306466848298896271034882,32.48943959381696585731701103728965118,Active (weight: 90)
2024-03-28,Dun Laoghaire-Rathdown,Solar,2302.76,1906.001761066945062604,396.758238933054937396,162.01014969069034938135761066945062604,33.72445030930967364624238933054937396,Noisy (weight: 5)
2025-01-11,Fingal,Wind,1403.43,1089.078669412070043441,314.351330587929956559,92.57168690002596458327169412070043441,26.71986309997404945102830587929956559,Noisy (weight: 5)
2024-02-10,South Dublin,Solar,1733.87,1304.557962219145249625,429.312037780854750375,110.88742678862735926370462219145249625,36.49152321137265807499537780854750375,Active (weight: 90)
2025-06-15,Fingal,Wind,1810.68,1735.727997653888644728,74.952002346111355272,147.53687980058055215915997653888644728,6.37092019941946594764002346111355272,Active (weight: 90)
2024-04-24,South Dublin,Solar,2101.33,1757.914808623898914066,343.415191376101085934,149.42275873303142527475808623898914066,29.19029126696859573854191376101085934,Failed (weight: 5)
2024-06-23,Fingal,Solar,1499.57,1146.679476351416174382,352.890523648583825618,97.46775548987038628926476351416174382,29.99569451012962870643523648583825618,Active (weight: 90)
2024-10-30,Dublin City,Solar,2964.99,2294.460063666980013168,670.529936333019986832,195.02910541169332406388063666980013168,56.99504458830670558601936333019986832,Failed (weight: 5)
2025-02-24,Dun Laoghaire-Rathdown,Wind,1648.1,1281.16496841402382333,366.93503158597617667,108.8990223151920377946996841402382333,31.1894776848079786863003158597617667,Active (weight: 90)
2024-10-08,Fingal,Solar,3606.34,2898.776556088108720246,707.563443911891279754,246.39600726748927020867556088108720246,60.14289273251076585472443911891279754,Noisy (weight: 5)
2024-09-08,Dublin City,Wind,1492.42,1213.05504418060142984,279.36495581939857016,103.1096787553511336669504418060142984,23.7460212446488812572495581939857016,Noisy (weight: 5)
2025-04-03,Dublin City,Solar,999.69,942.362086011029400711,57.327913988970599289,80.10077731093750848405586011029400711,4.87287268906250151284413988970599289,Noisy (weight: 5)
2024-07-21,South Dublin,Wind,986.02,859.400394742028468014,126.619605257971531986,73.04903355307242837519394742028468014,10.76266644692758148500605257971531986,Active (weight: 90)
2024-08-16,Dublin City,Wind,2655.9,1892.97274074719090787,762.92725925280909213,160.9026829635112460986774074719090787,64.8488170364887804603225925280909213,Failed (weight: 5)
2024-09-28,Dublin City,Wind,1777.45,1461.31185120461936138,316.13814879538063862,124.2115073523926603304185120461936138,26.8717426476073574440814879538063862,Failed (weight: 5)
2024-09-29,Fingal,Solar,4060.67,3295.434624527779173861,765.235375472220826139,280.11194308486126273253124527779173861,65.04500691513877787416875472220826139,Active (weight: 90)
2024-04-05,Dublin City,Solar,870.0,794.519239050005991,75.480760949994009,67.53413531925051718019239050005991,6.41586468074949151980760949994009,Failed (weight: 5)
2025-05-24,Fingal,Wind,4156.02,3119.5674734542725033,1036.4525265457274967,265.163235243613193976174734542725033,88.098464756386847584025265457274967,Noisy (weight: 5)
2024-05-28,Dun Laoghaire-Rathdown,Solar,2404.05,2057.32660371395937978,346.72339628604062022,174.8727613156865678545660371395937978,29.4714886843134561859339628604062022,Noisy (weight: 5)
2024-06-25,South Dublin,Solar,3919.25,2914.391543796688927275,1004.858456203311072725,247.72328122271858796229043796688927275,85.41296877728145123020956203311072725,Active (weight: 90)
2025-03-22,Dun Laoghaire-Rathdown,Wind,4074.95,2931.303016912187364095,1143.646983087812635905,249.16075643753595526110516912187364095,97.20999356246408548839483087812635905,Failed (weight: 5)
2024-01-10,South Dublin,Solar,1612.69,1498.551904781911093595,114.138095218088906405,127.37691190646245794109404781911093595,9.70173809353755818580595218088906405,Noisy (weight: 5)
2025-04-26,Dublin City,Solar,1167.75,980.615984291683480125,187.134015708316519875,83.35235866479310561678484291683480125,15.90639133520690606071515708316519875,Noisy (weight: 5)
2025-01-09,Dublin City,Solar,1419.34,1049.366302939827796872,369.973697060172203128,89.19613574988537322778302939827796872,31.44776425011464096561697060172203128,Noisy (weight: 5)
2024-05-18,South Dublin,Solar,1447.53,1385.690264030939127807,61.839735969060872193,117.78367244262983972049764030939127807,5.25637755737017475480235969060872193,Noisy (weight: 5)
2024-08-22,Dun Laoghaire-Rathdown,Wind,2682.53,1905.505645916595970435,777.024354083404029565,161.96797990291067654203145916595970435,66.04707009708935028326854083404029565,Noisy (weight: 5)
2024-04-26,Fingal,Solar,3719.89,3198.631898329745699204,521.258101670254300796,271.88371135802841641865898329745699204,44.30693864197162078024101670254300796,Noisy (weight: 5)
2024-09-29,Dun Laoghaire-Rathdown,Solar,2402.68,2229.30985838210312824,173.37014161789687176,189.4913379624787881934985838210312824,14.7364620375212358333014161789687176,Noisy (weight: 5)
2024-03-23,South Dublin,Solar,1748.66,1573.618976570331620712,175.041023429668379288,133.75761300847820349670976570331620712,14.87848699152181398989023429668379288,Active (weight: 90)
2024-08-05,Dublin City,Solar,1011.73,974.602054192033928695,37.127945807966071305,82.84117460632289368509554192033928695,3.15587539367711643220445807966071305,Active (weight: 90)
2025-02-27,South Dublin,Wind,2095.95,1877.797109044776180195,218.152890955223819805,159.61275426880599409454609044776180195,18.54299573119402686495390955223819805,Active (weight: 90)
2024-10-17,Dublin City,Solar,3978.9,3170.73325243250653668,808.16674756749346332,269.5123264567630873251325243250653668,68.6941735432369524638674756749346332,Active (weight: 90)
2024-10-03,Dun Laoghaire-Rathdown,Solar,1063.62,822.108768550521210684,241.511231449478789316,69.87924532679431112922768550521210684,20.52845467320569950697231449478789316,Noisy (weight: 5)
2024-04-10,South Dublin,Solar,1697.32,1420.814740557806247208,276.505259442193752792,120.76925294741354522082740557806247208,23.50294705258647175237259442193752792,Noisy (weight: 5)
2025-05-24,South Dublin,Solar,1631.79,1348.99473674313798417,282.79526325686201583,114.6645526231667421443973674313798417,24.0375973768332741735026325686201583,Active (weight: 90)
2025-05-11,Dun Laoghaire-Rathdown,Wind,2548.79,2124.464612898636247911,424.325387101363752089,180.57949209638410231708112898636247911,36.06765790361592317081887101363752089,Noisy (weight: 5)
2025-01-18,Fingal,Wind,3667.81,3449.271218352574221983,218.538781647425778017,293.18805355996884336126718352574221983,18.57579644003119331683281647425778017,Active (weight: 90)
2025-03-02,Dublin City,Solar,2174.34,1630.180481254911740826,544.159518745088259174,138.56534090666751427201481254911740826,46.25355909333250747138518745088259174,Noisy (weight: 5)
2024-09-05,Dublin City,Solar,1121.38,1013.29667512119978243,108.08332487880021757,86.1302173853019916395167512119978243,9.1870826146980195742832487880021757,Noisy (weight: 5)
2024-03-31,Dublin City,Solar,2273.18,1892.05781971128749372,381.12218028871250628,160.8249146754594558867781971128749372,32.3953853245405668450218028871250628,Failed (weight: 5)
2024-06-12,Dublin City,Wind,1401.63,1306.909377995913862095,94.720622004086137905,111.08729712965269134716877995913862095,8.05125287034732266913122004086137905,Failed (weight: 5)
2024-03-26,Dublin City,Solar,911.14,757.028302841381479144,154.111697158618520856,64.34740574151743329752302841381479144,13.09949425848257581387697158618520856,Active (weight: 90)
2024-07-27,Dublin City,Solar,1278.58,1177.659539180432788016,100.920460819567211984,100.10106083033679875795539180432788016,8.57823916966321402784460819567211984,Noisy (weight: 5)
2025-05-13,Dublin City,Solar,2250.46,2179.167182014956536952,71.292817985043463048,185.22921047127132743259182014956536952,6.05988952872869507200817985043463048,Failed (weight: 5)
2024-12-17,Fingal,Wind,2005.74,1543.51286188494778746,462.22713811505221254,131.1985932602205773692286188494778746,39.2893067397794426881713811505221254,Active (weight: 90)
2025-06-09,South Dublin,Solar,1164.04,1034.644680161082480408,129.395319838917519592,87.94479781369202118112680161082480408,10.99860218630799045927319838917519592,Failed (weight: 5)
2025-05-10,Dun Laoghaire-Rathdown,Wind,3352.37,3045.439485375248105088,306.930514624751894912,258.86235625689611938687485375248105088,26.08909374310391413682514624751894912,Noisy (weight: 5)
2025-03-27,Fingal,Solar,1635.19,1312.054606965065804307,323.135393034934195693,111.52464159203060648664106965065804307,27.46650840796940986525893034934195693,Failed (weight: 5)
2024-10-12,South Dublin,Wind,3072.71,2921.978649981588367989,150.731350018411632011,248.36818524843504049885149981588367989,12.81216475156499022824850018411632011,Failed (weight: 5)
2024-05-29,Dun Laoghaire-Rathdown,Wind,2243.67,1944.787212396661038549,298.882787603338961451,165.30691305371620772453712396661038549,25.40503694628381471216287603338961451,Active (weight: 90)
2024-07-14,Fingal,Wind,3119.87,2471.368390253741049617,648.501609746258950383,210.06631317156801393112890253741049617,55.12263682843201726757109746258950383,Active (weight: 90)
2024-11-15,Fingal,Solar,1810.17,1616.085560247658590888,194.084439752341409112,137.36727262105099638633560247658590888,16.49717737894902171536439752341409112,Failed (weight: 5)
2024-11-24,Dublin City,Wind,3543.85,2549.551356904099187255,994.298643095900812745,216.71186533684845641218856904099187255,84.51538466315157902631143095900812745,Failed (weight: 5)
2025-04-28,Fingal,Wind,1747.2,1280.09118082569429888,467.10881917430570112,108.8077503701840282057118082569429888,39.7042496298159892662881917430570112,Active (weight: 90)
2024-01-17,Fingal,Wind,1592.47,1200.037881108980369907,392.432118891019630093,102.00321989426334344247381108980369907,33.35673010573667248222618891019630093,Failed (weight: 5)
2025-06-10,South Dublin,Solar,3941.5,3423.44538790326720665,518.05461209673279335,290.9928579717777467997038790326720665,44.0346420282222926152961209673279335,Active (weight: 90)
2024-12-18,Dublin City,Solar,2822.19,2357.691546593134259235,464.498453406865740765,200.40378146041643561189046593134259235,39.48236853958359261000953406865740765,Noisy (weight: 5)
2024-08-14,Fingal,Wind,2174.4,1854.34005595004212176,320.05994404995787824,157.6189047557535988930005595004212176,27.2050952442464228509994404995787824,Failed (weight: 5)
2024-02-26,Fingal,Wind,3297.76,2739.051433480356706144,558.708566519643293856,232.81937184583034741275433480356706144,47.49022815416968556484566519643293856,Active (weight: 90)
2024-03-10,Dublin City,Solar,1744.38,1458.671205034373944284,285.708794965626055716,123.98705242792179985085205034373944284,24.28524757207821759294794965626055716,Active (weight: 90)
2024-02-18,Dun Laoghaire-Rathdown,Solar,2079.83,1595.340341508321276893,484.489658491678723107,135.60392902820732448930841508321276893,41.18162097179269630899158491678723107,Noisy (weight: 5)
2024-05-25,South Dublin,Wind,3519.55,3359.671595515575630475,159.878404484424369525,285.57208561882396218709095515575630475,13.58966438117607300840904484424369525,Active (weight: 90)
2025-05-25,Dublin City,Solar,2704.17,2480.557374121146080712,223.612625878853919288,210.84737680029744166609374121146080712,19.00707319970258537560625878853919288,Noisy (weight: 5)
2024-11-22,Fingal,Wind,1371.77,1248.616406890467711079,123.153593109532288921,106.13239458568976792787906890467711079,10.46805541431024578982093109532288921,Noisy (weight: 5)
2024-07-25,South Dublin,Solar,859.07,625.93038131840380501,233.13961868159619499,53.2040824120643296851538131840380501,19.8168675879356789055461868159619499,Failed (weight: 5)
2024-12-07,Fingal,Solar,3104.85,2889.24701841702313275,215.60298158297686725,245.5859965654469951762201841702313275,18.3262534345530358722798158297686725,Active (weight: 90)
2024-10-02,South Dublin,Wind,1761.67,1614.809430164508167016,146.860569835491832984,137.25880156398321034445430164508167016,12.48314843601680727224569835491832984,Failed (weight: 5)
2024-05-19,Fingal,Wind,3135.68,2594.122326961879563872,541.557673038120436128,220.50039779175978887034326961879563872,46.03240220824024248645673038120436128,Failed (weight: 5)
2024-11-29,Fingal,Wind,2259.23,1675.93859390367073481,583.29140609632926519,142.4547804818120292182359390367073481,49.5797695181879933740640609632926519,Failed (weight: 5)
2024-11-07,Fingal,Wind,2902.93,2746.817641311708497067,156.112358688291502933,233.47949951149524971887141311708497067,13.26955048850477931042858688291502933,Failed (weight: 5)
2025-05-12,Fingal,Solar,2924.1,2585.52825780107013246,338.57174219892986754,219.7699019130909871143825780107013246,28.7785980869090421266174219892986754,Noisy (weight: 5)
2025-03-15,Fingal,Solar,1389.32,1283.439577275195436568,105.880422724804563432,109.09236406839162494267577275195436568,8.99983593160838895052422724804563432,Noisy (weight: 5)
2025-01-30,Fingal,Wind,1148.53,1048.165775889837487994,100.364224110162512006,89.09409095063619696114775889837487994,8.53095904936381452415224110162512006,Active (weight: 90)
2024-03-04,Fingal,Wind,2959.36,2207.52018385701915648,751.83981614298084352,187.6392156278466503760018385701915648,63.9063843721533792175981614298084352,Active (weight: 90)
2024-02-02,South Dublin,Solar,1490.83,1425.489590865947771428,65.340409134052228572,121.16661522360557482627590865947771428,5.55393477639444008202409134052228572,Failed (weight: 5)
2025-06-23,Fingal,Wind,3654.04,3270.166632358209790752,383.873367641790209248,277.96416375044786491558632358209790752,32.62923624955217162481367641790209248,Noisy (weight: 5)
2024-12-29,Dun Laoghaire-Rathdown,Solar,2834.31,2550.372286410108128073,283.937713589891871927,216.78164434485921638992786410108128073,24.13470565514081195317213589891871927,Active (weight: 90)
2024-04-04,Dun Laoghaire-Rathdown,Solar,4080.49,3170.826848233763580917,909.663151766236419083,269.52028209986993608621348233763580917,77.32136790013010471868651766236419083,Active (weight: 90)
2025-02-27,Dublin City,Wind,2646.41,1892.647668803727624321,753.762331196272375679,160.87505184831686699376168803727624321,64.06979815168315947033831196272375679,Failed (weight: 5)
2024-08-16,Dublin City,Wind,1383.92,1164.121654637094064328,219.798345362905935672,98.95034064415300710909654637094064328,18.68285935584700673010345362905935672,Active (weight: 90)
2024-03-15,Dun Laoghaire-Rathdown,Wind,3004.34,2592.683935823584085126,411.656064176415914874,220.37813454500467316254935823584085126,34.99076545499535688085064176415914874,Noisy (weight: 5)
2025-06-22,Dun Laoghaire-Rathdown,Wind,3000.31,2557.098080247443813735,443.211919752556186265,217.35333682103274973845580247443813735,37.67301317896728026464419752556186265,Noisy (weight: 5)
2024-12-22,Fingal,Solar,2817.26,2109.027947553737834186,708.232052446262165814,179.26737554206773699608947553737834186,60.19972445793229117651052446262165814,Failed (weight: 5)
2024-02-29,Dun Laoghaire-Rathdown,Solar,2591.86,2293.18425747121959472,298.67574252878040528,194.9206618850536884830425747121959472,25.3874381149463374355574252878040528,Active (weight: 90)
2024-05-25,Dun Laoghaire-Rathdown,Solar,1822.13,1558.107158289728795403,264.022841710271204597,132.43910845462696319032658289728795403,22.44194154537305503097341710271204597,Noisy (weight: 5)
2025-01-07,Dublin City,Wind,1410.67,1075.65156210318698191,335.01843789681301809,91.4303827787709042188656210318698191,28.4765672212291098878343789681301809,Active (weight: 90)
2024-08-15,Dun Laoghaire-Rathdown,Wind,1831.63,1566.543334845588169107,265.086665154411830893,133.15618346187501003952834845588169107,22.53236653812500827677165154411830893,Failed (weight: 5)
2025-05-23,South Dublin,Wind,2876.56,2522.057229501268315552,354.502770498731684448,214.37486450760783204249229501268315552,30.13273549239219672310770498731684448,Active (weight: 90)
2025-04-27,South Dublin,Solar,936.02,807.024306303865459294,128.995693696134540706,68.59706603582857211023306303865459294,10.96463396417143724996693696134540706,Active (weight: 90)
2024-01-04,Fingal,Solar,1230.03,1169.34491670566389578,60.68508329433610422,99.3943179199814428347491670566389578,5.1582320800185694655508329433610422,Noisy (weight: 5)
2024-05-02,Fingal,Solar,1901.78,1426.268695084591494452,475.511304915408505548,121.23283908219029129110695084591494452,40.41846091780972772669304915408505548,Noisy (weight: 5)
2024-06-06,Dublin City,Wind,2598.2,2522.14510928253889246,76.05489071746110754,214.3823342890158310805510928253889246,6.4646657109841949014489071746110754,Failed (weight: 5)
2025-03-21,South Dublin,Wind,1884.54,1344.34168037304738666,540.19831962695261334,114.2690428317090413095168037304738666,45.9168571682909775358831962695261334,Noisy (weight: 5)
2025-02-24,Dun Laoghaire-Rathdown,Solar,2519.76,1856.008644918205580952,663.751355081794419048,157.76073481804749294100644918205580952,56.41886518195253225659355081794419048,Active (weight: 90)
2024-07-22,Dublin City,Solar,2936.46,2397.150975645053855142,539.309024354946144858,203.75783292982960165857975645053855142,45.84126707017042770602024354946144858,Noisy (weight: 5)
2024-04-19,Dublin City,Solar,3133.06,2288.167606883581151834,844.892393116418848166,194.49424658510442078756606883581151834,71.81585341489561054303393116418848166,Failed (weight: 5)
2024-10-30,South Dublin,Wind,2506.25,1927.84332774365866125,578.40667225634133875,163.8666828582110054846832774365866125,49.1645671417890195778167225634133875,Active (weight: 90)
2024-07-15,South Dublin,Solar,1555.14,1380.324697111675983792,174.815302888324016208,117.32759925449247242556697111675983792,14.85930074550754312583302888324016208,Failed (weight: 5)
2024-11-12,Fingal,Solar,1445.59,1275.067908450898485172,170.522091549101514828,108.38077221832638399029908450898485172,14.49437778167363046560091549101514828,Noisy (weight: 5)
2025-03-20,South Dublin,Wind,1698.94,1406.845672493914234222,292.094327506085765778,119.58188216198272397732672493914234222,24.82801783801729301207327506085765778,Active (weight: 90)
2025-03-04,Fingal,Solar,1619.56,1462.452208629839472976,157.107791370160527024,124.30843773353636982748208629839472976,13.35416226646364636811791370160527024,Noisy (weight: 5)
2025-03-19,Fingal,Wind,4092.81,3557.638215694469212725,535.171784305530787275,302.39924833402991865800715694469212725,45.48960166597012227009284305530787275,Active (weight: 90)
2025-05-24,Fingal,Wind,1966.71,1549.345826051523224718,417.364173948476775282,131.69439521437948959448826051523224718,35.47595478562053007261173948476775282,Noisy (weight: 5)
2025-04-12,Dublin City,Wind,2435.27,1882.08089085684246792,553.18910914315753208,159.9768757228316285940089085684246792,47.0210742771683957586910914315753208,Active (weight: 90)
2024-02-10,Fingal,Solar,1984.93,1611.243756053441095947,373.686243946558904053,136.95571926454250926793256053441095947,31.76333073545751058136743946558904053,Failed (weight: 5)
2024-05-05,South Dublin,Wind,2646.53,2013.197874359075669688,633.332125640924330312,171.12181932052145205545874359075669688,53.83323067947857440984125640924330312,Active (weight: 90)
2025-02-18,Fingal,Wind,2345.0,1755.983538965373942,589.016461034626058,149.25860081205680262983538965373942,50.06639918794322082016461034626058,Noisy (weight: 5)
2024-07-10,Dun Laoghaire-Rathdown,Solar,2028.33,1481.7700885480628958,546.5599114519371042,125.950457526585360960700885480628958,46.457592473414659322599114519371042,Active (weight: 90)
2024-05-18,Dun Laoghaire-Rathdown,Wind,2926.14,2831.251228326942749748,94.888771673057250252,240.65635440779016204109228326942749748,8.06554559220986722030771673057250252,Active (weight: 90)
2024-12-14,South Dublin,Wind,3161.86,2428.511163072106264984,733.348836927893735016,206.42344886112905680875163072106264984,62.33465113887097480984836927893735016,Failed (weight: 5)
2024-06-01,Dublin City,Solar,3388.8,2742.36228256268062944,646.43771743731937056,233.1007940178278809260228256268062944,54.9472059821721529619771743731937056,Failed (weight: 5)
2025-03-03,Fingal,Solar,3166.3,2965.72434957706998972,200.57565042293001028,252.0865697140509787834434957706998972,17.0489302859490528795565042293001028,Noisy (weight: 5)
2024-06-02,Dublin City,Wind,3753.17,2633.579304081524368559,1119.590695918475631441,223.85424084692959766330804081524368559,95.16520915307043986839195918475631441,Noisy (weight: 5)
2025-04-10,Fingal,Wind,3571.49,2830.869798405709604388,740.620201594290395612,240.62393286448534468167798405709604388,62.95271713551469103322201594290395612,Noisy (weight: 5)
2025-03-07,Dublin City,Solar,3489.67,3179.602308263178885367,310.067691736821114633,270.26619620237023705221808263178885367,26.35575379762979784448191736821114633,Failed (weight: 5)
2024-10-22,Dun Laoghaire-Rathdown,Solar,3272.57,2409.934072780125869789,862.635927219874130211,204.84439618631072303140572780125869789,73.32405381368930969429427219874130211,Noisy (weight: 5)
2024-03-05,Dun Laoghaire-Rathdown,Wind,1518.38,1215.425041551017358266,302.954958448982641734,103.31112853183648760686041551017358266,25.75117146816352757693958448982641734,Active (weight: 90)
2025-06-16,Fingal,Wind,3596.58,3111.042946489308850266,485.537053510691149734,264.43865045159128338303946489308850266,41.27064954840875258276053510691149734,Failed (weight: 5)
2024-01-02,South Dublin,Solar,2803.65,2093.759966960026753935,709.890033039973246065,177.96959719160229502207466960026753935,60.34065280839773301442533039973246065,Noisy (weight: 5)
2024-10-30,South Dublin,Solar,1342.52,1077.26821638994057136,265.25178361005942864,91.5677983931449593382821638994057136,22.5464016068550540869178361005942864,Active (weight: 90)
2025-05-11,Fingal,Solar,951.54,686.644191722680266762,264.895808277319733238,58.36475629642782954121191722680266762,22.51614370357217997418808277319733238,Failed (weight: 5)
2024-04-17,South Dublin,Solar,1796.66,1528.97635260162501809,267.68364739837498191,129.9629899711381418274135260162501809,22.7531100288618761391864739837498191,Active (weight: 90)
2025-03-19,Dublin City,Solar,3147.99,3040.000198381858418625,107.989801618141581375,258.40001686245799598312698381858418625,9.17913313754203549677301618141581375,Active (weight: 90)
2024-12-06,Fingal,Wind,963.95,910.359268103747999225,53.590731896252000775,77.38053778881858903771768103747999225,4.55521221118142060178231896252000775,Failed (weight: 5)
2025-04-28,Dublin City,Solar,1530.09,1467.140566982570532576,62.949433017429467424,124.70694819351850994036566982570532576,5.35070180648150536053433017429467424,Failed (weight: 5)
2024-11-19,Dun Laoghaire-Rathdown,Wind,2858.67,2310.186835274836854366,548.483164725163145634,196.36588099836115572297835274836854366,46.62106900163887286372164725163145634,Failed (weight: 5)
2024-08-01,Fingal,Solar,1545.3,1198.43131897773763983,346.86868102226236017,101.8666621131077113698631897773763983,29.4838378868923040831368102226236017,Failed (weight: 5)
2024-02-26,South Dublin,Wind,1123.21,975.833898266798048951,147.376101733201951049,82.94588135267784391917398266798048951,12.52696864732216731292601733201951049,Failed (weight: 5)
2025-03-21,Fingal,Solar,3844.55,3117.659090660324610715,726.890909339675389285,265.00102270612762308736590660324610715,61.78572729387241535813409339675389285,Noisy (weight: 5)
2024-01-03,South Dublin,Solar,1467.3,1434.65609223451499508,32.64390776548500492,121.9457678399337889283609223451499508,2.7747321600662257446390776548500492,Failed (weight: 5)
2025-01-26,Dublin City,Solar,1934.39,1733.910108228500550418,200.479891771499449582,147.38235919942256412463108228500550418,17.04079080057745521926891771499449582,Failed (weight: 5)
2024-07-26,Dublin City,Wind,1879.57,1464.571564809774180144,414.998435190225819856,124.48858300883081995795564809774180144,35.27486699116919883774435190225819856,Noisy (weight: 5)
2024-04-29,Dun Laoghaire-Rathdown,Wind,4125.21,3796.924771702413778833,328.285228297586221167,322.73860559470520917005271702413778833,27.90424440529483208204728297586221167,Failed (weight: 5)
2025-03-25,Dun Laoghaire-Rathdown,Wind,3514.23,3053.139050195804848311,461.090949804195151689,259.51681926664344263782550195804848311,39.19273073335659250447449804195151689,Failed (weight: 5)
2024-12-09,Dun Laoghaire-Rathdown,Wind,3034.13,2728.146959110922686469,305.983040889077313531,231.89249152442845563133459110922686469,26.00855847557157470996540889077313531,Active (weight: 90)
2025-05-23,Dun Laoghaire-Rathdown,Wind,1717.66,1612.437892686477225404,105.222107313522774596,137.05722087835058028371892686477225404,8.94387912164943689288107313522774596,Active (weight: 90)
2025-01-13,Fingal,Wind,2860.65,2080.41788275827357501,780.23211724172642499,176.8355200344532746800288275827357501,66.3197299655467539264711724172642499,Failed (weight: 5)
2025-04-07,Dun Laoghaire-Rathdown,Solar,2732.02,2187.826125535797985192,544.193874464202014808,185.96522067054285061958125535797985192,46.25647932945717670061874464202014808,Failed (weight: 5)
2024-07-18,South Dublin,Wind,2090.41,1726.283815279823672439,364.126184720176327561,146.73412429878502942015315279823672439,30.95072570121499148394684720176327561,Active (weight: 90)
2024-11-12,Fingal,Wind,1318.82,1012.947948062353845602,305.872051937646154398,86.10057558530008700564948062353845602,25.99912441469992618255051937646154398,Failed (weight: 5)
2025-01-23,Dun Laoghaire-Rathdown,Solar,2435.57,1869.612269239750388578,565.957730760249611422,158.91704288537880172525269239750388578,48.10640711462122263044730760249611422,Failed (weight: 5)
2024-12-27,Dun Laoghaire-Rathdown,Solar,4058.4,2882.98030094982227976,1175.41969905017772024,245.0533255807349226094030094982227976,99.9106744192651179745969905017772024,Failed (weight: 5)
2024-07-17,Fingal,Wind,1130.49,870.024006568617003072,260.465993431382996928,73.95204055833245396136006568617003072,22.13960944166755734353993431382996928,Failed (weight: 5)
2024-12-20,South Dublin,Wind,2128.71,1857.743013373848056385,270.966986626151943615,157.90815613677710337015513373848056385,23.03219386322291791694486626151943615,Failed (weight: 5)
2024-12-02,Dun Laoghaire-Rathdown,Wind,2135.51,1696.835583132690331058,438.674416867309668942,144.23102456627869510828583132690331058,37.28732543372132624681416867309668942,Active (weight: 90)
2024-03-09,Dublin City,Wind,2183.37,1841.921258635768842063,341.448741364231157937,156.56330698404036999456758635768842063,29.02314301595965183913241364231157937,Failed (weight: 5)
2025-04-20,Dublin City,Wind,4111.88,3407.416963746900616324,704.463036253099383676,289.63044191848658646170963746900616324,59.87935808151345465709036253099383676,Active (weight: 90)
2024-08-11,Dun Laoghaire-Rathdown,Solar,2297.21,2226.140687766299826795,71.069312233700173205,189.22195846013550753898187766299826795,6.04089153986451543311812233700173205,Failed (weight: 5)
2024-01-12,Fingal,Wind,3351.04,2693.255761347289521152,657.784238652710478848,228.92673971451963623047761347289521152,55.91166028548039727992238652710478848,Active (weight: 90)
2024-11-18,Fingal,Wind,4030.85,2945.43425260663417699,1085.41574739336582301,250.3619114715639344984925260663417699,92.2603385284361058100074739336582301,Failed (weight: 5)
2024-03-12,Dublin City,Solar,2381.14,2210.912713437574812098,170.227286562425187902,187.92758064219388113745713437574812098,14.46931935780614267394286562425187902,Noisy (weight: 5)
2024-01-31,Fingal,Wind,1043.49,809.99988303418115589,233.49011696581884411,68.8499900579054063506488303418115589,19.8466599420946040842511696581884411,Noisy (weight: 5)
2024-09-05,Dublin City,Wind,2873.84,2583.124229544603262896,290.715770455396737104,219.56555951129130317740229544603262896,24.71084048870872556099770455396737104,Failed (weight: 5)
2024-02-03,Fingal,Solar,3749.92,3569.401053043461837376,180.518946956538162624,303.39908950869429187097053043461837376,15.34411049130574562822946956538162624,Failed (weight: 5)
2025-06-03,Fingal,Solar,2026.88,1642.76049984516378336,384.11950015483621664,139.6346424868389380132049984516378336,32.6501575131610822555950015483621664,Failed (weight: 5)
2025-01-05,South Dublin,Solar,2316.91,1853.545387680568327077,463.364612319431672923,157.55135795284832633699887680568327077,39.38599204715169683210112319431672923,Failed (weight: 5)
2025-04-23,Dun Laoghaire-Rathdown,Wind,1070.54,884.577737758355848284,185.962262241644151716,75.18910770946025594991737758355848284,15.80679229053975475548262241644151716,Active (weight: 90)
2024-12-12,Fingal,Wind,2903.33,2814.242010885946598535,89.087989114053401465,239.21057092530548901789510885946598535,7.57247907469454001540489114053401465,Active (weight: 90)
2025-05-30,Fingal,Solar,1253.43,943.329888484243167285,310.100111515756832715,80.18304052116067865252388484243167285,26.35850947883933388177611515756832715,Active (weight: 90)
2025-06-09,Dun Laoghaire-Rathdown,Solar,1773.01,1506.356556204874323799,266.653443795125676201,128.04030727741433258648056204874323799,22.66554272258568514361943795125676201,Active (weight: 90)
2024-05-22,Fingal,Wind,821.75,802.2022399286217391,19.5477600713782609,68.187190393932855845522399286217391,1.661559606067152371977600713782609,Failed (weight: 5)
2025-03-20,Dublin City,Solar,3344.98,3073.112679497918624156,271.867320502081375844,261.21457775732311378438679497918624156,23.10872224267691966541320502081375844,Failed (weight: 5)
2024-02-25,Fingal,Solar,1850.88,1508.23886903096783232,342.64113096903216768,128.2003038676322808295886903096783232,29.1244961323677376792113096903216768,Active (weight: 90)
2024-12-12,South Dublin,Wind,3823.93,3733.519144869634207791,90.410855130365792209,317.34912731391894499742644869634207791,7.68492268608109324187355130365792209,Failed (weight: 5)
2024-06-30,Dun Laoghaire-Rathdown,Wind,981.15,959.259434104826679495,21.890565895173320505,81.53705189891027734966934104826679495,1.86069810108973246183065895173320505,Noisy (weight: 5)
2024-09-27,Dun Laoghaire-Rathdown,Solar,3053.2,2317.45778580177728668,735.74221419822271332,196.9839117931510925423778580177728668,62.5380882068489379896221419822271332,Active (weight: 90)
2024-01-11,Dublin City,Solar,1361.62,1252.924787348885791816,108.695212651114208184,106.49860692465530483360787348885791816,9.23909307534470878259212651114208184,Failed (weight: 5)
2025-04-17,Dublin City,Solar,1702.33,1620.12372503952725636,82.20627496047274364,137.7105166283598329918372503952725636,6.9875333716401840314627496047274364,Failed (weight: 5)
2025-02-28,Dun Laoghaire-Rathdown,Solar,2872.18,2051.347923022660461954,820.832076977339538046,174.36457345692615977956923022660461954,69.77072654307386894223076977339538046,Failed (weight: 5)
2025-04-05,Fingal,Wind,3043.54,2468.263531819154653642,575.276468180845346358,209.80240020462817024220531819154653642,48.89849979537186019319468180845346358,Noisy (weight: 5)
2024-05-25,South Dublin,Solar,2695.07,2218.721691198148122924,476.348308801851877076,188.59134375184261263575691198148122924,40.48960624815741431494308801851877076,Noisy (weight: 5)
2025-06-10,Dun Laoghaire-Rathdown,Solar,2883.52,2648.371569409617848768,235.148430590382151232,225.11158339981754362899569409617848768,19.98761660018248520620430590382151232,Active (weight: 90)
2025-04-24,Dublin City,Solar,2493.33,1959.066637399887680511,534.263362600112319489,166.52066417899047243410137399887680511,45.41238582100955249919862600112319489,Failed (weight: 5)
2024-06-10,Fingal,Solar,3006.62,2878.720712168459694326,127.899287831540305674,244.69126053431910280491712168459694326,10.87143946568092726128287831540305674,Noisy (weight: 5)
2024-04-21,South Dublin,Solar,2593.62,2534.187718880911067886,59.432281119088932114,215.40595610487746611218718880911067886,5.05174389512255982401281119088932114,Failed (weight: 5)
2024-07-31,South Dublin,Wind,1080.58,910.41947590845731121,170.16052409154268879,77.3856554522188805570447590845731121,14.4636445477811302487552409154268879,Active (weight: 90)
2024-05-14,South Dublin,Solar,1641.16,1274.17036806894220138,366.98963193105779862,108.3044812858600998590036806894220138,31.1941187141399165525963193105779862,Active (weight: 90)
2024-04-01,South Dublin,Wind,2390.61,1773.605722044788157063,617.004277955211842937,150.75648637380701108641222044788157063,52.44536362619301281968777955211842937,Noisy (weight: 5)
2025-01-28,South Dublin,Solar,1241.76,1140.086539446562524336,101.673460553437475664,96.90735585295782596942539446562524336,8.64224414704218644817460553437475664,Noisy (weight: 5)
2024-11-04,Dublin City,Solar,2224.97,1964.123685078256376642,260.846314921743623358,166.95051323165181165580685078256376642,22.17193676834821059389314921743623358,Active (weight: 90)
2025-04-14,Dublin City,Wind,2544.37,2098.495656092113426811,445.874343907886573189,178.37213076782966226389156092113426811,37.89931923217036317980843907886573189,Failed (weight: 5)
2024-10-04,Dublin City,Solar,2545.75,1917.8209458881621771,627.9290541118378229,163.014780400493804231709458881621771,53.373969599506221225790541118378229,Failed (weight: 5)
2024-10-08,Dun Laoghaire-Rathdown,Solar,824.89,645.888728927087912409,179.001271072912087591,54.90054195880247901365228927087912409,15.21510804119752923524771072912087591,Noisy (weight: 5)
2025-05-11,Dublin City,Wind,2086.38,2029.374059500193730066,57.005940499806269934,172.49679505751648734935059500193730066,4.84550494248353351444940499806269934,Failed (weight: 5)
2025-04-26,Dublin City,Wind,1866.81,1419.469494665337076269,447.340505334662923731,120.65490704655366567755994665337076269,38.02394295344635299054005334662923731,Noisy (weight: 5)
2024-12-10,Dublin City,Wind,1828.72,1732.644756157927110144,96.075243842072889856,147.27480427342382168868756157927110144,8.16639572657619659851243842072889856,Noisy (weight: 5)
2024-04-02,Dun Laoghaire-Rathdown,Wind,3312.39,3151.905775130175092292,160.484224869824907708,267.91199088606491436387775130175092292,13.64115911393511876002224869824907708,Failed (weight: 5)
2024-09-03,South Dublin,Wind,3772.26,2914.641875288425909824,857.618124711574090176,247.74455939951623148145875288425909824,72.89754060048380624114124711574090176,Failed (weight: 5)
2025-02-08,Dublin City,Solar,3892.5,3182.941922619493764,709.558077380506236,270.55006342265700176941922619493764,60.31243657734303715558077380506236,Noisy (weight: 5)
2024-07-23,Fingal,Solar,990.89,955.169250413156402715,35.720749586843597285,81.18938628511830378246750413156402715,3.03626371488170612643249586843597285,Failed (weight: 5)
2024-11-30,Fingal,Solar,3941.45,3848.283000123100184065,93.166999876899815935,327.10405501046355412835500123100184065,7.91919498953648528614499876899815935,Active (weight: 90)
2024-06-08,Fingal,Solar,3352.41,2687.257275786270564327,665.152724213729435673,228.41686844183302484036775786270564327,56.53798155816700868373224213729435673,Active (weight: 90)
2024-08-24,Dublin City,Wind,2833.07,2176.746883486662750514,656.323116513337249486,185.02348509636635556115883486662750514,55.78746490363367276954116513337249486,Failed (weight: 5)
2024-01-02,Fingal,Wind,1261.46,1034.399462854470856434,227.060537145529143566,87.92395434263003314088462854470856434,19.30014565736997947371537145529143566,Noisy (weight: 5)
2024-09-01,Fingal,Wind,911.96,673.44942805754832708,238.51057194245167292,57.2432013848916145362942805754832708,20.2733986151083945833057194245167292,Failed (weight: 5)
2024-11-07,South Dublin,Wind,2897.5,2532.09540544032823875,365.40459455967176125,215.2281094624279256147040544032823875,31.0593905375721033602959455967176125,Failed (weight: 5)
2025-03-25,Dun Laoghaire-Rathdown,Wind,2200.35,2124.914023444559366175,75.435976555440633825,180.61769199278756737401523444559366175,6.41205800721245462948476555440633825,Active (weight: 90)
2024-03-16,South Dublin,Solar,2631.01,2047.346334648094396451,583.663665351905603549,174.02443844508804417179834648094396451,49.61141155491198213830165351905603549,Failed (weight: 5)
2024-12-11,Dun Laoghaire-Rathdown,Solar,2160.5,1663.0551562455121872,497.4448437544878128,141.359688280868552542551562455121872,42.282811719131469062448437544878128,Active (weight: 90)
2025-01-25,South Dublin,Wind,3912.1,2747.02602367637995443,1165.07397632362004557,233.4972120124923235968102367637995443,99.0312879875077155241897632362004557,Active (weight: 90)
2024-12-22,Fingal,Solar,2220.37,1674.372580244759805894,545.997419755240194106,142.32166932080460024471580244759805894,46.40978067919542195898419755240194106,Noisy (weight: 5)
2024-06-23,Dun Laoghaire-Rathdown,Solar,4072.38,3373.711867176654370458,698.668132823345629542,286.76550871001565522604867176654370458,59.38679128998438549775132823345629542,Active (weight: 90)
2024-01-13,Fingal,Wind,2618.89,2517.193581579038619592,101.696418420961380408,213.96145443421830783725581579038619592,8.64419556578171835164418420961380408,Noisy (weight: 5)
2024-10-14,Fingal,Solar,1197.81,919.794945921032423052,278.015054078967576948,78.18257040328776515736945921032423052,23.63127959671224682073054078967576948,Active (weight: 90)
2024-08-24,Dun Laoghaire-Rathdown,Solar,2030.24,1849.365605282658920144,180.874394717341079856,157.19607644902602670589605282658920144,15.37432355097399359650394717341079856,Noisy (weight: 5)
2024-08-18,Dun Laoghaire-Rathdown,Wind,3118.78,2830.2057995628075148,288.5742004371924852,240.567492962838667060057995628075148,24.528807037161364127742004371924852,Failed (weight: 5)
2025-01-22,Dublin City,Wind,2948.93,2104.510334259691379483,844.419665740308620517,178.88337841207378830115834259691379483,71.77567158792624118814165740308620517,Active (weight: 90)
2024-05-28,Dublin City,Wind,2865.38,2683.16215004328128232,182.21784995671871768,228.0687827536789358288215004328128232,15.4885172463210928249784995671871768,Failed (weight: 5)
2024-02-09,Dun Laoghaire-Rathdown,Wind,4162.65,3236.13901322562803967,926.51098677437196033,275.0718161241784157333401322562803967,78.7534338758216258931598677437196033,Active (weight: 90)
2024-10-30,Fingal,Wind,3872.76,3025.538000137080528264,847.221999862919471736,257.17073001165187515782000137080528264,72.01386998834816356977999862919471736,Failed (weight: 5)
2024-04-20,Dublin City,Wind,2575.06,2457.868207020746380732,117.191792979253619268,208.91879759676346694090207020746380732,9.96130240323655880969792979253619268,Failed (weight: 5)
2024-10-20,Fingal,Solar,3002.28,2523.577857555005412828,478.702142444994587172,214.50411789217548532615857555005412828,40.68968210782454469664142444994587172,Active (weight: 90)
2024-04-27,Fingal,Wind,2398.63,1858.925662165113285328,539.704337834886714672,158.00868128403464784213662165113285328,45.87486871596537614416337834886714672,Noisy (weight: 5)
2024-09-09,Dun Laoghaire-Rathdown,Wind,1783.26,1563.327064520216826912,219.932935479783173088,132.88280048421844592079064520216826912,18.69429951578157191180935479783173088,Failed (weight: 5)
2025-02-04,Fingal,Solar,1986.92,1795.8266921980352188,191.0933078019647812,152.645268836833011556266921980352188,16.242931163167008312933078019647812,Noisy (weight: 5)
2024-01-30,Fingal,Wind,1633.41,1373.78618591825031561,259.62381408174968439,116.7718258030512905647118591825031561,22.0680241969487257693881408174968439,Active (weight: 90)
2024-03-16,South Dublin,Solar,2378.29,2090.597044504987190547,287.692955495012809453,177.70074878292393210246544504987190547,24.45390121707609168043455495012809453,Active (weight: 90)
2024-11-05,South Dublin,Solar,3721.57,3187.85365776273125117,533.71634223726874883,270.9675609098321882279865776273125117,45.3658890901678489877134223726874883,Active (weight: 90)
2025-02-08,Dun Laoghaire-Rathdown,Wind,3438.84,2900.66975582823859374,538.17024417176140626,246.5569292454003094745975582823859374,45.7444707545997249138024417176140626,Failed (weight: 5)
2024-07-28,Fingal,Solar,1384.59,1004.39356332024900042,380.19643667975099958,85.3734528822211750796356332024900042,32.3166971177788387662643667975099958,Active (weight: 90)
2024-12-10,Dun Laoghaire-Rathdown,Solar,1167.19,1045.375379359168376877,121.814620640831623123,88.85690724552932248829879359168376877,10.35424275447068918360120640831623123,Failed (weight: 5)
2024-01-09,Fingal,Wind,3809.13,3254.664649898523500808,554.465350101476499192,276.64649524137453011532649898523500808,47.12955475862550797597350101476499192,Active (weight: 90)
2024-01-27,Dublin City,Wind,1145.62,1080.319164363060739054,65.300835636939260946,91.82712897086017362278164363060739054,5.55057102913983783341835636939260946,Noisy (weight: 5)
2024-04-02,South Dublin,Wind,3545.2,2970.65999251109778828,574.54000748890221172,252.5060993634433417103999251109778828,48.8359006365566937416000748890221172,Failed (weight: 5)
2025-02-03,South Dublin,Solar,3404.27,3179.820910622867929701,224.449089377132070299,270.28477740294380582279410622867929701,19.07817259705622821990589377132070299,Noisy (weight: 5)
2024-09-22,Fingal,Wind,1904.39,1842.948607461748320994,61.441392538251679006,156.65063163424862571397607461748320994,5.22251836575139332992392538251679006,Failed (weight: 5)
2024-05-14,Dublin City,Wind,2882.79,2159.286762134856723885,723.503237865143276115,183.53937478146284312309262134856723885,61.49777521853718570480737865143276115,Active (weight: 90)
2025-03-06,Dun Laoghaire-Rathdown,Wind,3384.97,3295.689238843293552887,89.280761156706447113,280.13358530167998495228738843293552887,7.58886469832004889741261156706447113,Active (weight: 90)
2024-11-06,South Dublin,Wind,2803.07,2646.612538371050285578,156.457461628949714422,224.96206576153930074025538371050285578,13.29888423846072729044461628949714422,Failed (weight: 5)
2024-10-28,Dublin City,Solar,1563.31,1323.707346591464682757,239.602653408535317243,112.51512446027451127141846591464682757,20.36622553972550436168153408535317243,Active (weight: 90)
2024-10-07,Dun Laoghaire-Rathdown,Solar,1151.7,1098.60722696553234549,53.09277303446765451,93.3816142920702603527222696553234549,4.5128857079297511642777303446765451,Failed (weight: 5)
2025-06-21,Dublin City,Solar,865.29,668.550632733226461144,196.739367266773538856,56.82680378232425588274632733226461144,16.72284621767575277015367266773538856,Active (weight: 90)
2024-02-10,Fingal,Solar,1703.13,1542.151095903351397464,160.978904096648602536,131.08284315178488420595095903351397464,13.68320684821513282534904096648602536,Noisy (weight: 5)
2025-06-01,Dublin City,Wind,1686.31,1591.716452419601020203,94.593547580398979797,135.29589845566610263441952419601020203,8.04045154433391422868047580398979797,Noisy (weight: 5)
2024-01-23,Fingal,Solar,1494.85,1106.843453247502174575,388.006546752497825425,94.08169352603769590730953247502174575,32.98055647396231904119046752497825425,Noisy (weight: 5)
2024-07-08,Dublin City,Wind,3287.96,2979.174785166491542956,308.785214833508457044,253.22985673915181094300785166491542956,26.24674326084822193659214833508457044,Noisy (weight: 5)
2025-06-14,Dun Laoghaire-Rathdown,Wind,4125.14,3659.120263363150067388,466.019736636849932612,311.02522238586779231918263363150067388,39.61167761413224893221736636849932612,Failed (weight: 5)
2024-09-27,Fingal,Wind,3694.8,3064.28249655635958024,630.51750344364041976,260.4640122072905949632249655635958024,53.5939877927094419847750344364041976,Failed (weight: 5)
2024-01-26,Fingal,Solar,958.06,742.837664096927288456,215.222335903072711544,63.14120144823882694713664096927288456,18.29389855176118263346335903072711544,Failed (weight: 5)
2025-05-30,Dun Laoghaire-Rathdown,Solar,1603.87,1216.854562665209793784,387.015437334790206216,103.43263782654284464018562665209793784,32.89631217345717139851437334790206216,Active (weight: 90)
2024-02-29,Dublin City,Wind,2347.97,1702.072137111918769842,645.897862888081230158,144.67613165451311245729137111918769842,54.90131834548691102240862888081230158,Active (weight: 90)
2025-03-08,Fingal,Wind,4011.83,3791.073030515509917507,220.756969484490082493,322.24120759381838089882530515509917507,18.76434240618165921947469484490082493,Noisy (weight: 5)
2024-10-22,Dublin City,Solar,2744.45,2169.34933338710308616,575.10066661289691384,184.3946933379037840170933338710308616,48.8835566620962434274066661289691384,Active (weight: 90)
2025-06-15,South Dublin,Wind,1604.11,1546.252296669817139327,57.857703330182860673,131.43144521693447230531796669817139327,4.91790478306554373578203330182860673,Noisy (weight: 5)
2025-05-01,Fingal,Solar,3145.44,2886.150150806438051664,259.289849193561948336,245.32276281854726325294150806438051664,22.03963718145276820145849193561948336,Failed (weight: 5)
2024-04-16,Dun Laoghaire-Rathdown,Wind,2397.14,2040.723285247029092734,356.416714752970907266,173.46147924599749328962285247029092734,30.29542075400253068177714752970907266,Active (weight: 90)
2024-08-11,Dublin City,Wind,3306.99,3030.658154989807248573,276.331845010192751427,257.60594317413364643528654989807248573,23.48820682586638663461345010192751427,Active (weight: 90)
2025-03-23,Dublin City,Wind,3977.46,2960.995615536065581044,1016.464384463934418956,251.68462732056560399869615536065581044,86.39947267943443577590384463934418956,Noisy (weight: 5)
2025-01-12,Dun Laoghaire-Rathdown,Wind,1381.64,1314.146899365662332568,67.493100634337667432,111.70248644608131140974899365662332568,5.73691355391870240665100634337667432,Failed (weight: 5)
2024-07-13,Fingal,Solar,3364.87,2484.461888720739911985,880.408111279260088015,211.17926054126291736334388720739911985,74.83468945873711628535611279260088015,Noisy (weight: 5)
2024-12-17,Dun Laoghaire-Rathdown,Wind,3268.98,2313.26363081611161936,955.71636918388838064,196.6274086193695107782363081611161936,81.2358913806305219115636918388838064,Active (weight: 90)
2025-02-20,Fingal,Wind,2818.89,2038.984072898399856126,779.905927101600143874,173.31364619636400816055072898399856126,66.29200380363602002834927101600143874,Failed (weight: 5)
2024-06-27,Dun Laoghaire-Rathdown,Solar,3875.07,2884.320233379978674325,990.749766620021325675,245.16721983729821616082733379978674325,84.21373016270182258987266620021325675,Noisy (weight: 5)
2024-11-12,Dublin City,Wind,2848.09,2181.520292710139856769,666.569707289860143231,185.42922488036190964056792710139856769,56.65842511963811884033207289860143231,Active (weight: 90)
2024-07-20,Dun Laoghaire-Rathdown,Solar,894.09,852.328101513257430318,41.761898486742569682,72.44788862862689010031101513257430318,3.54976137137311884058898486742569682,Active (weight: 90)
2024-03-21,Fingal,Solar,4023.39,3792.020162795735231109,231.369837204264768891,322.32171383763753256446662795735231109,19.66643616236250766943337204264768891,Noisy (weight: 5)
2024-02-27,Dun Laoghaire-Rathdown,Wind,1103.36,773.362427018265743616,329.997572981734256384,65.73580629655259594098427018265743616,28.04979370344741509261572981734256384,Active (weight: 90)
2025-06-14,South Dublin,Wind,981.12,832.53265201368182592,148.58734798631817408,70.7652754211629635285265201368182592,12.6299245788370462826734798631817408,Active (weight: 90)
2024-11-14,Dublin City,Wind,2930.27,2193.140402284239955288,737.129597715760044712,186.41693419416041813088402284239955288,62.65601580583961117181597715760044712,Noisy (weight: 5)
2025-05-29,Fingal,Solar,1313.12,1113.16984295892558784,199.95015704107441216,94.6194366515086860980984295892558784,16.9957633484913270331015704107441216,Noisy (weight: 5)
2025-02-16,South Dublin,Wind,3034.67,2750.805162717219000225,283.864837282780999775,233.81843883096364252717662717219000225,24.12851116903638781952337282780999775,Noisy (weight: 5)
2024-12-01,Dun Laoghaire-Rathdown,Wind,3504.48,3140.15214012547731432,364.32785987452268568,266.9129319106656031187214012547731432,30.9678680893344319260785987452268568,Noisy (weight: 5)
2024-08-14,Fingal,Wind,917.44,744.202559510140192832,173.237440489859807168,63.25721755836192383274559510140192832,14.72518244163808534165440489859807168,Failed (weight: 5)
2025-06-27,Dublin City,Solar,2302.37,2145.950147458670401023,156.419852541329598977,182.40576253398700554645647458670401023,13.29568746601301747724352541329598977,Failed (weight: 5)
2024-01-16,South Dublin,Wind,2087.91,1521.828804427956543915,566.081195572043456085,129.35544837637632145106304427956543915,48.11690162362369942803695572043456085,Active (weight: 90)
2024-09-10,Dublin City,Solar,2456.65,1776.934297270080663645,679.715702729919336355,151.03941526795687417916797270080663645,57.77583473204315038733202729919336355,Active (weight: 90)
2024-08-09,Dun Laoghaire-Rathdown,Wind,1990.8,1696.07774249196331356,294.72225750803668644,144.1666081118168986133774249196331356,25.0513918881831212946225750803668644,Active (weight: 90)
